conference_code,conference,season,sport,team,player_name,class_year,position,uniform,games_played,games_started,hitting_stats_at_bats,hitting_stats_runs,hitting_stats_hits,hitting_stats_runs_batted_in,hitting_stats_doubles,hitting_stats_triples,hitting_stats_home_runs,hitting_stats_walks,hitting_stats_intentional_walks,hitting_stats_hit_by_pitch,hitting_stats_strikeouts,hitting_stats_strikeouts_looking,hitting_stats_stolen_bases,hitting_stats_caught_stealing,hitting_stats_sacrifice_hits,hitting_stats_sacrifice_flies,hitting_stats_reached_on_catchers_interference,hitting_stats_reached_on_error,hitting_stats_reached_on_fielders_choice,hitting_stats_grounded_into_doubleplay,hitting_stats_picked_off,hitting_stats_total_double_plays,hitting_stats_total_triple_plays,hitting_stats_onbase_percentage,hitting_stats_total_bases,hitting_stats_total_plate_appearances,hitting_stats_stolen_base_attempts,hitting_stats_stolen_base_percentage,hitting_stats_batting_average,hitting_stats_slugging_percentage,fielding_stats_putouts,fielding_stats_assists,fielding_stats_errors,fielding_stats_passed_balls,fielding_stats_catchers_interference,fielding_stats_stolen_bases_against,fielding_stats_caught_stealing_by,fielding_stats_involved_in_double_plays,fielding_stats_involved_in_triple_plays,fielding_stats_total_chances,fielding_stats_fielding_percentage,fielding_stats_stolen_bases_against_attempts,fielding_stats_stolen_bases_against_percentage,hitting_summary_stats_times_reached_base_on_error,hitting_summary_stats_times_reached_base_on_fielders_choice,hitting_summary_stats_times_grouded_out,hitting_summary_stats_times_flied_out,hitting_summary_stats_hits_ab_with_2_outs,hitting_summary_stats_batting_avg_with_2_outs,hitting_summary_stats_hits_with_2_outs,hitting_summary_stats_ab_with_2_outs,hitting_summary_stats_hits_ab_with_runners_on_base,hitting_summary_stats_batting_avg_with_runners_on_base,hitting_summary_stats_hits_with_runners_on_base,hitting_summary_stats_ab_with_runners_on_base,hitting_summary_stats_hits_ab_with_runners_in_scoring_position,hitting_summary_stats_batting_avg_with_runners_in_scoring_position,hitting_summary_stats_hits_with_runners_in_scoring_position,hitting_summary_stats_ab_with_runners_in_scoring_position,hitting_summary_stats_hits_ab_vs_left_handed_pitchers,hitting_summary_stats_batting_avg_vs_left_handed_pitchers,hitting_summary_stats_hits_vs_left_handed_pitchers,hitting_summary_stats_ab_vs_left_handed_pitchers,hitting_summary_stats_hits_ab_vs_right_handed_pitchers,hitting_summary_stats_batting_avg_vs_right_handed_pitchers,hitting_summary_stats_hits_vs_right_handed_pitchers,hitting_summary_stats_ab_vs_right_handed_pitchers,hitting_summary_stats_success_opps_as_leadoff_batter_in_inning,hitting_summary_stats_success_opps_to_drive_in_runner_from_3rd_with_less_than_2_outs,hitting_summary_stats_number_of_runners_advanced_ab,hitting_summary_stats_hits_ab_with_bases_loaded,hitting_summary_stats_batting_avg_with_bases_loaded,hitting_summary_stats_hits_with_bases_loaded,hitting_summary_stats_ab_with_bases_loaded,hitting_summary_stats_hits_ab_as_pinch_hitter,hitting_summary_stats_batting_avg_as_pinch_hitter,hitting_summary_stats_hits_as_pinch_hitter,hitting_summary_stats_ab_as_pinch_hitter,hitting_summary_stats_times_advanced_at_least_1_runner_with_an_out,hitting_summary_stats_runners_left_on_base,hitting_summary_stats_two_out_rbis,pitching_stats_hits_allowed,pitching_stats_appearances,pitching_stats_games_started,pitching_stats_wins,pitching_stats_losses,pitching_stats_saves,pitching_stats_complete_games,pitching_stats_shutouts,pitching_stats_credit_for_combined_shutout,pitching_stats_games_finished,pitching_stats_innings_pitched,pitching_stats_runs_allowed,pitching_stats_earned_runs_allowed,pitching_stats_walks_allowed,pitching_stats_strikeouts,pitching_stats_doubles_allowed,pitching_stats_triples_allowed,pitching_stats_home_runs_allowed,pitching_stats_earned_run_average,pitching_stats_opponents_at_bats,pitching_stats_batters_faced,pitching_stats_wild_pitches,pitching_stats_hit_batters,pitching_stats_balks,pitching_stats_sacrifice_flies_allowed,pitching_stats_sacrifice_hits_allowed,pitching_stats_catchers_interference_allowed,pitching_stats_intentional_walks,pitching_stats_strikeouts_looking,pitching_stats_opponent_batting_average,pitching_summary_stats_fly_outs_allowed,pitching_summary_stats_ground_outs_allowed,pitching_summary_stats_runners_picked_off,pitching_summary_stats_success_opps_vs_leadoff_batters,pitching_summary_stats_hits_ab_with_runners_on_base,pitching_summary_stats_hits_ab_vs_left_handed_batters,pitching_summary_stats_hits_ab_vs_right_handed_batters,pitching_summary_stats_hits_ab_with_2_outs,composite_score,rank,rating,global_rank
asc,American Southwest Conference (ASC),2025-26,softball,East Texas Baptist,Tristen Maddox,,,,48,48,160,57,62,55,19,3,16,23,0,8,16,3,23,3,0,0,0,0,0,0,0,1,0,0.487,135,191,26,0.885,0.388,0.844,71,99,5,0,0,0,0,7,0,175,0.971,0,0.0,4.0,4.0,20.0,57.0,"13,37",0.35,13.0,37.0,"29,82",0.35,29.0,82.0,"21,64",0.33,21.0,64.0,"3,24",0.13,3.0,24.0,0.0,0.0,0.0,0.0,"37,71","9,18","50,92",157,0.0,0.0,0.0,"0,1",0.0,0.0,1.0,4.0,23.0,0.0,,,,,,,,,,,,,,,,,,,,,,,,,,,,,,,,,,,,,,,10.632098532583273,1,99,5
asc,American Southwest Conference (ASC),2025-26,softball,East Texas Baptist,Tauryn Cummings,,,,48,48,134,27,42,41,7,1,12,24,0,6,12,3,5,0,0,0,0,0,0,0,0,1,0,0.439,87,164,5,1.0,0.313,0.649,28,84,4,0,0,0,0,4,0,116,0.966,0,0.0,3.0,7.0,39.0,37.0,"16,44",0.36,16.0,44.0,"27,81",0.33,27.0,81.0,"19,64",0.3,19.0,64.0,"4,14",0.29,4.0,14.0,0.0,0.0,0.0,0.0,"13,33","9,23","54,92",8,0.0,0.0,0.0,1,0.0,0.0,0.0,13.0,28.0,0.0,,,,,,,,,,,,,,,,,,,,,,,,,,,,,,,,,,,,,,,6.337530011307034,2,93,44
asc,American Southwest Conference (ASC),2025-26,softball,East Texas Baptist,Izabella Morales,,,,46,46,152,37,63,45,9,4,1,13,0,1,7,1,21,4,7,2,0,0,0,1,0,2,0,0.458,83,175,25,0.84,0.414,0.546,64,3,0,0,0,0,0,0,0,67,1.0,0,0.0,5.0,3.0,55.0,31.0,"22,47",0.47,22.0,47.0,"38,82",0.46,38.0,82.0,"33,71",0.46,33.0,71.0,"11,24",0.46,11.0,24.0,0.0,0.0,0.0,0.0,"9,19","10,16","57,93",182,0.0,0.0,0.0,0,0.0,0.0,0.0,21.0,27.0,0.0,,,,,,,,,,,,,,,,,,,,,,,,,,,,,,,,,,,,,,,5.16252245888651,3,91,101
asc,American Southwest Conference (ASC),2025-26,softball,Hardin-Simmons,Haley Henson,,,,42,42,141,56,68,21,7,7,2,22,0,1,12,3,20,1,4,1,0,0,0,0,0,2,0,0.552,95,169,21,0.952,0.482,0.674,48,2,0,0,0,0,0,1,0,50,1.0,0,0.0,4.0,0.0,23.0,39.0,"16,35",0.46,16.0,35.0,"29,55",0.53,29.0,55.0,"21,44",0.48,21.0,44.0,"8,18",0.44,8.0,18.0,0.0,0.0,0.0,0.0,"34,64","9,12","41,63",18,0.0,0.0,0.0,0,0.0,0.0,0.0,9.0,21.0,0.0,,,,,,,,,,,,,,,,,,,,,,,,,,,,,,,,,,,,,,,4.822418009166451,4,89,118
asc,American Southwest Conference (ASC),2025-26,softball,East Texas Baptist,Madalyn Melton,,,,45,40,109,29,37,37,9,1,5,15,0,3,4,2,7,1,2,3,0,0,0,0,0,1,0,0.423,63,132,8,0.875,0.339,0.578,31,18,0,0,0,5,1,0,0,49,1.0,6,0.833,3.0,6.0,22.0,47.0,"16,37",0.43,16.0,37.0,"23,62",0.37,23.0,62.0,"21,45",0.47,21.0,45.0,"6,15",0.4,6.0,15.0,0.0,0.0,0.0,0.0,"10,21","10,14","41,71",93,0.0,0.0,0.0,3,0.0,0.0,0.0,12.0,25.0,0.0,49.0,1.0,6.0,7.0,2.0,1.0,5.0,0.0,0.0,0.0,48.0,19.0,11.0,15.0,20.0,7.0,0.0,3.0,1.6,192.0,218.0,1.0,7.0,0.0,1.0,3.0,0.0,0.0,7.0,0.255,48.0,73.0,0.0,"2,6","4,16","4,11",0.0,"2,8",4.282363549400762,5,87,155
asc,American Southwest Conference (ASC),2025-26,softball,Hardin-Simmons,Emily Jacobs,,,,32,32,94,26,47,39,12,0,3,15,0,6,5,4,4,1,4,2,0,0,0,2,1,3,0,0.581,68,121,5,0.8,0.5,0.723,67,2,0,0,0,0,0,0,0,69,1.0,0,0.0,2.0,5.0,18.0,29.0,"14,29",0.48,14.0,29.0,"35,67",0.52,35.0,67.0,"27,46",0.59,27.0,46.0,"9,19",0.47,9.0,19.0,0.0,0.0,0.0,0.0,"6,11","13,19","49,75",201,0.0,0.0,0.0,0,0.0,0.0,0.0,9.0,14.0,0.0,,,,,,,,,,,,,,,,,,,,,,,,,,,,,,,,,,,,,,,3.843025713570752,6,86,239
asc,American Southwest Conference (ASC),2025-26,softball,Mary Hardin-Baylor,Bailey Frenzel,,,,39,39,108,12,38,30,6,0,7,17,0,0,7,3,1,0,2,0,0,0,0,0,0,0,0,0.44,65,127,1,1.0,0.352,0.602,153,10,2,0,0,0,0,12,0,165,0.988,0,0.0,4.0,4.0,21.0,39.0,"12,41",0.29,12.0,41.0,"26,67",0.39,26.0,67.0,"18,49",0.37,18.0,49.0,"3,6",0.5,3.0,6.0,0.0,0.0,0.0,0.0,"13,26","7,12","44,73",17,0.0,0.0,0.0,12,0.0,0.0,0.0,9.0,28.0,0.0,0.0,1.0,0.0,0.0,0.0,0.0,0.0,0.0,0.0,0.0,1.0,2.0,2.0,4.0,0.0,0.0,0.0,0.0,14.0,3.0,7.0,0.0,0.0,0.0,0.0,0.0,0.0,0.0,0.0,0.0,2.0,1.0,0.0,"1,1","0,3","0,1",0.0,"0,1",3.6115973140777657,7,85,225
asc,American Southwest Conference (ASC),2025-26,softball,Mary Hardin-Baylor,Tori Skinner,,,,38,38,115,22,44,31,7,2,3,3,0,6,5,0,11,1,1,4,0,0,0,0,1,1,0,0.414,64,129,12,0.917,0.383,0.557,124,29,5,3,0,25,12,1,0,158,0.968,37,0.676,3.0,3.0,22.0,46.0,"15,43",0.35,15.0,43.0,"23,65",0.35,23.0,65.0,"19,50",0.38,19.0,50.0,"4,7",0.57,4.0,7.0,0.0,0.0,0.0,0.0,"7,17","11,16","34,70",96,0.0,0.0,0.0,0,0.0,0.0,0.0,11.0,23.0,0.0,,,,,,,,,,,,,,,,,,,,,,,,,,,,,,,,,,,,,,,3.5178928162101557,8,83,276
asc,American Southwest Conference (ASC),2025-26,softball,Mary Hardin-Baylor,Lindsey Polleschultz,,,,38,38,120,29,46,13,5,3,1,19,0,1,4,1,30,4,2,0,0,0,0,0,0,0,0,0.471,60,142,34,0.882,0.383,0.5,67,70,3,0,0,0,0,8,0,140,0.979,0,0.0,4.0,2.0,50.0,18.0,"9,28",0.32,9.0,28.0,"19,51",0.37,19.0,51.0,"14,39",0.36,14.0,39.0,"1,6",0.17,1.0,6.0,0.0,0.0,0.0,0.0,"33,57","3,7","33,57",12,0.0,0.0,0.0,0,0.0,0.0,0.0,8.0,13.0,0.0,,,,,,,,,,,,,,,,,,,,,,,,,,,,,,,,,,,,,,,3.19672158093504,9,82,369
asc,American Southwest Conference (ASC),2025-26,softball,East Texas Baptist,Emma Bell,,,,44,44,131,37,51,20,10,2,1,16,0,7,4,2,11,1,4,0,0,0,0,0,0,3,0,0.481,68,158,12,0.917,0.389,0.519,49,21,2,0,0,0,0,3,0,72,0.972,0,0.0,7.0,7.0,41.0,31.0,"17,47",0.36,17.0,47.0,"28,78",0.36,28.0,78.0,"21,60",0.35,21.0,60.0,"7,19",0.37,7.0,19.0,0.0,0.0,0.0,0.0,"14,27","2,9","49,86",20,0.0,0.0,0.0,0,0.0,0.0,0.0,19.0,34.0,0.0,,,,,,,,,,,,,,,,,,,,,,,,,,,,,,,,,,,,,,,3.1227572856425265,10,81,406
asc,American Southwest Conference (ASC),2025-26,softball,Hardin-Simmons,Lindsey Ratcliffe,,,,42,42,131,19,48,28,15,3,4,6,0,2,14,7,4,0,2,5,0,0,0,0,0,0,0,0.389,81,146,4,1.0,0.366,0.618,98,4,0,0,0,0,0,0,0,102,1.0,0,0.0,4.0,4.0,22.0,49.0,"15,42",0.36,15.0,42.0,"25,71",0.35,25.0,71.0,"13,43",0.3,13.0,43.0,"13,22",0.59,13.0,22.0,0.0,0.0,0.0,0.0,"19,38","10,14","44,82",19,0.0,0.0,0.0,0,0.0,0.0,0.0,15.0,29.0,0.0,,,,,,,,,,,,,,,,,,,,,,,,,,,,,,,,,,,,,,,3.068854622456258,11,80,348
asc,American Southwest Conference (ASC),2025-26,softball,Hardin-Simmons,Ella Salinas,,,,41,41,141,21,49,39,8,4,1,7,0,2,10,4,1,0,5,2,0,0,0,0,0,2,0,0.382,68,157,1,1.0,0.348,0.482,219,11,0,0,0,0,0,11,0,230,1.0,0,0.0,3.0,7.0,35.0,49.0,"20,59",0.34,20.0,59.0,"33,91",0.36,33.0,91.0,"28,57",0.49,28.0,57.0,"7,19",0.37,7.0,19.0,0.0,0.0,0.0,0.0,"4,12","13,16","59,103",62,0.0,0.0,0.0,0,0.0,0.0,0.0,23.0,31.0,0.0,,,,,,,,,,,,,,,,,,,,,,,,,,,,,,,,,,,,,,,2.827355944431852,12,80,468
asc,American Southwest Conference (ASC),2025-26,softball,Hardin-Simmons,Grace Thompson,,,,41,40,100,27,31,28,5,1,2,10,0,2,20,5,21,1,5,3,0,0,0,0,0,1,0,0.374,44,120,22,0.955,0.31,0.44,77,56,3,0,0,0,0,6,0,136,0.978,0,0.0,4.0,7.0,22.0,31.0,"14,43",0.33,14.0,43.0,"24,62",0.39,24.0,62.0,"17,44",0.39,17.0,44.0,"2,12",0.17,2.0,12.0,0.0,0.0,0.0,0.0,"7,22","10,14","46,76",17,0.0,0.0,0.0,0,0.0,0.0,0.0,15.0,24.0,0.0,,,,,,,,,,,,,,,,,,,,,,,,,,,,,,,,,,,,,,,2.734063451464269,13,79,419
asc,American Southwest Conference (ASC),2025-26,softball,East Texas Baptist,Ava Rodriguez,,,,40,27,75,12,19,24,2,0,6,21,0,3,8,5,1,0,0,0,0,0,0,0,0,1,0,0.434,39,99,1,1.0,0.253,0.52,136,0,4,0,0,0,0,4,0,140,0.971,0,0.0,2.0,5.0,19.0,27.0,"7,28",0.25,7.0,28.0,"12,45",0.27,12.0,45.0,"10,34",0.29,10.0,34.0,"2,5",0.4,2.0,5.0,0.0,0.0,0.0,0.0,"7,18","5,8","28,58",85,0.0,0.0,0.0,115,0.0,0.0,0.0,2.0,24.0,0.0,,,,,,,,,,,,,,,,,,,,,,,,,,,,,,,,,,,,,,,2.329168308001229,14,78,506
asc,American Southwest Conference (ASC),2025-26,softball,East Texas Baptist,M. Frances,,,,43,41,91,34,31,10,0,0,0,15,0,5,2,0,22,3,2,0,0,0,0,0,0,0,0,0.459,31,113,25,0.88,0.341,0.341,51,3,3,0,0,0,0,1,0,57,0.947,0,0.0,9.0,3.0,35.0,16.0,"9,32",0.28,9.0,32.0,"17,52",0.33,17.0,52.0,"13,38",0.34,13.0,38.0,"2,13",0.15,2.0,13.0,0.0,0.0,0.0,0.0,"7,16","8,14","32,58",74,0.0,0.0,0.0,0,0.0,0.0,0.0,5.0,22.0,0.0,,,,,,,,,,,,,,,,,,,,,,,,,,,,,,,,,,,,,,,2.1077811715582233,15,77,708
asc,American Southwest Conference (ASC),2025-26,softball,Howard Payne,Elise Munoz,,,,45,45,128,32,54,10,6,5,0,25,0,4,13,7,13,4,1,0,0,0,0,0,0,1,0,0.529,70,158,17,0.765,0.422,0.547,115,14,5,9,0,10,4,2,0,134,0.963,14,0.714,5.0,1.0,26.0,26.0,"10,20",0.5,10.0,20.0,"19,37",0.51,19.0,37.0,"8,19",0.42,8.0,19.0,"10,14",0.71,10.0,14.0,0.0,0.0,0.0,0.0,"33,65","3,5","29,44","1,1",1.0,1.0,1.0,0,0.0,0.0,0.0,3.0,12.0,0.0,0.0,0.0,0.0,0.0,0.0,0.0,0.0,0.0,0.0,0.0,0.0,0.0,0.0,0.0,0.0,0.0,0.0,0.0,0.0,0.0,0.0,0.0,0.0,0.0,0.0,0.0,0.0,0.0,0.0,0.0,,,,,,,,,2.0210534324242615,16,76,734
asc,American Southwest Conference (ASC),2025-26,softball,East Texas Baptist,Katelynn Jones,,,,45,27,63,25,28,16,3,3,0,14,0,1,6,1,24,2,7,1,0,0,0,0,0,1,0,0.544,37,86,26,0.923,0.444,0.587,30,18,5,0,0,0,0,3,0,53,0.906,0,0.0,0.0,1.0,18.0,19.0,"7,23",0.3,7.0,23.0,"19,37",0.51,19.0,37.0,"15,28",0.54,15.0,28.0,"0,2",0.0,0.0,2.0,0.0,0.0,0.0,0.0,"8,15","8,9","32,50",141,0.0,0.0,0.0,1,0.0,0.0,0.0,15.0,21.0,0.0,,,,,,,,,,,,,,,,,,,,,,,,,,,,,,,,,,,,,,,1.965800363292889,17,76,743
asc,American Southwest Conference (ASC),2025-26,softball,Mary Hardin-Baylor,Bryton Wright,,,,34,33,95,7,28,24,5,0,5,3,0,2,14,0,0,0,2,1,0,0,0,1,0,1,0,0.327,48,103,0,0.0,0.295,0.505,14,4,1,0,0,1,1,1,0,19,0.947,2,0.5,0.0,5.0,19.0,37.0,"8,33",0.24,8.0,33.0,"19,58",0.33,19.0,58.0,"10,37",0.27,10.0,37.0,"0,6",0.0,0.0,6.0,0.0,0.0,0.0,0.0,"6,18","5,10","27,62",0,0.0,0.0,0.0,8,0.0,0.0,0.0,8.0,23.0,0.0,23.0,1.0,1.0,1.0,1.0,0.0,0.0,0.0,0.0,0.0,19.1,15.0,13.0,11.0,15.0,4.0,0.0,3.0,4.71,73.0,97.0,0.0,7.0,0.0,1.0,5.0,0.0,0.0,2.0,0.315,19.0,18.0,0.0,"2,2","2,2","1,1",0.0,"2,2",1.9079539034867703,18,75,644
asc,American Southwest Conference (ASC),2025-26,softball,Hardin-Simmons,Madi Hubbard,,,,42,42,132,18,46,21,7,0,0,5,0,0,8,2,7,2,6,2,0,0,0,0,0,1,0,0.367,53,145,9,0.778,0.348,0.402,49,57,4,0,0,0,0,2,0,110,0.964,0,0.0,4.0,7.0,31.0,50.0,"14,42",0.33,14.0,42.0,"27,77",0.35,27.0,77.0,"20,55",0.36,20.0,55.0,"3,18",0.17,3.0,18.0,0.0,0.0,0.0,0.0,"10,25","7,15","45,85",52,0.0,0.0,0.0,0,0.0,0.0,0.0,10.0,32.0,0.0,,,,,,,,,,,,,,,,,,,,,,,,,,,,,,,,,,,,,,,1.7436110882211489,19,74,875
asc,American Southwest Conference (ASC),2025-26,softball,Hardin-Simmons,Jazlynn Cantu,,,,42,42,106,25,39,22,11,1,1,14,0,3,17,3,3,1,5,2,0,0,0,0,0,0,0,0.448,55,130,4,0.75,0.368,0.519,71,77,14,0,0,0,0,7,0,162,0.914,0,0.0,1.0,3.0,13.0,42.0,"15,44",0.34,15.0,44.0,"23,68",0.34,23.0,68.0,"18,55",0.33,18.0,55.0,"2,14",0.14,2.0,14.0,0.0,0.0,0.0,0.0,"8,13","9,17","34,78",48,0.0,0.0,0.0,0,0.0,0.0,0.0,11.0,34.0,0.0,,,,,,,,,,,,,,,,,,,,,,,,,,,,,,,,,,,,,,,1.6043206410792663,20,73,872
asc,American Southwest Conference (ASC),2025-26,softball,Howard Payne,Annie-klein Allgood,,,,40,38,113,20,39,17,9,1,3,6,0,1,22,2,1,0,0,3,0,0,0,0,0,1,0,0.374,59,123,1,1.0,0.345,0.522,109,38,10,0,0,12,0,4,0,157,0.936,12,1.0,6.0,5.0,25.0,18.0,"8,32",0.25,8.0,32.0,"18,59",0.31,18.0,59.0,"12,41",0.29,12.0,41.0,"8,14",0.57,8.0,14.0,0.0,0.0,0.0,0.0,"7,14","6,9","31,63",1,0.0,0.0,0.0,"1,1",1.0,1.0,1.0,9.0,21.0,0.0,44.0,1.0,2.0,0.0,3.0,0.0,0.0,0.0,0.0,0.0,23.2,32.0,27.0,11.0,2.0,8.0,1.0,2.0,7.99,112.0,129.0,2.0,0.0,0.0,3.0,3.0,0.0,0.0,1.0,0.393,24.0,41.0,0.0,"5,8","10,26","7,14",0.0,"10,30",1.5204395556946666,21,73,833
asc,American Southwest Conference (ASC),2025-26,softball,Hardin-Simmons,Caitlin Clem,,,,34,23,67,9,22,20,2,1,4,13,0,8,12,4,0,0,1,0,0,0,0,1,0,1,0,0.489,38,89,0,0.0,0.328,0.567,3,0,0,0,0,0,0,0,0,3,1.0,0,0.0,1.0,3.0,13.0,19.0,"6,25",0.24,6.0,25.0,"15,43",0.35,15.0,43.0,"11,29",0.38,11.0,29.0,"6,17",0.35,6.0,17.0,0.0,0.0,0.0,0.0,"14,24","6,10","26,50",14,0.0,0.0,0.0,16,0.0,0.0,0.0,7.0,19.0,0.0,,,,,,,,,,,,,,,,,,,,,,,,,,,,,,,,,,,,,,,1.3351946760362137,22,72,927
asc,American Southwest Conference (ASC),2025-26,softball,East Texas Baptist,Haylie Stum,,,,42,35,106,7,34,17,6,0,2,10,0,3,5,1,0,0,0,0,0,0,0,0,0,0,0,0.395,46,119,0,0.0,0.321,0.434,0,0,0,0,0,0,0,0,0,0,0.0,0,0.0,5.0,5.0,23.0,39.0,"14,44",0.32,14.0,44.0,"23,63",0.37,23.0,63.0,"14,46",0.3,14.0,46.0,"6,15",0.4,6.0,15.0,0.0,0.0,0.0,0.0,"4,12","3,12","35,69",30,0.0,0.0,0.0,157,0.0,0.0,0.0,1.0,18.0,0.0,,,,,,,,,,,,,,,,,,,,,,,,,,,,,,,,,,,,,,,1.1533566648083189,23,71,1143
asc,American Southwest Conference (ASC),2025-26,softball,East Texas Baptist,Mallory Pyle,,,,46,33,75,16,20,15,8,0,2,6,0,6,8,3,5,2,6,1,0,0,0,0,0,0,0,0.364,34,94,7,0.714,0.267,0.453,155,18,1,3,0,11,7,0,0,174,0.994,18,0.611,1.0,0.0,21.0,31.0,"6,25",0.24,6.0,25.0,"12,38",0.32,12.0,38.0,"8,27",0.3,8.0,27.0,"2,13",0.15,2.0,13.0,0.0,0.0,0.0,0.0,"7,20","5,8","22,49",25,0.0,0.0,0.0,0,0.0,0.0,0.0,8.0,19.0,0.0,,,,,,,,,,,,,,,,,,,,,,,,,,,,,,,,,,,,,,,1.009088305884007,24,71,1194
asc,American Southwest Conference (ASC),2025-26,softball,Howard Payne,Mckeanne Saenz,,,,46,46,118,16,43,17,5,1,0,15,0,7,11,5,0,0,1,2,0,0,0,0,0,1,0,0.458,50,143,0,0.0,0.364,0.424,60,87,10,0,0,0,0,2,0,157,0.936,0,0.0,2.0,4.0,23.0,38.0,"6,29",0.21,6.0,29.0,"21,62",0.34,21.0,62.0,"10,32",0.31,10.0,32.0,"7,14",0.5,7.0,14.0,0.0,0.0,0.0,0.0,"11,27","8,14","37,72",37,0.0,0.0,0.0,0,0.0,0.0,0.0,6.0,28.0,0.0,0.0,0.0,0.0,0.0,0.0,0.0,0.0,0.0,0.0,0.0,0.0,0.0,0.0,0.0,0.0,0.0,0.0,0.0,0.0,0.0,0.0,0.0,0.0,0.0,0.0,0.0,0.0,0.0,0.0,0.0,,,,,,,,,0.9464539502387896,25,70,1315
asc,American Southwest Conference (ASC),2025-26,softball,Hardin-Simmons,Kristen McMillan,,,,36,34,70,18,20,14,5,0,1,11,0,0,6,2,8,2,4,2,0,0,0,1,0,1,0,0.373,28,87,10,0.8,0.286,0.4,110,19,2,2,0,32,11,3,0,131,0.985,43,0.744,0.0,1.0,22.0,28.0,"8,22",0.36,8.0,22.0,"11,33",0.33,11.0,33.0,"10,29",0.34,10.0,29.0,"3,15",0.2,3.0,15.0,0.0,0.0,0.0,0.0,"7,20","5,7","23,41",9,0.0,0.0,0.0,0,0.0,0.0,0.0,13.0,17.0,0.0,,,,,,,,,,,,,,,,,,,,,,,,,,,,,,,,,,,,,,,0.9289903229180044,26,70,1277
asc,American Southwest Conference (ASC),2025-26,softball,Mary Hardin-Baylor,Shorey Nguyen,,,,39,39,107,22,32,7,0,1,0,5,0,0,8,1,12,3,5,0,0,0,0,0,0,1,0,0.33,34,117,15,0.8,0.299,0.318,75,8,0,0,0,0,0,2,0,83,1.0,0,0.0,6.0,5.0,49.0,18.0,"13,32",0.41,13.0,32.0,"20,62",0.32,20.0,62.0,"14,43",0.33,14.0,43.0,"2,8",0.25,2.0,8.0,0.0,0.0,0.0,0.0,"6,18","2,5","44,69",12,0.0,0.0,0.0,0,0.0,0.0,0.0,19.0,17.0,0.0,,,,,,,,,,,,,,,,,,,,,,,,,,,,,,,,,,,,,,,0.9189824132681812,27,69,1311
asc,American Southwest Conference (ASC),2025-26,softball,Mary Hardin-Baylor,Taylor Henken,,,,38,38,89,19,27,9,4,0,0,14,0,0,12,2,13,0,4,0,0,0,0,0,0,0,0,0.398,31,107,13,1.0,0.303,0.348,84,7,1,0,0,0,0,0,0,92,0.989,0,0.0,3.0,1.0,28.0,22.0,"10,26",0.38,10.0,26.0,"14,43",0.33,14.0,43.0,"11,34",0.32,11.0,34.0,"1,5",0.2,1.0,5.0,0.0,0.0,0.0,0.0,"5,16","4,7","32,52",6,0.0,0.0,0.0,0,0.0,0.0,0.0,13.0,17.0,0.0,,,,,,,,,,,,,,,,,,,,,,,,,,,,,,,,,,,,,,,0.660703142460948,28,68,1454
asc,American Southwest Conference (ASC),2025-26,softball,East Texas Baptist,Makayla Menchue,,,,42,25,57,17,17,9,5,0,2,9,0,2,7,0,3,0,3,0,0,0,0,0,0,1,0,0.412,28,71,3,1.0,0.298,0.491,198,4,2,0,0,0,0,12,0,204,0.99,0,0.0,2.0,0.0,15.0,18.0,"6,25",0.24,6.0,25.0,"7,30",0.23,7.0,30.0,"4,21",0.19,4.0,21.0,"2,11",0.18,2.0,11.0,0.0,0.0,0.0,0.0,"9,15","0,4","19,37","0,1",0.0,0.0,1.0,0,0.0,0.0,0.0,7.0,21.0,0.0,,,,,,,,,,,,,,,,,,,,,,,,,,,,,,,,,,,,,,,0.577126336484472,29,68,1473
asc,American Southwest Conference (ASC),2025-26,softball,Hardin-Simmons,Ava Dennis,,,,34,16,60,21,19,6,0,0,0,10,0,0,3,1,10,1,4,0,0,0,0,0,0,0,0,0.414,19,74,11,0.909,0.317,0.317,15,0,1,0,0,0,0,0,0,16,0.938,0,0.0,4.0,2.0,18.0,18.0,"4,12",0.33,4.0,12.0,"11,25",0.44,11.0,25.0,"8,17",0.47,8.0,17.0,"1,2",0.5,1.0,2.0,0.0,0.0,0.0,0.0,"10,18","2,4","20,29",0,0.0,0.0,0.0,81,0.0,0.0,0.0,6.0,4.0,0.0,,,,,,,,,,,,,,,,,,,,,,,,,,,,,,,,,,,,,,,0.47854692324001213,30,67,1712
asc,American Southwest Conference (ASC),2025-26,softball,Howard Payne,Ashley Blaylock,,,,43,41,111,13,29,18,8,1,1,7,0,2,21,6,0,1,2,1,0,0,0,0,1,0,0,0.314,42,123,1,0.0,0.261,0.378,72,3,3,0,0,0,0,0,0,78,0.962,0,0.0,2.0,5.0,28.0,31.0,"9,31",0.29,9.0,31.0,"12,54",0.22,12.0,54.0,"8,34",0.24,8.0,34.0,"2,12",0.17,2.0,12.0,0.0,0.0,0.0,0.0,"8,20","4,7","31,64",15,0.0,0.0,0.0,0,0.0,0.0,0.0,8.0,26.0,0.0,0.0,0.0,0.0,0.0,0.0,0.0,0.0,0.0,0.0,0.0,0.0,0.0,0.0,0.0,0.0,0.0,0.0,0.0,0.0,0.0,0.0,0.0,0.0,0.0,0.0,0.0,0.0,0.0,0.0,0.0,,,,,,,,,0.3845074667089541,31,67,1627
asc,American Southwest Conference (ASC),2025-26,softball,Howard Payne,Makayla Wesley,,,,39,35,100,6,28,13,5,0,1,13,0,1,9,2,2,0,0,0,0,0,0,0,0,2,0,0.368,36,114,2,1.0,0.28,0.36,40,27,8,8,0,77,10,1,0,75,0.893,87,0.885,1.0,4.0,22.0,37.0,"10,32",0.31,10.0,32.0,"12,55",0.22,12.0,55.0,"6,30",0.2,6.0,30.0,"2,12",0.17,2.0,12.0,0.0,0.0,0.0,0.0,"10,18","3,6","24,58",18,0.0,0.0,0.0,"0,1",0.0,0.0,1.0,11.0,26.0,0.0,0.0,0.0,0.0,0.0,0.0,0.0,0.0,0.0,0.0,0.0,0.0,0.0,0.0,0.0,0.0,0.0,0.0,0.0,0.0,0.0,0.0,0.0,0.0,0.0,0.0,0.0,0.0,0.0,0.0,0.0,,,,,,,,,0.364357594484221,32,66,1737
asc,American Southwest Conference (ASC),2025-26,softball,Mary Hardin-Baylor,Madeline Stephenson,,,,39,38,92,17,23,7,1,0,0,7,0,3,7,4,9,1,4,0,1,0,0,0,0,0,0,0.324,24,107,10,0.9,0.25,0.261,91,38,3,0,0,0,0,7,0,132,0.977,0,0.0,3.0,8.0,31.0,32.0,"3,37",0.08,3.0,37.0,"9,43",0.21,9.0,43.0,"4,26",0.15,4.0,26.0,"2,4",0.5,2.0,4.0,0.0,0.0,0.0,0.0,"10,21","5,9","20,50",8,0.0,0.0,0.0,11,0.0,0.0,0.0,5.0,29.0,0.0,,,,,,,,,,,,,,,,,,,,,,,,,,,,,,,,,,,,,,,0.34582815285390134,33,66,1794
asc,American Southwest Conference (ASC),2025-26,softball,Hardin-Simmons,Libby Chapman,,,,30,3,11,21,0,0,0,0,0,2,0,0,1,0,23,1,2,0,0,0,0,0,0,0,0,0.154,0,15,24,0.958,0.0,0.0,4,1,1,0,0,0,0,0,0,6,0.833,0,0.0,2.0,1.0,5.0,5.0,"0,5",0.0,0.0,5.0,"0,9",0.0,0.0,9.0,"0,6",0.0,0.0,6.0,"0,1",0.0,0.0,1.0,0.0,0.0,0.0,0.0,"2,2","0,1","5,11","0,1",0.0,0.0,1.0,0,0.0,0.0,0.0,3.0,7.0,0.0,,,,,,,,,,,,,,,,,,,,,,,,,,,,,,,,,,,,,,,0.19724551344757116,34,65,1906
asc,American Southwest Conference (ASC),2025-26,softball,Mary Hardin-Baylor,Kylie Hoggatt,,,,25,16,44,8,10,10,2,0,2,4,0,1,4,0,3,0,4,0,0,0,0,0,0,0,0,0.306,18,53,3,1.0,0.227,0.409,18,16,2,0,0,0,0,3,0,36,0.944,0,0.0,0.0,2.0,20.0,13.0,"3,12",0.25,3.0,12.0,"6,25",0.24,6.0,25.0,"5,21",0.24,5.0,21.0,0,0.0,0.0,0.0,0.0,0.0,0.0,0.0,"4,15","4,5","16,30",5,0.0,0.0,0.0,108,0.0,0.0,0.0,11.0,13.0,0.0,,,,,,,,,,,,,,,,,,,,,,,,,,,,,,,,,,,,,,,0.19418840972075627,35,65,1836
asc,American Southwest Conference (ASC),2025-26,softball,Howard Payne,Madison Garza,,,,30,27,72,14,23,9,2,0,0,9,0,2,5,0,2,0,11,1,0,0,0,0,0,1,0,0.405,25,95,2,1.0,0.319,0.347,47,22,4,0,0,53,0,3,0,73,0.945,53,1.0,3.0,8.0,34.0,17.0,"3,11",0.27,3.0,11.0,"13,36",0.36,13.0,36.0,"7,17",0.41,7.0,17.0,"0,4",0.0,0.0,4.0,0.0,0.0,0.0,0.0,"3,9","5,6","33,49",24,0.0,0.0,0.0,"0,1",0.0,0.0,1.0,16.0,7.0,0.0,0.0,0.0,0.0,0.0,0.0,0.0,0.0,0.0,0.0,0.0,0.0,0.0,0.0,0.0,0.0,0.0,0.0,0.0,0.0,0.0,0.0,0.0,0.0,0.0,0.0,0.0,0.0,0.0,0.0,0.0,,,,,,,,,0.0959589543959966,36,64,2095
asc,American Southwest Conference (ASC),2025-26,softball,Howard Payne,B. Warriner,,,,1,1,3,0,1,2,1,0,0,0,0,1,0,0,0,0,0,0,0,0,0,0,0,0,0,0.5,2,4,0,0.0,0.333,0.667,0,0,0,0,0,0,0,0,0,0,0.0,0,0.0,0.0,0.0,0.0,2.0,"0,1",0.0,0.0,1.0,"1,3",0.33,1.0,3.0,"1,2",0.5,1.0,2.0,0,0.0,0.0,0.0,0.0,0.0,0.0,0.0,"1,1","1,1","1,3","1,1",1.0,1.0,1.0,0,0.0,0.0,0.0,0.0,1.0,0.0,,,,,,,,,,,,,,,,,,,,,,,,,,,,,,,,,,,,,,,-0.13916612790399463,37,64,2498
asc,American Southwest Conference (ASC),2025-26,softball,Howard Payne,"Garza, Madison",,,,1,1,3,1,1,1,0,0,0,1,0,0,0,0,0,0,1,0,0,0,0,0,0,0,0,0.5,1,5,0,0.0,0.333,0.333,3,0,0,0,0,0,0,0,0,3,1.0,0,0.0,,,,,,,,,,,,,,,,,,,,,,,,,,,,,,,,,,,,,,,0.0,0.0,0.0,0.0,0.0,0.0,0.0,0.0,0.0,0.0,0.0,0.0,0.0,0.0,0.0,0.0,0.0,0.0,0.0,0.0,0.0,0.0,0.0,0.0,0.0,0.0,0.0,0.0,0.0,0.0,,,,,,,,,-0.1409325252527392,38,63,2503
asc,American Southwest Conference (ASC),2025-26,softball,Howard Payne,S. Nava,,,,1,1,3,1,1,0,0,0,0,0,0,0,0,0,0,0,0,0,0,0,0,0,0,0,0,0.333,1,3,0,0.0,0.333,0.333,3,3,1,0,0,0,0,0,0,7,0.857,0,0.0,0.0,0.0,0.0,2.0,0,0.0,0.0,0.0,0,0.0,0.0,0.0,0,0.0,0.0,0.0,0,0.0,0.0,0.0,0.0,0.0,0.0,0.0,"1,2",0,0,0,0.0,0.0,0.0,0,0.0,0.0,0.0,0.0,0.0,0.0,,,,,,,,,,,,,,,,,,,,,,,,,,,,,,,,,,,,,,,-0.1460627183597711,39,63,2520
asc,American Southwest Conference (ASC),2025-26,softball,East Texas Baptist,Caitlynn Hammer,,,,1,0,1,0,1,0,0,0,0,0,0,0,0,0,0,0,0,0,0,0,0,0,0,0,0,1.0,1,1,0,0.0,1.0,1.0,0,0,0,0,0,0,0,0,0,0,0.0,0,0.0,0.0,0.0,0.0,0.0,0,0.0,0.0,0.0,"1,1",1.0,1.0,1.0,"1,1",1.0,1.0,1.0,"1,1",1.0,1.0,1.0,0.0,0.0,0.0,0.0,0,0,"1,1",0,0.0,0.0,0.0,"1,1",1.0,1.0,1.0,0.0,0.0,0.0,,,,,,,,,,,,,,,,,,,,,,,,,,,,,,,,,,,,,,,-0.14942651411805855,40,62,2554
asc,American Southwest Conference (ASC),2025-26,softball,Howard Payne,"Smith, Alana",,,,1,0,0,0,0,0,0,0,0,0,0,0,0,0,0,0,0,0,0,0,0,0,0,0,0,0.0,0,0,0,0.0,0.0,0.0,0,0,0,0,0,0,0,0,0,0,0.0,0,0.0,,,,,,,,,,,,,,,,,,,,,,,,,,,,,,,,,,,,,,,0.0,0.0,0.0,0.0,0.0,0.0,0.0,0.0,0.0,0.0,0.0,0.0,0.0,0.0,0.0,0.0,0.0,0.0,0.0,0.0,0.0,0.0,0.0,0.0,0.0,0.0,0.0,0.0,0.0,0.0,,,,,,,,,-0.15278295532259734,41,62,2594
asc,American Southwest Conference (ASC),2025-26,softball,Mary Hardin-Baylor,Carmen Vela,,,,1,0,0,0,0,0,0,0,0,0,0,0,0,0,0,0,0,0,0,0,0,0,0,0,0,0.0,0,0,0,0.0,0.0,0.0,0,2,0,0,0,0,0,0,0,2,1.0,0,0.0,0.0,0.0,0.0,0.0,0,0.0,0.0,0.0,0,0.0,0.0,0.0,0,0.0,0.0,0.0,0,0.0,0.0,0.0,0.0,0.0,0.0,0.0,0,0,0,0,0.0,0.0,0.0,0,0.0,0.0,0.0,0.0,0.0,0.0,7.0,1.0,0.0,1.0,0.0,0.0,0.0,0.0,0.0,0.0,4.1,3.0,3.0,4.0,3.0,2.0,0.0,0.0,4.85,20.0,24.0,0.0,0.0,0.0,0.0,0.0,0.0,0.0,1.0,0.35,6.0,3.0,0.0,"2,5","6,14","3,7",0.0,"1,5",-0.15278295532259734,42,61,2604
asc,American Southwest Conference (ASC),2025-26,softball,Mary Hardin-Baylor,Cauthron,,,,1,1,0,0,0,0,0,0,0,0,0,0,0,0,0,0,0,0,0,0,0,0,0,0,0,0.0,0,0,0,0.0,0.0,0.0,0,2,0,0,0,2,0,0,0,2,1.0,2,1.0,0.0,0.0,0.0,0.0,0,0.0,0.0,0.0,0,0.0,0.0,0.0,0,0.0,0.0,0.0,0,0.0,0.0,0.0,0.0,0.0,0.0,0.0,0,0,0,0,0.0,0.0,0.0,0,0.0,0.0,0.0,0.0,0.0,0.0,5.0,1.0,1.0,0.0,0.0,0.0,1.0,0.0,0.0,0.0,6.0,2.0,0.0,2.0,0.0,0.0,0.0,0.0,0.0,20.0,24.0,0.0,0.0,0.0,1.0,1.0,0.0,0.0,0.0,0.25,7.0,9.0,0.0,"3,6","0,6","3,11",0.0,"2,8",-0.15278295532259734,43,61,2617
asc,American Southwest Conference (ASC),2025-26,softball,Mary Hardin-Baylor,Madilyn Green,,,,1,0,1,0,0,0,0,0,0,0,0,0,1,0,0,0,0,0,0,0,0,0,0,0,0,0.0,0,1,0,0.0,0.0,0.0,0,0,0,0,0,0,0,0,0,0,0.0,0,0.0,0.0,0.0,0.0,0.0,0,0.0,0.0,0.0,0,0.0,0.0,0.0,0,0.0,0.0,0.0,0,0.0,0.0,0.0,0.0,0.0,0.0,0.0,"0,1",0,0,0,0.0,0.0,0.0,1,0.0,0.0,0.0,0.0,0.0,0.0,,,,,,,,,,,,,,,,,,,,,,,,,,,,,,,,,,,,,,,-0.15623137681358226,44,61,2718
asc,American Southwest Conference (ASC),2025-26,softball,Howard Payne,A. Nava,,,,1,1,2,0,0,0,0,0,0,0,0,0,2,0,0,0,0,0,0,0,0,0,0,0,0,0.0,0,2,0,0.0,0.0,0.0,1,0,0,0,0,0,0,0,0,1,1.0,0,0.0,0.0,0.0,0.0,0.0,0,0.0,0.0,0.0,0,0.0,0.0,0.0,0,0.0,0.0,0.0,0,0.0,0.0,0.0,0.0,0.0,0.0,0.0,"0,1",0,0,0,0.0,0.0,0.0,0,0.0,0.0,0.0,0.0,0.0,0.0,,,,,,,,,,,,,,,,,,,,,,,,,,,,,,,,,,,,,,,-0.15967979830456722,45,60,2746
asc,American Southwest Conference (ASC),2025-26,softball,Mary Hardin-Baylor,Gabriela Vela,,,,28,22,52,13,13,7,2,0,0,9,0,0,6,0,6,0,3,1,0,0,0,0,0,2,0,0.355,15,65,6,1.0,0.25,0.288,41,6,3,0,0,0,0,0,0,50,0.94,0,0.0,2.0,2.0,9.0,25.0,"6,22",0.27,6.0,22.0,"7,29",0.24,7.0,29.0,"5,16",0.31,5.0,16.0,"2,3",0.67,2.0,3.0,0.0,0.0,0.0,0.0,"9,18","3,5","12,33",12,0.0,0.0,0.0,4,0.0,0.0,0.0,4.0,19.0,0.0,8.0,1.0,1.0,0.0,1.0,0.0,0.0,0.0,0.0,0.0,3.0,4.0,4.0,2.0,1.0,1.0,0.0,0.0,9.33,15.0,18.0,1.0,0.0,0.0,0.0,1.0,0.0,0.0,0.0,0.533,1.0,5.0,0.0,"3,4","5,10","3,6",0.0,"2,4",-0.22725256202289293,46,60,2366
asc,American Southwest Conference (ASC),2025-26,softball,East Texas Baptist,Hannah Harrington,,,,2,0,0,0,0,0,0,0,0,0,0,0,0,0,0,0,0,0,0,0,0,0,0,0,0,0.0,0,0,0,0.0,0.0,0.0,0,0,0,0,0,0,0,0,0,0,0.0,0,0.0,0.0,0.0,0.0,0.0,0,0.0,0.0,0.0,0,0.0,0.0,0.0,0,0.0,0.0,0.0,0,0.0,0.0,0.0,0.0,0.0,0.0,0.0,0,0,0,0,0.0,0.0,0.0,0,0.0,0.0,0.0,0.0,0.0,0.0,,,,,,,,,,,,,,,,,,,,,,,,,,,,,,,,,,,,,,,-0.30556591064519467,47,59,3003
asc,American Southwest Conference (ASC),2025-26,softball,Mary Hardin-Baylor,Thibault,,,,2,2,4,0,0,0,0,0,0,1,0,0,0,0,0,1,0,0,0,0,0,0,0,0,0,0.2,0,5,1,0.0,0.0,0.0,0,0,0,1,0,2,0,0,0,0,0.0,2,1.0,0.0,0.0,0.0,4.0,"0,2",0.0,0.0,2.0,"0,2",0.0,0.0,2.0,"0,1",0.0,0.0,1.0,0,0.0,0.0,0.0,0.0,0.0,0.0,0.0,0,0,"0,2",0,0.0,0.0,0.0,0,0.0,0.0,0.0,0.0,2.0,0.0,,,,,,,,,,,,,,,,,,,,,,,,,,,,,,,,,,,,,,,-0.30556591064519467,48,59,2958
asc,American Southwest Conference (ASC),2025-26,softball,Howard Payne,Alyana Salazar,,,,42,39,106,12,19,13,4,1,1,10,0,2,24,7,0,0,3,1,0,0,0,0,0,0,0,0.261,28,122,0,0.0,0.179,0.264,76,46,21,0,0,0,0,0,0,143,0.853,0,0.0,3.0,8.0,32.0,30.0,"3,29",0.1,3.0,29.0,"11,62",0.18,11.0,62.0,"8,35",0.23,8.0,35.0,"2,13",0.15,2.0,13.0,0.0,0.0,0.0,0.0,"6,17","5,11","23,70",4,0.0,0.0,0.0,"0,1",0.0,0.0,1.0,7.0,23.0,0.0,0.0,0.0,0.0,0.0,0.0,0.0,0.0,0.0,0.0,0.0,0.0,0.0,0.0,0.0,0.0,0.0,0.0,0.0,0.0,0.0,0.0,0.0,0.0,0.0,0.0,0.0,0.0,0.0,0.0,0.0,,,,,,,,,-0.34473691140894747,49,58,2294
asc,American Southwest Conference (ASC),2025-26,softball,Hardin-Simmons,Honor Knott,,,,28,1,8,17,2,1,0,0,0,1,0,0,1,0,9,0,0,0,0,0,0,0,0,0,0,0.333,2,9,9,1.0,0.25,0.25,0,0,0,0,0,0,0,0,0,0,0.0,0,0.0,0.0,1.0,3.0,2.0,"0,2",0.0,0.0,2.0,"2,4",0.5,2.0,4.0,"1,2",0.5,1.0,2.0,0,0.0,0.0,0.0,0.0,0.0,0.0,0.0,"0,3","1,1","3,5",0,0.0,0.0,0.0,22,0.0,0.0,0.0,0.0,2.0,0.0,,,,,,,,,,,,,,,,,,,,,,,,,,,,,,,,,,,,,,,-0.45993079706206996,50,58,2953
asc,American Southwest Conference (ASC),2025-26,softball,Howard Payne,K. Holly,,,,3,2,6,0,1,0,0,0,0,0,0,0,5,0,0,0,1,0,0,0,0,0,0,0,0,0.167,1,7,0,0.0,0.167,0.167,1,0,0,0,0,0,0,0,0,1,1.0,0,0.0,0.0,0.0,1.0,0.0,"0,2",0.0,0.0,2.0,"1,4",0.25,1.0,4.0,"0,2",0.0,0.0,2.0,0,0.0,0.0,0.0,0.0,0.0,0.0,0.0,"0,1","0,1","2,5",0,0.0,0.0,0.0,"0,1",0.0,0.0,1.0,1.0,2.0,0.0,,,,,,,,,,,,,,,,,,,,,,,,,,,,,,,,,,,,,,,-0.5000058647189498,51,57,3394
asc,American Southwest Conference (ASC),2025-26,softball,Howard Payne,Jayden Falcon,,,,12,8,29,5,11,9,3,0,1,0,0,0,8,2,0,0,0,0,1,0,1,0,0,0,0,0.379,17,31,0,0.0,0.379,0.586,0,0,0,0,0,0,0,0,0,0,0.0,0,0.0,1.0,0.0,3.0,6.0,"1,8",0.13,1.0,8.0,"6,19",0.32,6.0,19.0,"2,13",0.15,2.0,13.0,"0,1",0.0,0.0,1.0,0.0,0.0,0.0,0.0,"1,3","1,3","6,19","0,1",0.0,0.0,1.0,11,0.0,0.0,0.0,2.0,9.0,0.0,0.0,0.0,0.0,0.0,0.0,0.0,0.0,0.0,0.0,0.0,0.0,0.0,0.0,0.0,0.0,0.0,0.0,0.0,0.0,0.0,0.0,0.0,0.0,0.0,0.0,0.0,0.0,0.0,0.0,0.0,,,,,,,,,-0.5021781965758574,52,57,2861
asc,American Southwest Conference (ASC),2025-26,softball,East Texas Baptist,Aleyna St,,,,26,7,22,12,3,5,0,0,1,3,0,1,5,0,2,1,2,1,0,0,0,0,0,1,0,0.259,6,29,3,0.667,0.136,0.273,16,18,1,0,0,0,0,3,0,35,0.971,0,0.0,0.0,1.0,8.0,9.0,"0,7",0.0,0.0,7.0,"3,14",0.21,3.0,14.0,"3,13",0.23,3.0,13.0,"0,2",0.0,0.0,2.0,0.0,0.0,0.0,0.0,"1,4","3,3","7,17",1,0.0,0.0,0.0,"0,1",0.0,0.0,1.0,4.0,7.0,0.0,,,,,,,,,,,,,,,,,,,,,,,,,,,,,,,,,,,,,,,-0.5454035500763963,53,57,3041
asc,American Southwest Conference (ASC),2025-26,softball,Howard Payne,G. Quiroz,,,,5,5,16,2,9,1,2,0,0,2,0,0,2,0,0,2,0,0,0,0,0,0,1,0,0,0.611,11,18,2,0.0,0.563,0.688,5,1,0,0,0,0,0,0,0,6,1.0,0,0.0,1.0,0.0,3.0,1.0,"2,5",0.4,2.0,5.0,"5,9",0.56,5.0,9.0,"5,8",0.63,5.0,8.0,0,0.0,0.0,0.0,0.0,0.0,0.0,0.0,"1,2",0,"7,10",0,0.0,0.0,0.0,0,0.0,0.0,0.0,0.0,3.0,0.0,,,,,,,,,,,,,,,,,,,,,,,,,,,,,,,,,,,,,,,-0.5880702142005556,54,56,3480
asc,American Southwest Conference (ASC),2025-26,softball,Howard Payne,A. Orozco,,,,4,2,8,1,0,0,0,0,0,3,0,0,1,0,0,0,0,0,0,0,0,0,0,0,0,0.273,0,11,0,0.0,0.0,0.0,1,0,0,0,0,0,0,0,0,1,1.0,0,0.0,0.0,0.0,0.0,7.0,"0,1",0.0,0.0,1.0,"0,3",0.0,0.0,3.0,"0,2",0.0,0.0,2.0,0,0.0,0.0,0.0,0.0,0.0,0.0,0.0,"0,2",0,"0,3",0,0.0,0.0,0.0,0,0.0,0.0,0.0,0.0,1.0,0.0,,,,,,,,,,,,,,,,,,,,,,,,,,,,,,,,,,,,,,,-0.6114703242211794,55,56,3574
asc,American Southwest Conference (ASC),2025-26,softball,Hardin-Simmons,Abbey Tarr,,,,23,3,22,6,9,8,1,0,0,1,0,0,3,0,2,2,0,2,0,0,0,0,0,0,0,0.4,10,25,4,0.5,0.409,0.455,0,0,0,0,0,0,0,0,0,0,0.0,0,0.0,1.0,0.0,2.0,10.0,"3,6",0.5,3.0,6.0,"5,8",0.63,5.0,8.0,"5,8",0.63,5.0,8.0,"1,5",0.2,1.0,5.0,0.0,0.0,0.0,0.0,"3,6","3,4","7,10","1,1",1.0,1.0,1.0,80,0.0,0.0,0.0,5.0,0.0,0.0,,,,,,,,,,,,,,,,,,,,,,,,,,,,,,,,,,,,,,,-0.6253799761530506,56,55,3406
asc,American Southwest Conference (ASC),2025-26,softball,Hardin-Simmons,Bailey Miller,,,,28,5,38,7,12,5,2,1,0,2,0,2,0,0,0,0,0,1,0,0,0,0,0,1,0,0.372,16,43,0,0.0,0.316,0.421,15,5,0,0,0,0,0,2,0,20,1.0,0,0.0,0.0,1.0,12.0,15.0,"6,17",0.35,6.0,17.0,"7,24",0.29,7.0,24.0,"6,23",0.26,6.0,23.0,"2,7",0.29,2.0,7.0,0.0,0.0,0.0,0.0,"0,5","4,6","9,25",7,0.0,0.0,0.0,186,0.0,0.0,0.0,3.0,17.0,0.0,,,,,,,,,,,,,,,,,,,,,,,,,,,,,,,,,,,,,,,-0.6330812502495993,57,55,3469
asc,American Southwest Conference (ASC),2025-26,softball,Howard Payne,M. Dunn,,,,6,6,20,4,6,4,1,1,0,2,0,0,2,0,0,1,0,0,0,0,0,0,0,0,0,0.364,9,22,1,0.0,0.3,0.45,7,1,1,0,0,0,0,0,0,9,0.889,0,0.0,0.0,2.0,7.0,5.0,"2,9",0.22,2.0,9.0,"2,10",0.2,2.0,10.0,"2,6",0.33,2.0,6.0,0,0.0,0.0,0.0,0.0,0.0,0.0,0.0,"3,4",0,"5,10",1,0.0,0.0,0.0,0,0.0,0.0,0.0,2.0,11.0,0.0,,,,,,,,,,,,,,,,,,,,,,,,,,,,,,,,,,,,,,,-0.6333911736963415,58,55,3547
asc,American Southwest Conference (ASC),2025-26,softball,Mary Hardin-Baylor,Victoria Shimabukuro,,,,23,17,43,7,12,3,2,0,0,6,0,0,7,4,7,3,0,0,0,0,0,0,0,0,0,0.367,14,49,10,0.7,0.279,0.326,25,2,1,0,0,0,0,0,0,28,0.964,0,0.0,0.0,3.0,14.0,8.0,"4,10",0.4,4.0,10.0,"7,19",0.37,7.0,19.0,"6,14",0.43,6.0,14.0,"2,3",0.67,2.0,3.0,0.0,0.0,0.0,0.0,"4,10","0,2","12,20","0,1",0.0,0.0,1.0,88,0.0,0.0,0.0,1.0,8.0,0.0,,,,,,,,,,,,,,,,,,,,,,,,,,,,,,,,,,,,,,,-0.6565469990895645,59,54,3384
asc,American Southwest Conference (ASC),2025-26,softball,Howard Payne,De la cruz Mackenzie,,,,33,30,72,10,18,6,2,0,0,10,0,1,19,7,4,1,1,1,0,0,0,1,0,2,0,0.345,20,85,5,0.8,0.25,0.278,55,2,3,0,0,11,1,0,0,60,0.95,12,0.917,3.0,0.0,10.0,23.0,"4,22",0.18,4.0,22.0,"10,34",0.29,10.0,34.0,"5,21",0.24,5.0,21.0,"2,3",0.67,2.0,3.0,0.0,0.0,0.0,0.0,"4,14","3,3","14,37",4,0.0,0.0,0.0,3,0.0,0.0,0.0,3.0,24.0,0.0,0.0,0.0,0.0,0.0,0.0,0.0,0.0,0.0,0.0,0.0,0.0,0.0,0.0,0.0,0.0,0.0,0.0,0.0,0.0,0.0,0.0,0.0,0.0,0.0,0.0,0.0,0.0,0.0,0.0,0.0,,,,,,,,,-0.7515204187771145,60,54,3396
asc,American Southwest Conference (ASC),2025-26,softball,Mary Hardin-Baylor,B. Johnston,,,,5,0,0,0,0,0,0,0,0,0,0,0,0,0,0,0,0,0,0,0,0,0,0,0,0,0.0,0,0,0,0.0,0.0,0.0,0,1,0,0,0,2,0,0,0,1,1.0,2,1.0,0.0,0.0,0.0,0.0,0,0.0,0.0,0.0,0,0.0,0.0,0.0,0,0.0,0.0,0.0,0,0.0,0.0,0.0,0.0,0.0,0.0,0.0,0,0,0,0,0.0,0.0,0.0,0,0.0,0.0,0.0,0.0,0.0,0.0,16.0,1.0,0.0,1.0,1.0,0.0,0.0,0.0,0.0,0.0,7.2,13.0,13.0,2.0,5.0,1.0,0.0,2.0,11.87,39.0,45.0,1.0,4.0,0.0,0.0,0.0,0.0,0.0,1.0,0.41,8.0,9.0,0.0,"1,1","4,6","0,1",0.0,"3,4",-0.7639147766129866,61,54,3951
asc,American Southwest Conference (ASC),2025-26,softball,Hardin-Simmons,Erin Love,,,,15,7,27,3,9,9,2,0,0,0,0,2,3,0,0,0,0,1,0,0,0,0,0,1,0,0.367,11,30,0,0.0,0.333,0.407,25,0,0,0,0,1,0,0,0,25,1.0,1,1.0,1.0,1.0,7.0,8.0,"3,9",0.33,3.0,9.0,"7,20",0.35,7.0,20.0,"6,17",0.35,6.0,17.0,"1,2",0.5,1.0,2.0,0.0,0.0,0.0,0.0,"1,4","5,6","11,21",0,0.0,0.0,0.0,12,0.0,0.0,0.0,3.0,8.0,0.0,,,,,,,,,,,,,,,,,,,,,,,,,,,,,,,,,,,,,,,-0.7665712371655306,62,53,3731
asc,American Southwest Conference (ASC),2025-26,softball,Mary Hardin-Baylor,Brielle Moreland,,,,6,1,7,1,2,3,0,0,0,0,0,0,2,0,0,0,0,0,0,0,0,0,0,0,0,0.286,2,7,0,0.0,0.286,0.286,0,0,0,0,0,0,0,0,0,0,0.0,0,0.0,0.0,1.0,1.0,2.0,"1,1",1.0,1.0,1.0,"2,4",0.5,2.0,4.0,"2,3",0.67,2.0,3.0,0,0.0,0.0,0.0,0.0,0.0,0.0,0.0,"0,3","2,2","3,4",1,0.0,0.0,0.0,80,0.0,0.0,0.0,0.0,0.0,0.0,,,,,,,,,,,,,,,,,,,,,,,,,,,,,,,,,,,,,,,-0.805275244896638,63,53,4000
asc,American Southwest Conference (ASC),2025-26,softball,Mary Hardin-Baylor,Kyler Sanders,,,,24,10,38,4,7,8,1,0,0,5,0,0,3,1,1,0,0,2,0,0,0,0,0,0,0,0.267,8,45,1,1.0,0.184,0.211,17,15,2,0,0,3,0,0,0,34,0.941,3,1.0,4.0,1.0,10.0,16.0,"5,16",0.31,5.0,16.0,"6,24",0.25,6.0,24.0,"4,16",0.25,4.0,16.0,"0,4",0.0,0.0,4.0,0.0,0.0,0.0,0.0,"4,8","3,5","13,28",2,0.0,0.0,0.0,76,0.0,0.0,0.0,5.0,11.0,0.0,,,,,,,,,,,,,,,,,,,,,,,,,,,,,,,,,,,,,,,-0.8055743750766636,64,52,3801
asc,American Southwest Conference (ASC),2025-26,softball,Howard Payne,Bryce Allen-bourland,,,,26,16,48,6,8,7,5,0,2,4,0,2,21,8,0,0,0,1,0,0,0,0,0,0,0,0.255,19,55,0,0.0,0.167,0.396,1,0,0,0,0,1,0,0,0,1,1.0,1,1.0,1.0,0.0,9.0,8.0,"2,16",0.13,2.0,16.0,"4,23",0.17,4.0,23.0,"1,15",0.07,1.0,15.0,"3,8",0.38,3.0,8.0,0.0,0.0,0.0,0.0,"5,14","2,4","8,26",1,0.0,0.0,0.0,12,0.0,0.0,0.0,3.0,14.0,0.0,6.0,1.0,0.0,0.0,0.0,0.0,0.0,0.0,0.0,0.0,4.2,2.0,2.0,2.0,8.0,2.0,0.0,0.0,3.0,19.0,22.0,0.0,0.0,0.0,1.0,0.0,0.0,0.0,3.0,0.316,3.0,3.0,0.0,"2,4","1,8","0,1",0.0,"3,9",-0.817722755215434,65,52,3143
asc,American Southwest Conference (ASC),2025-26,softball,Howard Payne,Jaliyah Rodriguez,,,,28,21,51,6,16,6,3,0,0,9,0,1,11,5,0,0,0,0,0,0,0,0,0,0,0,0.426,19,61,0,0.0,0.314,0.373,67,1,1,0,0,0,0,1,0,69,0.986,0,0.0,1.0,2.0,13.0,10.0,"4,25",0.16,4.0,25.0,"8,35",0.23,8.0,35.0,"5,21",0.24,5.0,21.0,"2,8",0.25,2.0,8.0,0.0,0.0,0.0,0.0,"6,9","3,4","14,37","0,1",0.0,0.0,1.0,1,0.0,0.0,0.0,3.0,28.0,0.0,,,,,,,,,,,,,,,,,,,,,,,,,,,,,,,,,,,,,,,-0.8604859925889456,66,52,3803
asc,American Southwest Conference (ASC),2025-26,softball,Mary Hardin-Baylor,Ava Jolley,,,,27,2,10,10,3,1,1,0,0,0,0,0,2,0,5,0,0,0,0,0,0,0,0,0,0,0.3,4,10,5,1.0,0.3,0.4,7,0,0,0,0,0,0,0,0,7,1.0,0,0.0,0.0,0.0,1.0,4.0,"2,5",0.4,2.0,5.0,"1,1",1.0,1.0,1.0,"1,1",1.0,1.0,1.0,0,0.0,0.0,0.0,0.0,0.0,0.0,0.0,"0,2","1,1","1,1",0,0.0,0.0,0.0,"0,1",0.0,0.0,1.0,0.0,0.0,0.0,,,,,,,,,,,,,,,,,,,,,,,,,,,,,,,,,,,,,,,-0.8794749416750045,67,51,3987
asc,American Southwest Conference (ASC),2025-26,softball,East Texas Baptist,Carley Johnson,,,,24,0,4,9,1,0,0,0,0,0,0,0,1,0,6,1,0,0,0,0,0,0,0,0,0,0.25,1,4,7,0.857,0.25,0.25,0,0,0,0,0,0,0,0,0,0,0.0,0,0.0,0.0,0.0,1.0,1.0,"0,2",0.0,0.0,2.0,"0,2",0.0,0.0,2.0,"0,1",0.0,0.0,1.0,"0,2",0.0,0.0,2.0,0.0,0.0,0.0,0.0,"1,1",0,"0,2","0,1",0.0,0.0,1.0,13,0.0,0.0,0.0,0.0,3.0,0.0,,,,,,,,,,,,,,,,,,,,,,,,,,,,,,,,,,,,,,,-0.9512697798420364,68,51,4159
asc,American Southwest Conference (ASC),2025-26,softball,East Texas Baptist,Maci Shirley,,,,12,0,5,4,2,1,0,0,1,2,0,0,1,0,1,0,0,0,0,0,0,0,0,0,0,0.571,5,7,1,1.0,0.4,1.0,1,0,0,0,0,0,0,0,0,1,1.0,0,0.0,0.0,0.0,0.0,2.0,"0,1",0.0,0.0,1.0,"1,2",0.5,1.0,2.0,"0,1",0.0,0.0,1.0,0,0.0,0.0,0.0,0.0,0.0,0.0,0.0,"3,3",0,"1,2",0,0.0,0.0,0.0,3,0.0,0.0,0.0,1.0,0.0,0.0,,,,,,,,,,,,,,,,,,,,,,,,,,,,,,,,,,,,,,,-0.9611321470937457,69,51,4072
asc,American Southwest Conference (ASC),2025-26,softball,Mary Hardin-Baylor,Hannah Sterriker,,,,7,2,8,0,1,1,0,0,0,1,0,0,1,0,0,0,0,0,0,0,0,0,0,0,0,0.222,1,9,0,0.0,0.125,0.125,9,0,0,0,0,0,0,0,0,9,1.0,0,0.0,1.0,0.0,3.0,2.0,"1,2",0.5,1.0,2.0,"1,4",0.25,1.0,4.0,"0,2",0.0,0.0,2.0,"0,2",0.0,0.0,2.0,0.0,0.0,0.0,0.0,"1,2","1,1","3,5","0,1",0.0,0.0,1.0,0,0.0,0.0,0.0,1.0,0.0,0.0,,,,,,,,,,,,,,,,,,,,,,,,,,,,,,,,,,,,,,,-1.0342131975140807,70,50,4562
asc,American Southwest Conference (ASC),2025-26,softball,Mary Hardin-Baylor,Samantha Castro,,,,7,1,2,0,1,0,0,0,0,0,0,0,1,0,0,1,0,0,0,0,0,0,0,0,0,0.5,1,2,1,0.0,0.5,0.5,0,1,0,0,0,0,0,0,0,1,1.0,0,0.0,0.0,0.0,0.0,0.0,"1,2",0.5,1.0,2.0,"1,2",0.5,1.0,2.0,"0,1",0.0,0.0,1.0,"0,1",0.0,0.0,1.0,0.0,0.0,0.0,0.0,0,0,"1,2",0,0.0,0.0,0.0,"0,1",0.0,0.0,1.0,0.0,1.0,0.0,,,,,,,,,,,,,,,,,,,,,,,,,,,,,,,,,,,,,,,-1.0701245492633042,71,50,4662
asc,American Southwest Conference (ASC),2025-26,softball,Mary Hardin-Baylor,Jordan Iverson,,,,20,9,34,2,7,4,0,0,0,0,0,0,3,1,1,0,2,2,0,0,0,0,0,0,0,0.194,7,38,1,1.0,0.206,0.206,14,11,1,0,0,0,0,1,0,26,0.962,0,0.0,1.0,1.0,7.0,20.0,"1,7",0.14,1.0,7.0,"3,16",0.19,3.0,16.0,"2,13",0.15,2.0,13.0,"0,3",0.0,0.0,3.0,0.0,0.0,0.0,0.0,"2,13","3,5","9,20",0,0.0,0.0,0.0,60,0.0,0.0,0.0,8.0,8.0,0.0,,,,,,,,,,,,,,,,,,,,,,,,,,,,,,,,,,,,,,,-1.0780580145236898,72,50,4526
asc,American Southwest Conference (ASC),2025-26,softball,East Texas Baptist,Sydney Green,,,,16,2,8,5,2,3,0,0,0,5,0,2,0,0,1,0,0,2,0,0,0,0,0,0,0,0.529,2,17,1,1.0,0.25,0.25,1,0,0,0,0,0,0,0,0,1,1.0,0,0.0,0.0,0.0,1.0,7.0,"1,2",0.5,1.0,2.0,"2,6",0.33,2.0,6.0,"0,3",0.0,0.0,3.0,"0,1",0.0,0.0,1.0,0.0,0.0,0.0,0.0,"1,2","3,4","6,10",1,0.0,0.0,0.0,45,0.0,0.0,0.0,2.0,3.0,0.0,,,,,,,,,,,,,,,,,,,,,,,,,,,,,,,,,,,,,,,-1.0928154883427792,73,49,4617
asc,American Southwest Conference (ASC),2025-26,softball,Mary Hardin-Baylor,Allison Dafoe,,,,7,5,4,0,0,0,0,0,0,0,0,0,1,0,0,0,0,0,0,0,0,0,0,0,0,0.0,0,4,0,0.0,0.0,0.0,2,3,0,0,0,1,1,0,0,5,1.0,2,0.5,0.0,0.0,3.0,0.0,"0,3",0.0,0.0,3.0,"0,2",0.0,0.0,2.0,"0,1",0.0,0.0,1.0,0,0.0,0.0,0.0,0.0,0.0,0.0,0.0,"0,1",0,"0,2",0,0.0,0.0,0.0,0,0.0,0.0,0.0,0.0,3.0,0.0,20.0,1.0,3.0,0.0,1.0,1.0,0.0,0.0,0.0,0.0,10.0,11.0,11.0,4.0,0.0,3.0,0.0,0.0,7.7,48.0,54.0,0.0,1.0,0.0,0.0,1.0,0.0,0.0,0.0,0.417,18.0,10.0,0.0,"2,3","3,6","2,2",0.0,"0,2",-1.0936196376950758,74,49,4759
asc,American Southwest Conference (ASC),2025-26,softball,East Texas Baptist,Braidee Glenn,,,,17,12,14,2,3,1,1,0,1,4,0,1,4,1,1,0,0,0,0,0,0,0,0,0,0,0.421,7,19,1,1.0,0.214,0.5,59,3,0,2,0,12,1,0,0,62,1.0,13,0.923,0.0,0.0,3.0,4.0,"1,7",0.14,1.0,7.0,"0,7",0.0,0.0,7.0,"0,5",0.0,0.0,5.0,"1,1",1.0,1.0,1.0,0.0,0.0,0.0,0.0,"4,5","0,1","0,7",0,0.0,0.0,0.0,0,0.0,0.0,0.0,0.0,7.0,0.0,,,,,,,,,,,,,,,,,,,,,,,,,,,,,,,,,,,,,,,-1.0982962949436543,75,48,4361
asc,American Southwest Conference (ASC),2025-26,softball,Hardin-Simmons,Abby Seitzinger,,,,8,0,6,0,1,3,0,0,0,0,0,0,1,0,0,0,0,1,0,0,0,0,0,0,0,0.143,1,7,0,0.0,0.167,0.167,0,1,0,0,0,0,0,0,0,1,1.0,0,0.0,0.0,0.0,2.0,3.0,"1,1",1.0,1.0,1.0,"1,5",0.2,1.0,5.0,"1,4",0.25,1.0,4.0,0,0.0,0.0,0.0,0.0,0.0,0.0,0.0,0,"1,1","4,6",0,0.0,0.0,0.0,2,0.0,0.0,0.0,3.0,0.0,0.0,,,,,,,,,,,,,,,,,,,,,,,,,,,,,,,,,,,,,,,-1.099874850303581,76,48,4727
asc,American Southwest Conference (ASC),2025-26,softball,Mary Hardin-Baylor,Ryleigh Mills,,,,14,0,10,1,4,5,0,0,0,1,0,2,0,0,0,0,0,0,0,0,0,0,0,0,0,0.538,4,13,0,0.0,0.4,0.4,3,1,0,0,0,2,0,0,0,4,1.0,2,1.0,0.0,0.0,2.0,4.0,"2,4",0.5,2.0,4.0,"3,8",0.38,3.0,8.0,"3,6",0.5,3.0,6.0,0,0.0,0.0,0.0,0.0,0.0,0.0,0.0,"0,1","2,3","5,9",99,0.0,0.0,0.0,167,0.0,0.0,0.0,2.0,2.0,0.0,3.0,1.0,0.0,0.0,0.0,0.0,0.0,0.0,0.0,0.0,0.1,3.0,3.0,0.0,0.0,0.0,0.0,1.0,63.0,4.0,4.0,0.0,0.0,0.0,0.0,0.0,0.0,0.0,0.0,0.75,0.0,1.0,0.0,0,"3,4","1,2",0.0,0,-1.103424292109949,77,48,4660
asc,American Southwest Conference (ASC),2025-26,softball,Hardin-Simmons,Addyson Kahklen,,,,8,4,9,2,2,1,1,0,0,0,0,0,2,0,0,0,1,0,0,0,0,0,0,0,0,0.222,3,10,0,0.0,0.222,0.333,27,3,0,0,0,5,0,1,0,30,1.0,5,1.0,0.0,0.0,6.0,0.0,"1,3",0.33,1.0,3.0,"2,6",0.33,2.0,6.0,"2,5",0.4,2.0,5.0,0,0.0,0.0,0.0,0.0,0.0,0.0,0.0,"0,3","0,1","4,7",0,0.0,0.0,0.0,"0,1",0.0,0.0,1.0,3.0,3.0,0.0,,,,,,,,,,,,,,,,,,,,,,,,,,,,,,,,,,,,,,,-1.1288730501750628,78,47,4811
asc,American Southwest Conference (ASC),2025-26,softball,East Texas Baptist,Julia St,,,,16,0,3,7,0,1,0,0,0,1,0,0,1,0,2,0,0,0,0,0,0,0,0,0,0,0.25,0,4,2,1.0,0.0,0.0,0,0,0,0,0,0,0,0,0,0,0.0,0,0.0,0.0,0.0,2.0,0.0,"0,2",0.0,0.0,2.0,"0,3",0.0,0.0,3.0,"0,3",0.0,0.0,3.0,0,0.0,0.0,0.0,0.0,0.0,0.0,0.0,0,"1,1","1,3",0,0.0,0.0,0.0,"0,1",0.0,0.0,1.0,1.0,3.0,0.0,,,,,,,,,,,,,,,,,,,,,,,,,,,,,,,,,,,,,,,-1.1839668146512075,79,47,4861
asc,American Southwest Conference (ASC),2025-26,softball,Howard Payne,Heaven Serna,,,,26,17,38,2,4,7,1,0,0,4,0,0,8,3,1,1,3,0,0,0,0,0,0,2,0,0.19,5,45,2,0.5,0.105,0.132,27,24,4,0,0,0,0,0,0,55,0.927,0,0.0,1.0,0.0,20.0,8.0,"2,13",0.15,2.0,13.0,"3,25",0.12,3.0,25.0,"3,20",0.15,3.0,20.0,"0,6",0.0,0.0,6.0,0.0,0.0,0.0,0.0,"2,11","2,7","11,27",17,0.0,0.0,0.0,"0,1",0.0,0.0,1.0,10.0,20.0,0.0,,,,,,,,,,,,,,,,,,,,,,,,,,,,,,,,,,,,,,,-1.1972665319981433,80,47,4738
asc,American Southwest Conference (ASC),2025-26,softball,Howard Payne,Alana Smith,,,,32,12,44,6,9,2,0,0,0,2,0,0,10,3,1,0,1,0,0,0,0,0,0,0,0,0.239,9,47,1,1.0,0.205,0.205,28,1,0,0,0,3,0,0,0,29,1.0,3,1.0,1.0,1.0,11.0,12.0,"1,18",0.06,1.0,18.0,"2,23",0.09,2.0,23.0,"1,12",0.08,1.0,12.0,"2,9",0.22,2.0,9.0,0.0,0.0,0.0,0.0,"6,9","2,4","5,24",1,0.0,0.0,0.0,4,0.0,0.0,0.0,3.0,18.0,0.0,6.0,1.0,0.0,0.0,,0.0,0.0,0.0,0.0,0.0,4.0,7.0,3.0,4.0,2.0,0.0,0.0,0.0,5.25,18.0,23.0,0.0,1.0,0.0,0.0,0.0,0.0,0.0,0.0,0.333,4.0,4.0,2.0,"2,4","5,15",0,0.0,"3,7",-1.2203707266110029,81,46,4784
asc,American Southwest Conference (ASC),2025-26,softball,Mary Hardin-Baylor,Bralyn Belk,,,,25,10,39,1,9,3,3,1,0,2,0,3,7,0,1,0,1,0,0,0,0,0,0,0,0,0.318,14,45,1,1.0,0.231,0.359,11,15,1,0,0,0,0,0,0,27,0.963,0,0.0,1.0,0.0,7.0,15.0,"3,12",0.25,3.0,12.0,"5,16",0.31,5.0,16.0,"3,10",0.3,3.0,10.0,"0,1",0.0,0.0,1.0,0.0,0.0,0.0,0.0,"2,10","0,1","7,17","0,1",0.0,0.0,1.0,107,0.0,0.0,0.0,1.0,8.0,0.0,,,,,,,,,,,,,,,,,,,,,,,,,,,,,,,,,,,,,,,-1.233805938725505,82,46,4885
asc,American Southwest Conference (ASC),2025-26,softball,Mary Hardin-Baylor,Sydney Bearden,,,,19,2,4,7,0,0,0,0,0,1,0,0,1,0,2,2,0,0,0,0,0,0,0,0,0,0.2,0,5,4,0.5,0.0,0.0,2,1,0,2,0,2,0,0,0,3,1.0,2,1.0,0.0,0.0,3.0,0.0,"0,1",0.0,0.0,1.0,"0,1",0.0,0.0,1.0,0,0.0,0.0,0.0,0,0.0,0.0,0.0,0.0,0.0,0.0,0.0,"0,1",0,"1,1",0,0.0,0.0,0.0,"0,1",0.0,0.0,1.0,1.0,0.0,0.0,,,,,,,,,,,,,,,,,,,,,,,,,,,,,,,,,,,,,,,-1.235268745721527,83,46,5009
asc,American Southwest Conference (ASC),2025-26,softball,Howard Payne,Rebecca Castillo,,,,26,8,26,6,7,1,1,0,0,0,0,0,7,2,0,0,0,0,0,0,0,0,0,0,0,0.269,8,26,0,0.0,0.269,0.308,17,17,5,0,0,12,1,0,0,39,0.872,13,0.923,1.0,1.0,6.0,4.0,"3,10",0.3,3.0,10.0,"3,12",0.25,3.0,12.0,"2,8",0.25,2.0,8.0,0,0.0,0.0,0.0,0.0,0.0,0.0,0.0,"2,7","1,2","4,12",0,0.0,0.0,0.0,1,0.0,0.0,0.0,0.0,8.0,0.0,54.0,1.0,2.0,1.0,1.0,1.0,0.0,0.0,0.0,0.0,30.0,39.0,37.0,19.0,6.0,9.0,3.0,3.0,8.63,133.0,162.0,4.0,2.0,0.0,4.0,4.0,0.0,0.0,2.0,0.406,37.0,35.0,0.0,"2,5","12,26","4,13",0.0,"1,8",-1.2811384967096386,84,46,5039
asc,American Southwest Conference (ASC),2025-26,softball,Howard Payne,Makayla Fuentes,,,,16,9,29,6,9,3,1,0,0,2,0,1,12,1,0,0,0,0,0,0,0,0,0,0,0,0.375,10,32,0,0.0,0.31,0.345,29,0,0,0,0,0,0,0,0,29,1.0,0,0.0,1.0,0.0,2.0,5.0,"3,9",0.33,3.0,9.0,"4,10",0.4,4.0,10.0,"1,6",0.17,1.0,6.0,"1,2",0.5,1.0,2.0,0.0,0.0,0.0,0.0,"1,8",0,"3,10","0,1",0.0,0.0,1.0,3,0.0,0.0,0.0,0.0,7.0,0.0,0.0,0.0,0.0,0.0,0.0,0.0,0.0,0.0,0.0,0.0,0.0,0.0,0.0,0.0,0.0,0.0,0.0,0.0,0.0,0.0,0.0,0.0,0.0,0.0,0.0,0.0,0.0,0.0,0.0,0.0,,,,,,,,,-1.2838268850274708,85,45,4915
asc,American Southwest Conference (ASC),2025-26,softball,East Texas Baptist,Mckenzie Jones,,,,16,9,5,2,1,3,0,0,0,1,0,0,1,0,0,0,0,0,0,0,0,0,0,0,0,0.333,1,6,0,0.0,0.2,0.2,0,9,1,0,0,7,1,0,0,10,0.9,8,0.875,0.0,1.0,2.0,0.0,"1,1",1.0,1.0,1.0,"1,2",0.5,1.0,2.0,"1,1",1.0,1.0,1.0,0,0.0,0.0,0.0,0.0,0.0,0.0,0.0,"0,2",0,"3,3",0,0.0,0.0,0.0,7,0.0,0.0,0.0,0.0,0.0,0.0,46.0,1.0,9.0,9.0,0.0,0.0,5.0,2.0,0.0,0.0,59.2,22.0,20.0,22.0,46.0,9.0,0.0,2.0,2.35,221.0,260.0,0.0,12.0,0.0,3.0,2.0,0.0,0.0,19.0,0.208,63.0,63.0,0.0,"1,2","0,3","0,2",0.0,"0,1",-1.3075676477137281,86,45,5283
asc,American Southwest Conference (ASC),2025-26,softball,Howard Payne,Cheyanne Atchley,,,,10,3,9,1,2,2,1,0,0,2,0,1,2,1,1,0,0,0,0,0,0,0,0,0,0,0.417,3,12,1,1.0,0.222,0.333,4,1,0,1,0,14,1,0,0,5,1.0,15,0.933,0.0,1.0,5.0,0.0,"0,2",0.0,0.0,2.0,"1,2",0.5,1.0,2.0,"1,2",0.5,1.0,2.0,"0,1",0.0,0.0,1.0,0.0,0.0,0.0,0.0,"2,4","1,1","2,3","0,1",0.0,0.0,1.0,0,0.0,0.0,0.0,0.0,3.0,0.0,,,,,,,,,,,,,,,,,,,,,,,,,,,,,,,,,,,,,,,-1.3476376795642941,87,45,5367
asc,American Southwest Conference (ASC),2025-26,softball,East Texas Baptist,Larkin Daniels,,,,9,7,0,0,0,0,0,0,0,0,0,0,0,0,0,0,0,0,0,0,0,0,0,0,0,0.0,0,0,0,0.0,0.0,0.0,1,3,0,0,0,2,1,0,0,4,1.0,3,0.667,0.0,0.0,0.0,0.0,0,0.0,0.0,0.0,0,0.0,0.0,0.0,0,0.0,0.0,0.0,0,0.0,0.0,0.0,0.0,0.0,0.0,0.0,0,0,0,0,0.0,0.0,0.0,0,0.0,0.0,0.0,0.0,0.0,0.0,17.0,1.0,7.0,6.0,0.0,0.0,3.0,3.0,0.0,0.0,26.2,10.0,9.0,15.0,34.0,4.0,0.0,0.0,2.36,92.0,109.0,0.0,2.0,0.0,0.0,0.0,0.0,0.0,11.0,0.185,24.0,16.0,0.0,"1,3","3,6","0,1",0.0,"0,2",-1.375046597903376,88,44,5557
asc,American Southwest Conference (ASC),2025-26,softball,East Texas Baptist,Hannah Benavides,,,,21,10,1,0,1,1,0,0,0,0,0,0,0,0,0,0,0,0,0,0,0,0,0,0,0,1.0,1,1,0,0.0,1.0,1.0,0,3,1,0,0,7,0,0,0,4,0.75,7,1.0,0.0,0.0,0.0,0.0,"1,1",1.0,1.0,1.0,"1,1",1.0,1.0,1.0,"1,1",1.0,1.0,1.0,"1,1",1.0,1.0,1.0,0.0,0.0,0.0,0.0,0,0,"1,1",0,0.0,0.0,0.0,11,0.0,0.0,0.0,0.0,0.0,0.0,48.0,1.0,10.0,9.0,1.0,1.0,5.0,3.0,0.0,0.0,67.1,27.0,25.0,10.0,65.0,8.0,1.0,3.0,2.6,243.0,264.0,0.0,4.0,0.0,1.0,6.0,0.0,0.0,22.0,0.198,99.0,35.0,0.0,"1,2","3,7","2,4",0.0,"1,4",-1.4429632101102658,89,44,5703
asc,American Southwest Conference (ASC),2025-26,softball,Hardin-Simmons,Akysia Grogan,,,,19,14,0,0,0,0,0,0,0,0,0,0,0,0,0,0,0,0,0,0,0,0,0,0,0,0.0,0,0,0,0.0,0.0,0.0,3,7,3,0,0,10,1,1,0,13,0.769,11,0.909,0.0,0.0,0.0,0.0,0,0.0,0.0,0.0,0,0.0,0.0,0.0,0,0.0,0.0,0.0,0,0.0,0.0,0.0,0.0,0.0,0.0,0.0,0,0,0,0,0.0,0.0,0.0,0,0.0,0.0,0.0,0.0,0.0,0.0,65.0,1.0,14.0,10.0,2.0,1.0,8.0,1.0,1.0,0.0,92.0,47.0,37.0,49.0,70.0,11.0,2.0,8.0,2.82,338.0,405.0,5.0,11.0,0.0,1.0,6.0,0.0,0.0,22.0,0.192,140.0,62.0,0.0,"1,3","2,7","1,4",0.0,"1,5",-1.5278295532259731,90,44,6144
asc,American Southwest Conference (ASC),2025-26,softball,Hardin-Simmons,Gabby Montanez,,,,24,18,0,0,0,0,0,0,0,0,0,0,0,0,0,0,0,0,0,0,0,0,0,0,0,0.0,0,0,0,0.0,0.0,0.0,1,12,0,0,0,12,10,0,0,13,1.0,22,0.545,0.0,0.0,0.0,0.0,0,0.0,0.0,0.0,0,0.0,0.0,0.0,0,0.0,0.0,0.0,0,0.0,0.0,0.0,0.0,0.0,0.0,0.0,0,0,0,0,0.0,0.0,0.0,0,0.0,0.0,0.0,0.0,0.0,0.0,110.0,1.0,18.0,17.0,3.0,0.0,12.0,5.0,1.0,0.0,119.1,43.0,34.0,35.0,55.0,21.0,0.0,10.0,1.99,441.0,499.0,9.0,6.0,0.0,6.0,11.0,0.0,0.0,16.0,0.249,183.0,101.0,0.0,"1,2","2,5","3,10",0.0,"0,1",-1.5278295532259731,91,43,6143
asc,American Southwest Conference (ASC),2025-26,softball,Mary Hardin-Baylor,Eileigh Whyte,,,,22,19,0,0,0,0,0,0,0,0,0,0,0,0,0,0,0,0,0,0,0,0,0,0,0,0.0,0,0,0,0.0,0.0,0.0,5,7,0,0,0,13,6,1,0,12,1.0,19,0.684,0.0,0.0,0.0,0.0,0,0.0,0.0,0.0,0,0.0,0.0,0.0,0,0.0,0.0,0.0,0,0.0,0.0,0.0,0.0,0.0,0.0,0.0,0,0,0,0,0.0,0.0,0.0,0,0.0,0.0,0.0,0.0,0.0,0.0,117.0,1.0,19.0,12.0,6.0,0.0,10.0,2.0,0.0,0.0,110.1,40.0,36.0,8.0,54.0,22.0,1.0,10.0,2.28,419.0,446.0,1.0,3.0,0.0,3.0,13.0,0.0,0.0,10.0,0.279,197.0,62.0,0.0,"4,6","0,2","0,1",0.0,"0,1",-1.5278295532259731,92,43,6104
asc,American Southwest Conference (ASC),2025-26,softball,Mary Hardin-Baylor,Chloee Miller,,,,17,14,3,0,0,0,0,0,0,0,0,0,0,0,0,0,0,0,0,0,0,0,0,1,0,0.0,0,3,0,0.0,0.0,0.0,3,6,1,0,0,10,3,0,0,10,0.9,13,0.769,1.0,0.0,2.0,0.0,0,0.0,0.0,0.0,"0,1",0.0,0.0,1.0,0,0.0,0.0,0.0,0,0.0,0.0,0.0,0.0,0.0,0.0,0.0,0,0,"0,1",0,0.0,0.0,0.0,0,0.0,0.0,0.0,0.0,0.0,0.0,69.0,1.0,13.0,4.0,5.0,0.0,5.0,2.0,0.0,0.0,61.1,34.0,32.0,18.0,26.0,10.0,3.0,4.0,3.65,244.0,276.0,1.0,6.0,0.0,1.0,7.0,0.0,0.0,12.0,0.283,95.0,55.0,0.0,"3,7","2,11","1,4",0.0,"1,6",-1.5278295532259731,93,43,6103
asc,American Southwest Conference (ASC),2025-26,softball,East Texas Baptist,Avery Holland,,,,21,16,2,0,0,0,0,0,0,0,0,0,0,0,0,0,0,0,0,0,0,0,0,0,0,0.0,0,2,0,0.0,0.0,0.0,9,35,1,0,0,4,5,0,0,45,0.978,9,0.444,0.0,0.0,2.0,0.0,"0,1",0.0,0.0,1.0,"0,1",0.0,0.0,1.0,"0,1",0.0,0.0,1.0,0,0.0,0.0,0.0,0.0,0.0,0.0,0.0,"0,1",0,"0,1",0,0.0,0.0,0.0,"0,1",0.0,0.0,1.0,0.0,1.0,0.0,86.0,1.0,16.0,12.0,2.0,2.0,10.0,6.0,0.0,0.0,107.1,33.0,27.0,17.0,60.0,12.0,0.0,3.0,1.76,387.0,428.0,2.0,10.0,0.0,2.0,12.0,0.0,0.0,24.0,0.222,97.0,151.0,0.0,"4,13","5,20","5,18",0.0,"1,12",-1.5278295532259731,94,42,6146
asc,American Southwest Conference (ASC),2025-26,softball,Mary Hardin-Baylor,Ella Gamblin,,,,11,2,0,0,0,0,0,0,0,0,0,0,0,0,0,0,0,0,0,0,0,0,0,0,0,0.0,0,0,0,0.0,0.0,0.0,1,3,1,0,0,1,1,1,0,5,0.8,2,0.5,0.0,0.0,0.0,0.0,0,0.0,0.0,0.0,0,0.0,0.0,0.0,0,0.0,0.0,0.0,0,0.0,0.0,0.0,0.0,0.0,0.0,0.0,0,0,0,0,0.0,0.0,0.0,0,0.0,0.0,0.0,0.0,0.0,0.0,51.0,1.0,2.0,2.0,2.0,0.0,1.0,1.0,0.0,0.0,34.0,19.0,17.0,6.0,4.0,6.0,1.0,4.0,3.5,139.0,154.0,0.0,5.0,0.0,1.0,3.0,0.0,0.0,1.0,0.367,43.0,42.0,0.0,"1,3","3,4","3,5",0.0,"1,4",-1.5278295532259731,95,42,6098
asc,American Southwest Conference (ASC),2025-26,softball,Hardin-Simmons,Kelly Shackelford,,,,13,6,0,0,0,0,0,0,0,0,0,0,0,0,0,0,0,0,0,0,0,0,0,0,0,0.0,0,0,0,0.0,0.0,0.0,0,9,1,0,0,11,1,0,0,10,0.9,12,0.917,0.0,0.0,0.0,0.0,0,0.0,0.0,0.0,0,0.0,0.0,0.0,0,0.0,0.0,0.0,0,0.0,0.0,0.0,0.0,0.0,0.0,0.0,0,0,0,0,0.0,0.0,0.0,0,0.0,0.0,0.0,0.0,0.0,0.0,55.0,1.0,6.0,2.0,3.0,1.0,1.0,0.0,1.0,0.0,42.0,32.0,27.0,6.0,7.0,5.0,3.0,2.0,4.5,179.0,193.0,1.0,2.0,0.0,4.0,2.0,0.0,0.0,1.0,0.307,53.0,61.0,0.0,"1,4","6,11","1,4",0.0,"5,8",-1.5278295532259731,96,42,6145
asc,American Southwest Conference (ASC),2025-26,softball,East Texas Baptist,Perseis Aguilar,,,,12,3,10,1,0,1,0,0,0,1,0,0,3,0,0,0,0,0,0,0,0,0,0,0,0,0.091,0,11,0,0.0,0.0,0.0,27,1,0,0,0,2,0,0,0,28,1.0,2,1.0,0.0,1.0,4.0,3.0,"0,2",0.0,0.0,2.0,"0,5",0.0,0.0,5.0,"0,4",0.0,0.0,4.0,"0,1",0.0,0.0,1.0,0.0,0.0,0.0,0.0,"1,5","0,1","2,5","0,1",0.0,0.0,1.0,3,0.0,0.0,0.0,2.0,4.0,0.0,,,,,,,,,,,,,,,,,,,,,,,,,,,,,,,,,,,,,,,-1.5463423093023283,97,41,5905
asc,American Southwest Conference (ASC),2025-26,softball,Howard Payne,Iliana Buitron,,,,12,8,23,1,2,2,0,0,0,1,0,0,8,0,1,1,0,0,0,0,0,0,0,0,0,0.125,2,24,2,0.5,0.087,0.087,53,0,0,0,0,0,0,0,0,53,1.0,0,0.0,0.0,1.0,5.0,6.0,"0,3",0.0,0.0,3.0,"0,6",0.0,0.0,6.0,"0,5",0.0,0.0,5.0,"0,1",0.0,0.0,1.0,0.0,0.0,0.0,0.0,"2,6","0,2","0,6",1,0.0,0.0,0.0,12,0.0,0.0,0.0,0.0,5.0,0.0,0.0,0.0,0.0,0.0,0.0,0.0,0.0,0.0,0.0,0.0,0.0,0.0,0.0,0.0,0.0,0.0,0.0,0.0,0.0,0.0,0.0,0.0,0.0,0.0,0.0,0.0,0.0,0.0,0.0,0.0,,,,,,,,,-1.5545429690233912,98,41,5797
asc,American Southwest Conference (ASC),2025-26,softball,Howard Payne,Destiny Sanchez,,,,27,22,1,0,0,0,0,0,0,0,0,0,1,0,0,0,0,0,0,0,0,0,0,0,0,0.0,0,1,0,0.0,0.0,0.0,2,15,1,0,0,56,7,0,0,18,0.944,63,0.889,0.0,0.0,0.0,0.0,0,0.0,0.0,0.0,0,0.0,0.0,0.0,0,0.0,0.0,0.0,0,0.0,0.0,0.0,0.0,0.0,0.0,0.0,0,0,0,0,0.0,0.0,0.0,"0,1",0.0,0.0,1.0,0.0,0.0,0.0,167.0,1.0,22.0,4.0,16.0,0.0,2.0,0.0,0.0,0.0,79.1,116.0,100.0,36.0,14.0,29.0,5.0,9.0,8.82,397.0,448.0,7.0,5.0,0.0,2.0,8.0,0.0,0.0,3.0,0.421,123.0,64.0,0.0,"10,18","20,48","8,20",0.0,"12,26",-1.5623137681358226,99,41,6325
asc,American Southwest Conference (ASC),2025-26,softball,Howard Payne,Alyssa Silva,,,,19,4,4,0,0,0,0,0,0,1,0,0,2,1,0,0,0,0,0,0,0,0,0,0,0,0.2,0,5,0,0.0,0.0,0.0,0,14,1,0,0,25,5,1,0,15,0.933,30,0.833,0.0,0.0,1.0,0.0,0,0.0,0.0,0.0,"0,1",0.0,0.0,1.0,"0,1",0.0,0.0,1.0,0,0.0,0.0,0.0,0.0,0.0,0.0,0.0,0,0,"0,1",0,0.0,0.0,0.0,0,0.0,0.0,0.0,0.0,0.0,0.0,83.0,1.0,4.0,1.0,3.0,0.0,0.0,0.0,0.0,0.0,47.0,74.0,61.0,32.0,10.0,10.0,2.0,7.0,9.09,222.0,260.0,8.0,3.0,0.0,2.0,1.0,0.0,0.0,3.0,0.374,37.0,60.0,4.0,"13,24","13,53","2,8",0.0,"7,24",-1.596797983045672,100,41,6402
asc,American Southwest Conference (ASC),2025-26,softball,Hardin-Simmons,Hannah Aaron,,,,11,5,4,1,0,0,0,0,0,1,0,0,3,0,0,0,0,0,0,0,0,0,0,0,0,0.2,0,5,0,0.0,0.0,0.0,2,3,0,0,0,5,1,0,0,5,1.0,6,0.833,0.0,0.0,1.0,0.0,"0,3",0.0,0.0,3.0,"0,3",0.0,0.0,3.0,"0,2",0.0,0.0,2.0,0,0.0,0.0,0.0,0.0,0.0,0.0,0.0,0,0,"0,3",0,0.0,0.0,0.0,0,0.0,0.0,0.0,0.0,4.0,0.0,29.0,1.0,4.0,3.0,2.0,0.0,1.0,0.0,1.0,0.0,24.2,18.0,16.0,17.0,14.0,8.0,0.0,0.0,4.54,99.0,119.0,3.0,1.0,0.0,0.0,2.0,0.0,0.0,6.0,0.293,32.0,24.0,0.0,"1,1","2,2","1,6",0.0,"0,1",-1.5976442403726474,101,40,6377
asc,American Southwest Conference (ASC),2025-26,softball,Howard Payne,Ava Aviles,,,,32,21,9,0,0,0,0,0,0,0,0,0,7,4,0,0,0,0,0,0,0,0,0,0,0,0.0,0,9,0,0.0,0.0,0.0,13,16,2,0,0,45,4,0,0,31,0.935,49,0.918,0.0,0.0,2.0,0.0,"0,4",0.0,0.0,4.0,"0,5",0.0,0.0,5.0,"0,3",0.0,0.0,3.0,"0,1",0.0,0.0,1.0,0.0,0.0,0.0,0.0,"0,2",0,"1,5",0,0.0,0.0,0.0,0,0.0,0.0,0.0,1.0,4.0,0.0,153.0,1.0,17.0,2.0,13.0,0.0,6.0,1.0,0.0,0.0,93.2,110.0,91.0,42.0,26.0,21.0,7.0,8.0,6.8,423.0,489.0,3.0,3.0,0.0,10.0,11.0,0.0,0.0,2.0,0.362,156.0,72.0,0.0,"7,23","18,51","9,22",0.0,"19,41",-1.7692190575949196,102,40,6485
