conference_code,conference,season,sport,team,player_name,class_year,position,uniform,games_played,games_started,goal_stats_shootout_goals,goal_stats_free_positiong_goals,goal_stats_game_tying_goals,goal_stats_empty_net_goals,goal_stats_overtime_goals,goal_stats_first_goals,goal_stats_unassisted_goals,goal_stats_short_handed_goals,goal_stats_power_play_goals,goal_stats_game_winning_goals,goal_stats_hat_tricks,penalty_stats_number,penalty_stats_minutes,penalty_stats_fouls,penalty_stats_misc10,penalty_stats_miscgame,penalty_stats_miscgross,penalty_stats_match,penalty_stats_major,penalty_stats_minor,misc_stats_faceoffs_won,misc_stats_faceoffs_lost,misc_stats_total_faceoffs,misc_stats_faceoff_win_pct,misc_stats_faceoffs_won_pct,misc_stats_plus,misc_stats_minus,misc_stats_plusminus,misc_stats_blocks,shot_stats_shots_on_goal,shot_stats_shots,shot_stats_points,shot_stats_assists,shot_stats_goals,shot_stats_shots_pct,shot_stats_penalty_shot_goals,shot_stats_penalty_shots_attempted,goalie_stats_games_played,goalie_stats_minutes,goalie_stats_goals_allowed,goalie_stats_saves,goalie_stats_saves_by_prd,goalie_stats_shutouts,goalie_stats_win,goalie_stats_loss,goalie_stats_tie,goalie_stats_powerplay_goals_allowed,goalie_stats_shorthanded_goals_allowed,goalie_stats_emptynet_goals_allowed,goalie_stats_save_pct,goalie_stats_games_started,goalie_stats_penalty_shot_goals_allowed,goalie_stats_shootout_goals_allowed,goalie_stats_goals_against_avg,z_shot_stats_points,z_shot_stats_goals,z_shot_stats_assists,z_misc_stats_plusminus,z_penalty_stats_minutes,composite_score,rank,rating
ccc,The Commonwealth Coast Conference (CCC),2025-26,mhockey,Curry College,"Prewitt, Ryan",,0,2,26,10,0,,0,0,0,0,0,0,0,1,0,9,21:00,0,0,0,0,0,1,8,0,0,0,,0.0,24,19,5,19,0,35,12,10,2,0.06,0,0,,,,,,,,,,,,,,,,,,0.8225032586063364,-0.011589546269429015,1.282481232150265,0.4803057551431822,,,1,99
ccc,The Commonwealth Coast Conference (CCC),2025-26,mhockey,Curry College,"Friedman, Grady",,0,3,20,4,0,,0,0,0,1,0,0,1,0,0,16,32:00,0,0,0,0,0,0,16,2,2,4,0.5,1.0,12,8,4,8,0,64,8,2,6,0.09,0,0,,,,,,,,,,,,,,,,,,0.3172278969575135,1.18213371948176,-0.28386936363800336,0.3701242567473074,,,2,96
ccc,The Commonwealth Coast Conference (CCC),2025-26,mhockey,Curry College,"Kesselring, Mason",,0,4,20,4,0,,0,0,0,1,0,0,2,1,0,7,14:00,0,0,0,0,0,0,7,141,106,247,0.571,0.75,13,11,2,5,0,47,15,10,5,0.11,0,0,0.0,00:00,0.0,0.0,0.0,0.0,0.0,0.0,0.0,0.0,0.0,0.0,0.0,0.0,0.0,0.0,0.0,1.2014597798429538,0.8837029030439628,1.282481232150265,0.1497612599555579,,,3,94
ccc,The Commonwealth Coast Conference (CCC),2025-26,mhockey,Curry College,"Lariviere, Nicolas",,0,6,26,12,0,,0,0,0,0,0,0,0,0,0,11,22:00,0,0,0,0,0,0,11,0,0,0,,0.0,32,7,25,20,0,28,10,9,1,0.04,0,0,,,,,,,,,,,,,,,,,,0.569865577781925,-0.31002036270722627,1.0866874076767314,2.6839357230606775,,,4,93
ccc,The Commonwealth Coast Conference (CCC),2025-26,mhockey,Curry College,"DellaDonna, Andrew",,0,8,10,0,0,,0,0,0,0,0,0,0,0,0,3,06:00,0,0,0,0,0,0,3,2,0,2,1.0,100.0,4,3,1,2,0,18,2,2,0,0.0,0,0,,,,,,,,,,,,,,,,,,-0.44068514551572097,-0.6084511791450236,-0.28386936363800336,0.03957976155968316,,,5,92
ccc,The Commonwealth Coast Conference (CCC),2025-26,mhockey,Curry College,"Haddon-Harris, Taurin",,0,9,26,9,0,,0,0,0,0,0,0,1,2,0,7,14:00,0,0,0,0,0,0,7,183,147,330,0.555,0.8,28,9,19,8,0,54,18,14,4,0.07,0,0,,,,,,,,,,,,,,,,,,1.580416301079571,0.5852720866061655,2.065656530044399,2.0228467326854287,,,6,91
ccc,The Commonwealth Coast Conference (CCC),2025-26,mhockey,Curry College,"Gayfullin, Karim",,0,10,26,12,0,,0,0,0,1,0,0,1,0,0,5,10:00,0,0,0,0,0,0,5,248,193,441,0.562,0.78,18,13,5,11,0,50,13,11,2,0.04,0,0,,,,,,,,,,,,,,,,,,0.9488220990185422,-0.011589546269429015,1.4782750566237985,0.4803057551431822,,,7,91
ccc,The Commonwealth Coast Conference (CCC),2025-26,mhockey,Curry College,"Connor, Matt",,0,11,16,2,0,,0,0,0,0,0,0,0,0,0,5,10:00,0,0,0,0,0,0,5,0,0,0,,0.0,13,11,2,1,0,39,5,5,0,0.0,0,0,,,,,,,,,,,,,,,,,,-0.061728624279103736,-0.6084511791450236,0.3035121097825973,0.1497612599555579,,,8,90
ccc,The Commonwealth Coast Conference (CCC),2025-26,mhockey,Curry College,"McDonough, Nolan",,0,12,18,8,0,,0,0,0,0,0,0,0,0,0,2,12:00,0,0,1,0,0,0,1,1,2,3,0.333,2.0,12,9,3,5,0,26,7,4,3,0.12,0,0,,,,,,,,,,,,,,,,,,0.19090905654530776,0.28684127016836825,0.10771828530906376,0.25994275835143266,,,9,89
ccc,The Commonwealth Coast Conference (CCC),2025-26,mhockey,Curry College,"Uzzell, Chance",,0,13,11,1,0,,0,0,0,0,0,0,0,1,0,3,06:00,0,0,0,0,0,0,3,1,0,1,1.0,100.0,6,2,4,2,0,16,4,2,2,0.13,0,0,,,,,,,,,,,,,,,,,,-0.18804746469130948,-0.011589546269429015,-0.28386936363800336,0.3701242567473074,,,10,89
ccc,The Commonwealth Coast Conference (CCC),2025-26,mhockey,Curry College,"Dill, Gage",,0,14,26,16,0,,0,2,0,5,2,0,1,1,0,6,12:00,0,0,0,0,0,0,6,9,8,17,0.529,0.89,25,12,13,11,0,76,24,13,11,0.14,0,0,,,,,,,,,,,,,,,,,,2.3383293435528056,2.6742878016707463,1.8698627055708656,1.36175774231018,,,11,88
ccc,The Commonwealth Coast Conference (CCC),2025-26,mhockey,Curry College,"Patriksson, Wilhelm",,0,15,0,0,0,,0,0,0,0,0,0,0,0,0,0,00:00,0,0,0,0,0,0,0,0,0,0,,0.0,0,0,0,0,0,0,0,0,0,0.0,0,0,,,,,,,,,,,,,,,,,,-0.6933228263401324,-0.6084511791450236,-0.6754570125850705,-0.0706017368361916,,,12,88
ccc,The Commonwealth Coast Conference (CCC),2025-26,mhockey,Curry College,"Galassi, Jesse",,0,16,26,4,0,,0,2,0,0,0,0,2,2,0,8,16:00,0,0,0,0,0,0,8,0,0,0,,0.0,24,17,7,8,0,67,19,12,7,0.1,0,0,,,,,,,,,,,,,,,,,,1.7067351414917769,1.4805645359195574,1.674068881097332,0.7006687519349317,,,13,87
ccc,The Commonwealth Coast Conference (CCC),2025-26,mhockey,Curry College,"Daigneault, Victor",,0,17,26,9,0,,0,1,0,0,0,0,1,0,0,9,26:00,0,0,1,0,0,0,8,22,28,50,0.44,1.27,19,16,3,10,0,57,19,15,4,0.07,0,0,,,,,,,,,,,,,,,,,,1.7067351414917769,0.5852720866061655,2.2614503545179327,0.25994275835143266,,,14,87
ccc,The Commonwealth Coast Conference (CCC),2025-26,mhockey,Curry College,"Rowlee, Killian",,0,19,23,3,0,,1,0,0,2,0,3,4,3,1,3,06:00,0,0,0,0,0,0,3,7,7,14,0.5,1.0,20,9,11,8,0,66,19,5,14,0.21,0,0,,,,,,,,,,,,,,,,,,1.7067351414917769,3.569580250984138,0.3035121097825973,1.1413947455184306,,,15,86
ccc,The Commonwealth Coast Conference (CCC),2025-26,mhockey,Curry College,"Biester, Ben",,0,20,25,1,0,,0,0,0,0,0,1,0,1,0,5,10:00,0,0,0,0,0,0,5,114,138,252,0.452,1.21,16,10,6,8,0,32,8,7,1,0.03,0,0,,,,,,,,,,,,,,,,,,0.3172278969575135,-0.31002036270722627,0.6950997587296645,0.590487253539057,,,16,86
ccc,The Commonwealth Coast Conference (CCC),2025-26,mhockey,Curry College,"Morton, Andrew",,0,21,12,1,0,,0,0,0,1,0,0,0,1,0,2,04:00,0,0,0,0,0,0,2,25,18,43,0.581,0.72,12,8,4,4,0,22,10,4,6,0.27,0,0,,,,,,,,,,,,,,,,,,0.569865577781925,1.18213371948176,0.10771828530906376,0.3701242567473074,,,17,86
ccc,The Commonwealth Coast Conference (CCC),2025-26,mhockey,Curry College,"Moreira, JP",,0,22,18,3,0,,0,0,0,0,0,0,0,0,0,2,04:00,0,0,0,0,0,0,2,0,0,0,,0.0,20,7,13,18,0,16,7,6,1,0.06,0,0,,,,,,,,,,,,,,,,,,0.19090905654530776,-0.31002036270722627,0.4993059342561309,1.36175774231018,,,18,85
ccc,The Commonwealth Coast Conference (CCC),2025-26,mhockey,Curry College,"Isherwood, Tyler",,0,23,19,1,0,,0,0,0,1,0,0,0,0,0,4,08:00,0,0,0,0,0,0,4,123,86,209,0.589,0.7,15,10,5,3,0,31,11,8,3,0.1,0,0,,,,,,,,,,,,,,,,,,0.6961844181941308,0.28684127016836825,0.8908935832031979,0.4803057551431822,,,19,85
ccc,The Commonwealth Coast Conference (CCC),2025-26,mhockey,Curry College,"Rothstein, Blake",,0,24,12,0,0,,0,0,0,1,0,0,0,2,1,4,08:00,0,0,0,0,0,0,4,3,3,6,0.5,1.0,12,4,8,5,0,40,10,4,6,0.15,0,0,,,,,,,,,,,,,,,,,,0.569865577781925,1.18213371948176,0.10771828530906376,0.8108502503308065,,,20,84
ccc,The Commonwealth Coast Conference (CCC),2025-26,mhockey,Curry College,"Carr, Shane",,0,25,23,8,0,,0,0,0,0,0,0,2,0,0,5,10:00,0,0,0,0,0,0,5,0,0,0,,0.0,14,15,-1,11,0,61,13,8,5,0.08,0,0,,,,,,,,,,,,,,,,,,0.9488220990185422,0.8837029030439628,0.8908935832031979,-0.18078323523206635,,,21,84
ccc,The Commonwealth Coast Conference (CCC),2025-26,mhockey,Curry College,"Weinger, Cole",,0,26,16,2,0,,0,0,0,0,0,0,0,0,0,2,04:00,0,0,0,0,0,0,2,1,0,1,1.0,100.0,11,10,1,15,0,26,4,4,0,0.0,0,0,,,,,,,,,,,,,,,,,,-0.18804746469130948,-0.6084511791450236,0.10771828530906376,0.03957976155968316,,,22,84
ccc,The Commonwealth Coast Conference (CCC),2025-26,mhockey,Curry College,"Cabral, Manny",,0,27,22,5,0,,0,1,0,2,0,0,3,1,0,7,22:00,0,1,0,0,0,0,6,12,5,17,0.706,0.42,15,9,6,6,0,58,19,9,10,0.17,0,0,,,,,,,,,,,,,,,,,,1.7067351414917769,2.375856985232949,1.0866874076767314,0.590487253539057,,,23,83
ccc,The Commonwealth Coast Conference (CCC),2025-26,mhockey,Curry College,"Otwell, Jett",,0,28,20,4,0,,0,0,0,2,0,0,0,0,0,1,02:00,0,0,0,0,0,0,1,12,13,25,0.48,1.08,16,9,7,7,0,34,14,8,6,0.18,0,0,,,,,,,,,,,,,,,,,,1.075140939430748,1.18213371948176,0.8908935832031979,0.7006687519349317,,,24,83
ccc,The Commonwealth Coast Conference (CCC),2025-26,mhockey,Curry College,"Lundgren, Max",,0,29,9,1,0,,0,0,0,0,0,0,0,0,0,1,02:00,0,0,0,0,0,0,1,2,2,4,0.5,1.0,0,6,-6,2,0,5,0,0,0,0.0,0,0,,,,,,,,,,,,,,,,,,-0.6933228263401324,-0.6084511791450236,-0.6754570125850705,-0.7316907272114401,,,25,83
ccc,The Commonwealth Coast Conference (CCC),2025-26,mhockey,Curry College,"Soderling, Casper",,0,35,19,9,0,,0,0,0,0,0,0,2,0,0,5,10:00,0,0,0,0,0,0,5,0,0,0,,0.0,17,8,9,9,0,35,5,3,2,0.06,0,0,,,,,,,,,,,,,,,,,,-0.061728624279103736,-0.011589546269429015,-0.08807553916446981,0.9210317487266811,,,26,82
ccc,The Commonwealth Coast Conference (CCC),2025-26,mhockey,Curry College,"Rhodes, Ryan",,0,30,4,4,0,,0,0,0,0,0,0,0,0,0,0,00:00,0,0,0,0,0,0,0,0,0,0,,0.0,0,0,0,0,0,0,0,0,0,0.0,0,0,4.0,243:46,10.0,102.0,0.0,0.0,1.0,1.0,1.0,4.0,0.0,0.0,0.911,4.0,0.0,0.0,2.46,-0.6933228263401324,-0.6084511791450236,-0.6754570125850705,-0.0706017368361916,,,27,82
ccc,The Commonwealth Coast Conference (CCC),2025-26,mhockey,Curry College,"Smith, Cam",,0,31,14,14,0,,0,0,0,0,0,0,0,0,0,0,00:00,0,0,0,0,0,0,0,0,0,0,,0.0,0,0,0,0,0,0,1,1,0,0.0,0,0,14.0,834:03,30.0,308.0,0.0,0.0,1.0,1.0,0.0,6.0,2.0,0.0,0.911,11.0,0.0,0.0,2.16,-0.5670039859279267,-0.6084511791450236,-0.47966318811153696,-0.0706017368361916,,,28,82
ccc,The Commonwealth Coast Conference (CCC),2025-26,mhockey,Curry College,"Heaney, Thomas",,0,33,9,8,0,,0,0,0,0,0,0,0,0,0,0,00:00,0,0,0,0,0,0,0,0,0,0,,0.0,0,0,0,0,0,0,2,2,0,0.0,0,0,8.0,479:10,17.0,163.0,4103.0,0.0,1.0,1.0,0.0,4.0,0.0,0.0,0.906,8.0,0.0,0.0,2.13,-0.44068514551572097,-0.6084511791450236,-0.28386936363800336,-0.0706017368361916,,,29,81
ccc,The Commonwealth Coast Conference (CCC),2025-26,mhockey,Curry College,Casper S&ouml;derlin,,d,35,1,1,0,,0,0,0,0,0,0,0,0,0,0,00:00,0,0,0,0,0,0,0,0,0,0,,0.0,4,0,4,0,0,1,1,1,0,0.0,0,0,,,,,,,,,,,,,,,,,,-0.5670039859279267,-0.6084511791450236,-0.47966318811153696,0.3701242567473074,,,30,81
ccc,The Commonwealth Coast Conference (CCC),2025-26,mhockey,Endicott College,Peter Sterling,,g,1,25,24,0,,0,0,0,0,0,0,0,0,0,1,02:00,0,0,0,0,0,0,1,0,0,0,,0.0,0,0,0,0,0,0,1,1,0,0.0,0,0,25.0,1476:27,40.0,544.0,41494149.0,0.0,1.0,1.0,1.0,10.0,0.0,0.0,0.932,21.0,0.0,0.0,1.63,-0.5670039859279267,-0.6084511791450236,-0.47966318811153696,-0.0706017368361916,,,31,81
ccc,The Commonwealth Coast Conference (CCC),2025-26,mhockey,Endicott College,James Hooley,,0,2,26,0,0,,0,0,0,0,0,0,0,1,0,3,06:00,0,0,0,0,0,0,3,0,1,1,0.0,0.0,33,6,27,19,0,50,9,8,1,0.02,0,0,,,,,,,,,,,,,,,,,,0.4435467373697192,-0.31002036270722627,0.8908935832031979,2.904298719852427,,,32,80
ccc,The Commonwealth Coast Conference (CCC),2025-26,mhockey,Endicott College,Carson Nickulas,,0,3,8,0,0,,0,0,0,0,0,0,1,0,0,1,02:00,0,0,0,0,0,0,1,0,0,0,,0.0,10,2,8,6,0,18,9,8,1,0.06,0,0,,,,,,,,,,,,,,,,,,0.4435467373697192,-0.31002036270722627,0.8908935832031979,0.8108502503308065,,,33,80
ccc,The Commonwealth Coast Conference (CCC),2025-26,mhockey,Endicott College,Brad Zona,,0,4,18,0,0,,0,0,0,0,0,0,0,0,0,3,06:00,0,0,0,0,0,0,3,0,0,0,,0.0,20,10,10,19,0,38,12,10,2,0.05,0,0,,,,,,,,,,,,,,,,,,0.8225032586063364,-0.011589546269429015,1.282481232150265,1.031213247122556,,,34,80
ccc,The Commonwealth Coast Conference (CCC),2025-26,mhockey,Endicott College,Charlie Killian,,0,5,1,1,0,,0,0,0,0,0,0,0,0,0,0,00:00,0,0,0,0,0,0,0,0,0,0,,0.0,0,0,0,1,0,0,0,0,0,0.0,0,0,,,,,,,,,,,,,,,,,,-0.6933228263401324,-0.6084511791450236,-0.6754570125850705,-0.0706017368361916,,,35,79
ccc,The Commonwealth Coast Conference (CCC),2025-26,mhockey,Endicott College,Antti Autere,,0,6,25,5,0,,0,0,0,0,0,0,0,0,0,15,30:00,0,0,0,0,0,0,15,0,0,0,,0.0,40,10,30,31,0,45,6,6,0,0.0,0,0,,,,,,,,,,,,,,,,,,0.06459021613310201,-0.6084511791450236,0.4993059342561309,3.2348432150400512,,,36,79
ccc,The Commonwealth Coast Conference (CCC),2025-26,mhockey,Endicott College,Dom Metro,,0,7,0,0,0,,0,0,0,0,0,0,0,0,0,0,00:00,0,0,0,0,0,0,0,0,0,0,,0.0,0,0,0,0,0,0,0,0,0,0.0,0,0,,,,,,,,,,,,,,,,,,-0.6933228263401324,-0.6084511791450236,-0.6754570125850705,-0.0706017368361916,,,37,79
ccc,The Commonwealth Coast Conference (CCC),2025-26,mhockey,Endicott College,Jack Costanzo,,0,8,24,1,0,,1,0,0,1,0,0,1,0,0,14,36:00,0,0,1,0,0,0,13,188,106,294,0.639,0.56,27,10,17,5,0,44,24,18,6,0.14,0,0,,,,,,,,,,,,,,,,,,2.3383293435528056,1.18213371948176,2.8488318279385334,1.8024837358936794,,,38,79
ccc,The Commonwealth Coast Conference (CCC),2025-26,mhockey,Endicott College,Sebastian Speck,,0,9,25,0,0,,0,0,0,3,0,0,1,5,0,9,18:00,0,0,0,0,0,0,9,180,165,345,0.522,0.92,33,7,26,6,0,74,24,16,8,0.11,0,0,,,,,,,,,,,,,,,,,,2.3383293435528056,1.7789953523573545,2.4572441789914663,2.794117221456552,,,39,78
ccc,The Commonwealth Coast Conference (CCC),2025-26,mhockey,Endicott College,Noah Gibbs,,0,10,26,0,0,,0,1,0,3,1,1,2,0,0,3,06:00,0,0,0,0,0,0,3,1,3,4,0.25,3.0,33,6,27,8,0,68,24,12,12,0.18,0,0,,,,,,,,,,,,,,,,,,2.3383293435528056,2.9727186181085434,1.674068881097332,2.904298719852427,,,40,78
ccc,The Commonwealth Coast Conference (CCC),2025-26,mhockey,Endicott College,Chase LeClerc,,0,11,1,0,0,,0,0,0,0,0,0,0,0,0,0,00:00,0,0,0,0,0,0,0,0,0,0,,0.0,0,0,0,0,0,0,0,0,0,0.0,0,0,,,,,,,,,,,,,,,,,,-0.6933228263401324,-0.6084511791450236,-0.6754570125850705,-0.0706017368361916,,,41,78
ccc,The Commonwealth Coast Conference (CCC),2025-26,mhockey,Endicott College,Michael Casey,,rw,12,26,24,0,,0,3,0,1,2,2,0,2,0,5,10:00,0,0,0,0,0,0,5,290,194,484,0.599,0.67,18,10,8,4,0,53,17,10,7,0.13,0,0,,,,,,,,,,,,,,,,,,1.4540974606673653,1.4805645359195574,1.282481232150265,0.8108502503308065,,,42,77
ccc,The Commonwealth Coast Conference (CCC),2025-26,mhockey,Endicott College,Lou Kamienski,,0,13,26,0,0,,1,0,0,2,1,0,2,2,0,3,06:00,0,0,0,0,0,0,3,35,33,68,0.515,0.94,28,6,22,12,0,93,28,16,12,0.13,0,1,,,,,,,,,,,,,,,,,,2.8436047052016287,2.9727186181085434,2.4572441789914663,2.353391227873053,,,43,77
ccc,The Commonwealth Coast Conference (CCC),2025-26,mhockey,Endicott College,Ryan Vaites,,0,14,3,0,0,,0,0,0,0,0,0,0,0,0,0,00:00,0,0,0,0,0,0,0,0,0,0,,0.0,4,1,3,1,0,6,1,0,1,0.17,0,0,,,,,,,,,,,,,,,,,,-0.5670039859279267,-0.31002036270722627,-0.6754570125850705,0.25994275835143266,,,44,77
ccc,The Commonwealth Coast Conference (CCC),2025-26,mhockey,Endicott College,Kyle Furey,,d,15,26,26,0,,0,1,0,0,0,0,0,1,0,2,04:00,0,0,0,0,0,0,2,0,1,1,0.0,0.0,36,12,24,21,0,58,20,17,3,0.05,0,0,,,,,,,,,,,,,,,,,,1.8330539819039826,0.28684127016836825,2.653038003465,2.5737542246648024,,,45,77
ccc,The Commonwealth Coast Conference (CCC),2025-26,mhockey,Endicott College,Anthony Cafarelli,,0,16,21,2,0,,0,1,0,2,0,0,2,2,0,4,08:00,0,0,0,0,0,0,4,3,1,4,0.75,0.33,22,7,15,5,0,61,15,3,12,0.2,0,0,,,,,,,,,,,,,,,,,,1.2014597798429538,2.9727186181085434,-0.08807553916446981,1.5821207391019296,,,46,76
ccc,The Commonwealth Coast Conference (CCC),2025-26,mhockey,Endicott College,Ben Jenkinson,,0,17,26,1,0,,0,0,0,0,0,0,0,1,0,2,04:00,0,0,0,0,0,0,2,180,156,336,0.536,0.87,22,4,18,14,0,34,9,5,4,0.12,0,0,,,,,,,,,,,,,,,,,,0.4435467373697192,0.5852720866061655,0.3035121097825973,1.912665234289554,,,47,76
ccc,The Commonwealth Coast Conference (CCC),2025-26,mhockey,Endicott College,Cade Baker,,0,18,11,2,0,,0,0,0,0,0,0,0,0,0,0,00:00,0,0,0,0,0,0,0,6,6,12,0.5,1.0,10,5,5,0,0,18,3,3,0,0.0,0,0,,,,,,,,,,,,,,,,,,-0.3143663051035152,-0.6084511791450236,-0.08807553916446981,0.4803057551431822,,,48,76
ccc,The Commonwealth Coast Conference (CCC),2025-26,mhockey,Endicott College,Mark D'Agostino,,0,19,11,2,0,,0,0,0,0,0,0,0,0,0,3,06:00,0,0,0,0,0,0,3,13,7,20,0.65,0.0,7,5,2,2,0,22,5,3,2,0.09,0,0,,,,,,,,,,,,,,,,,,-0.061728624279103736,-0.011589546269429015,-0.08807553916446981,0.1497612599555579,,,49,76
ccc,The Commonwealth Coast Conference (CCC),2025-26,mhockey,Endicott College,Sean Bradley,,0,20,15,1,0,,0,0,0,0,0,1,0,0,0,5,10:00,0,0,0,0,0,0,5,17,14,31,0.548,0.82,4,3,1,4,0,11,3,1,2,0.18,0,0,,,,,,,,,,,,,,,,,,-0.3143663051035152,-0.011589546269429015,-0.47966318811153696,0.03957976155968316,,,50,75
ccc,The Commonwealth Coast Conference (CCC),2025-26,mhockey,Endicott College,Therien Thiesing,,0,21,19,4,0,,0,0,0,0,0,0,0,0,0,5,18:00,0,0,1,0,0,0,4,0,0,0,,0.0,15,8,7,22,0,47,8,6,2,0.04,0,0,,,,,,,,,,,,,,,,,,0.3172278969575135,-0.011589546269429015,0.4993059342561309,0.7006687519349317,,,51,75
ccc,The Commonwealth Coast Conference (CCC),2025-26,mhockey,Endicott College,Brad Cox,,0,22,0,0,0,,0,0,0,0,0,0,0,0,0,0,00:00,0,0,0,0,0,0,0,0,0,0,,0.0,0,0,0,0,0,0,0,0,0,0.0,0,0,,,,,,,,,,,,,,,,,,-0.6933228263401324,-0.6084511791450236,-0.6754570125850705,-0.0706017368361916,,,52,75
ccc,The Commonwealth Coast Conference (CCC),2025-26,mhockey,Endicott College,Payton Miller,,0,23,19,1,0,,0,2,0,1,1,0,0,1,0,3,06:00,0,0,0,0,0,0,3,3,2,5,0.6,0.67,15,0,15,4,0,57,10,6,4,0.07,0,0,,,,,,,,,,,,,,,,,,0.569865577781925,0.5852720866061655,0.4993059342561309,1.5821207391019296,,,53,75
ccc,The Commonwealth Coast Conference (CCC),2025-26,mhockey,Endicott College,Primo Self,,c,24,23,21,0,,0,1,0,2,1,0,4,2,0,7,33:00,0,0,2,0,0,1,4,1,4,5,0.2,4.0,13,8,5,4,0,46,11,2,9,0.2,0,0,,,,,,,,,,,,,,,,,,0.6961844181941308,2.0774261687951516,-0.28386936363800336,0.4803057551431822,,,54,75
ccc,The Commonwealth Coast Conference (CCC),2025-26,mhockey,Endicott College,John Goldowski,,0,25,26,1,0,,0,1,0,1,0,1,0,0,0,5,18:00,0,1,0,0,0,0,4,13,13,26,0.5,1.0,23,3,20,3,0,63,17,9,8,0.13,0,0,,,,,,,,,,,,,,,,,,1.4540974606673653,1.7789953523573545,1.0866874076767314,2.133028231081304,,,55,74
ccc,The Commonwealth Coast Conference (CCC),2025-26,mhockey,Endicott College,Collin Kleiser,,d,26,23,15,0,,0,0,0,1,2,0,0,0,0,4,08:00,0,0,0,0,0,0,4,0,1,1,0.0,0.0,32,11,21,23,0,83,16,11,5,0.06,0,0,,,,,,,,,,,,,,,,,,1.3277786202551596,0.8837029030439628,1.4782750566237985,2.2432097294771784,,,56,74
ccc,The Commonwealth Coast Conference (CCC),2025-26,mhockey,Endicott College,Will Welburn,,0,27,0,0,0,,0,0,0,0,0,0,0,0,0,0,00:00,0,0,0,0,0,0,0,0,0,0,,0.0,0,0,0,0,0,0,0,0,0,0.0,0,0,,,,,,,,,,,,,,,,,,-0.6933228263401324,-0.6084511791450236,-0.6754570125850705,-0.0706017368361916,,,57,74
ccc,The Commonwealth Coast Conference (CCC),2025-26,mhockey,Endicott College,Krystian Jaks,,0,30,1,0,0,,0,0,0,0,0,0,0,0,0,0,00:00,0,0,0,0,0,0,0,0,0,0,,0.0,0,0,0,0,0,0,0,0,0,0.0,0,0,1.0,10:00,0.0,6.0,0.0,0.0,0.0,0.0,0.0,0.0,0.0,0.0,1.0,0.0,0.0,0.0,0.0,-0.6933228263401324,-0.6084511791450236,-0.6754570125850705,-0.0706017368361916,,,58,74
ccc,The Commonwealth Coast Conference (CCC),2025-26,mhockey,Endicott College,Matt Schoephoerster,,0,31,2,2,0,,0,0,0,0,0,0,0,0,0,0,00:00,0,0,0,0,0,0,0,0,0,0,,0.0,0,0,0,0,0,0,0,0,0,0.0,0,0,2.0,85:29,3.0,29.0,0.0,0.0,0.0,0.0,1.0,1.0,0.0,0.0,0.906,1.0,0.0,0.0,2.11,-0.6933228263401324,-0.6084511791450236,-0.6754570125850705,-0.0706017368361916,,,59,73
ccc,The Commonwealth Coast Conference (CCC),2025-26,mhockey,Endicott College,Hudson Blue,,0,33,24,16,0,,0,0,0,0,0,0,0,1,0,5,26:00,0,1,0,0,0,0,3,2,1,3,0.667,0.5,11,10,1,6,0,49,5,4,1,0.02,0,0,,,,,,,,,,,,,,,,,,-0.061728624279103736,-0.31002036270722627,0.10771828530906376,0.03957976155968316,,,60,73
ccc,The Commonwealth Coast Conference (CCC),2025-26,mhockey,Endicott College,Taybor Aldrich,,0,34,19,1,0,,0,0,0,0,0,0,0,1,0,2,04:00,0,0,0,0,0,0,2,3,5,8,0.375,1.67,17,6,11,2,0,32,11,5,6,0.19,0,0,,,,,,,,,,,,,,,,,,0.6961844181941308,1.18213371948176,0.3035121097825973,1.1413947455184306,,,61,73
ccc,The Commonwealth Coast Conference (CCC),2025-26,mhockey,Endicott College,Matthew Boczar,,0,44,1,0,0,,0,0,0,0,0,0,0,0,0,1,02:00,0,0,0,0,0,0,1,0,0,0,,0.0,2,0,2,0,0,2,0,0,0,0.0,0,0,,,,,,,,,,,,,,,,,,-0.6933228263401324,-0.6084511791450236,-0.6754570125850705,0.1497612599555579,,,62,73
ccc,The Commonwealth Coast Conference (CCC),2025-26,mhockey,Endicott College,Conner Chalmers,,0,55,8,0,0,,0,0,0,0,0,0,0,1,0,2,04:00,0,0,0,0,0,0,2,0,0,0,,0.0,6,3,3,6,0,14,4,1,3,0.21,0,0,,,,,,,,,,,,,,,,,,-0.18804746469130948,0.28684127016836825,-0.47966318811153696,0.25994275835143266,,,63,73
ccc,The Commonwealth Coast Conference (CCC),2025-26,mhockey,Endicott College,Ty Gaulin,,lw,90,13,6,0,,0,0,0,1,0,0,0,0,0,3,06:00,0,0,0,0,0,0,3,3,1,4,0.75,0.0,5,2,3,1,0,25,4,3,1,0.04,0,0,,,,,,,,,,,,,,,,,,-0.18804746469130948,-0.31002036270722627,-0.08807553916446981,0.25994275835143266,,,64,72
ccc,The Commonwealth Coast Conference (CCC),2025-26,mhockey,Endicott College,"Corso, Lilly",,0,2,0,0,0,,0,0,0,0,0,0,0,0,0,0,00:00,0,0,0,0,0,0,0,0,0,0,,0.0,0,0,0,0,0,0,0,0,0,0.0,0,0,,,,,,,,,,,,,,,,,,-0.6933228263401324,-0.6084511791450236,-0.6754570125850705,-0.0706017368361916,,,65,72
ccc,The Commonwealth Coast Conference (CCC),2025-26,mhockey,Endicott College,"Tewsbury, Lilly",,0,4,0,0,0,,0,0,0,0,0,0,0,0,0,0,00:00,0,0,0,0,0,0,0,0,0,0,,0.0,0,0,0,0,0,0,0,0,0,0.0,0,0,,,,,,,,,,,,,,,,,,-0.6933228263401324,-0.6084511791450236,-0.6754570125850705,-0.0706017368361916,,,66,72
ccc,The Commonwealth Coast Conference (CCC),2025-26,mhockey,Endicott College,"Perkins, Riley",,0,7,0,0,0,,0,0,0,0,0,0,0,0,0,0,00:00,0,0,0,0,0,0,0,0,0,0,,0.0,0,0,0,0,0,0,0,0,0,0.0,0,0,,,,,,,,,,,,,,,,,,-0.6933228263401324,-0.6084511791450236,-0.6754570125850705,-0.0706017368361916,,,67,72
ccc,The Commonwealth Coast Conference (CCC),2025-26,mhockey,Endicott College,"Carrigan, Julia",,0,8,0,0,0,,0,0,0,0,0,0,0,0,0,0,00:00,0,0,0,0,0,0,0,0,0,0,,0.0,0,0,0,0,0,0,0,0,0,0.0,0,0,,,,,,,,,,,,,,,,,,-0.6933228263401324,-0.6084511791450236,-0.6754570125850705,-0.0706017368361916,,,68,71
ccc,The Commonwealth Coast Conference (CCC),2025-26,mhockey,Endicott College,"Rago, Ella",,0,9,0,0,0,,0,0,0,0,0,0,0,0,0,0,00:00,0,0,0,0,0,0,0,0,0,0,,0.0,0,0,0,0,0,0,0,0,0,0.0,0,0,,,,,,,,,,,,,,,,,,-0.6933228263401324,-0.6084511791450236,-0.6754570125850705,-0.0706017368361916,,,69,71
ccc,The Commonwealth Coast Conference (CCC),2025-26,mhockey,Endicott College,"Anderson, Lily",,0,10,0,0,0,,0,0,0,0,0,0,0,0,0,0,00:00,0,0,0,0,0,0,0,0,0,0,,0.0,0,0,0,0,0,0,0,0,0,0.0,0,0,,,,,,,,,,,,,,,,,,-0.6933228263401324,-0.6084511791450236,-0.6754570125850705,-0.0706017368361916,,,70,71
ccc,The Commonwealth Coast Conference (CCC),2025-26,mhockey,Endicott College,"Hydon, Kenzie",,0,11,0,0,0,,0,0,0,0,0,0,0,0,0,0,00:00,0,0,0,0,0,0,0,0,0,0,,0.0,0,0,0,0,0,0,0,0,0,0.0,0,0,,,,,,,,,,,,,,,,,,-0.6933228263401324,-0.6084511791450236,-0.6754570125850705,-0.0706017368361916,,,71,71
ccc,The Commonwealth Coast Conference (CCC),2025-26,mhockey,Endicott College,"Kurrle, Gracyn",,0,12,0,0,0,,0,0,0,0,0,0,0,0,0,0,00:00,0,0,0,0,0,0,0,0,0,0,,0.0,0,0,0,0,0,0,0,0,0,0.0,0,0,,,,,,,,,,,,,,,,,,-0.6933228263401324,-0.6084511791450236,-0.6754570125850705,-0.0706017368361916,,,72,71
ccc,The Commonwealth Coast Conference (CCC),2025-26,mhockey,Endicott College,"Hall, Teaghan",,0,14,0,0,0,,0,0,0,0,0,0,0,0,0,0,00:00,0,0,0,0,0,0,0,0,0,0,,0.0,0,0,0,0,0,0,0,0,0,0.0,0,0,,,,,,,,,,,,,,,,,,-0.6933228263401324,-0.6084511791450236,-0.6754570125850705,-0.0706017368361916,,,73,70
ccc,The Commonwealth Coast Conference (CCC),2025-26,mhockey,Endicott College,"Barto, Ellen",,0,15,0,0,0,,0,0,0,0,0,0,0,0,0,0,00:00,0,0,0,0,0,0,0,0,0,0,,0.0,0,0,0,0,0,0,0,0,0,0.0,0,0,,,,,,,,,,,,,,,,,,-0.6933228263401324,-0.6084511791450236,-0.6754570125850705,-0.0706017368361916,,,74,70
ccc,The Commonwealth Coast Conference (CCC),2025-26,mhockey,Endicott College,"Baker, Ava",,0,17,0,0,0,,0,0,0,0,0,0,0,0,0,0,00:00,0,0,0,0,0,0,0,0,0,0,,0.0,0,0,0,0,0,0,0,0,0,0.0,0,0,,,,,,,,,,,,,,,,,,-0.6933228263401324,-0.6084511791450236,-0.6754570125850705,-0.0706017368361916,,,75,70
ccc,The Commonwealth Coast Conference (CCC),2025-26,mhockey,Endicott College,"Brown, Joey",,0,18,0,0,0,,0,0,0,0,0,0,0,0,0,0,00:00,0,0,0,0,0,0,0,0,0,0,,0.0,0,0,0,0,0,0,0,0,0,0.0,0,0,,,,,,,,,,,,,,,,,,-0.6933228263401324,-0.6084511791450236,-0.6754570125850705,-0.0706017368361916,,,76,70
ccc,The Commonwealth Coast Conference (CCC),2025-26,mhockey,Endicott College,"Wimler, Jo",,0,19,0,0,0,,0,0,0,0,0,0,0,0,0,0,00:00,0,0,0,0,0,0,0,0,0,0,,0.0,0,0,0,0,0,0,0,0,0,0.0,0,0,,,,,,,,,,,,,,,,,,-0.6933228263401324,-0.6084511791450236,-0.6754570125850705,-0.0706017368361916,,,77,70
ccc,The Commonwealth Coast Conference (CCC),2025-26,mhockey,Endicott College,"DiNardo, Maddie",,0,20,0,0,0,,0,0,0,0,0,0,0,0,0,0,00:00,0,0,0,0,0,0,0,0,0,0,,0.0,0,0,0,0,0,0,0,0,0,0.0,0,0,,,,,,,,,,,,,,,,,,-0.6933228263401324,-0.6084511791450236,-0.6754570125850705,-0.0706017368361916,,,78,70
ccc,The Commonwealth Coast Conference (CCC),2025-26,mhockey,Endicott College,"Echavarria, Adriana",,0,21,0,0,0,,0,0,0,0,0,0,0,0,0,0,00:00,0,0,0,0,0,0,0,0,0,0,,0.0,0,0,0,0,0,0,0,0,0,0.0,0,0,,,,,,,,,,,,,,,,,,-0.6933228263401324,-0.6084511791450236,-0.6754570125850705,-0.0706017368361916,,,79,69
ccc,The Commonwealth Coast Conference (CCC),2025-26,mhockey,Endicott College,"Holt, Maggie",,0,23,0,0,0,,0,0,0,0,0,0,0,0,0,0,00:00,0,0,0,0,0,0,0,0,0,0,,0.0,0,0,0,0,0,0,0,0,0,0.0,0,0,,,,,,,,,,,,,,,,,,-0.6933228263401324,-0.6084511791450236,-0.6754570125850705,-0.0706017368361916,,,80,69
ccc,The Commonwealth Coast Conference (CCC),2025-26,mhockey,Endicott College,"Graham, Mackenzie",,0,24,0,0,0,,0,0,0,0,0,0,0,0,0,0,00:00,0,0,0,0,0,0,0,0,0,0,,0.0,0,0,0,0,0,0,0,0,0,0.0,0,0,,,,,,,,,,,,,,,,,,-0.6933228263401324,-0.6084511791450236,-0.6754570125850705,-0.0706017368361916,,,81,69
ccc,The Commonwealth Coast Conference (CCC),2025-26,mhockey,Endicott College,"Barker, Eliza",,0,25,0,0,0,,0,0,0,0,0,0,0,0,0,0,00:00,0,0,0,0,0,0,0,0,0,0,,0.0,0,0,0,0,0,0,0,0,0,0.0,0,0,,,,,,,,,,,,,,,,,,-0.6933228263401324,-0.6084511791450236,-0.6754570125850705,-0.0706017368361916,,,82,69
ccc,The Commonwealth Coast Conference (CCC),2025-26,mhockey,Endicott College,"Ahern, Cammi",,0,26,0,0,0,,0,0,0,0,0,0,0,0,0,0,00:00,0,0,0,0,0,0,0,0,0,0,,0.0,0,0,0,0,0,0,0,0,0,0.0,0,0,,,,,,,,,,,,,,,,,,-0.6933228263401324,-0.6084511791450236,-0.6754570125850705,-0.0706017368361916,,,83,69
ccc,The Commonwealth Coast Conference (CCC),2025-26,mhockey,Endicott College,"Dockery, McKenna",,0,27,0,0,0,,0,0,0,0,0,0,0,0,0,0,00:00,0,0,0,0,0,0,0,0,0,0,,0.0,0,0,0,0,0,0,0,0,0,0.0,0,0,,,,,,,,,,,,,,,,,,-0.6933228263401324,-0.6084511791450236,-0.6754570125850705,-0.0706017368361916,,,84,68
ccc,The Commonwealth Coast Conference (CCC),2025-26,mhockey,Endicott College,"Forte, Tess",,0,28,0,0,0,,0,0,0,0,0,0,0,0,0,0,00:00,0,0,0,0,0,0,0,0,0,0,,0.0,0,0,0,0,0,0,0,0,0,0.0,0,0,,,,,,,,,,,,,,,,,,-0.6933228263401324,-0.6084511791450236,-0.6754570125850705,-0.0706017368361916,,,85,68
ccc,The Commonwealth Coast Conference (CCC),2025-26,mhockey,Endicott College,"Schmidt, Ava",,0,36,0,0,0,,0,0,0,0,0,0,0,0,0,0,00:00,0,0,0,0,0,0,0,0,0,0,,0.0,0,0,0,0,0,0,0,0,0,0.0,0,0,,,,,,,,,,,,,,,,,,-0.6933228263401324,-0.6084511791450236,-0.6754570125850705,-0.0706017368361916,,,86,68
ccc,The Commonwealth Coast Conference (CCC),2025-26,mhockey,Endicott College,"Agrodnia, Abbey",,0,44,0,0,0,,0,0,0,0,0,0,0,0,0,0,00:00,0,0,0,0,0,0,0,0,0,0,,0.0,0,0,0,0,0,0,0,0,0,0.0,0,0,,,,,,,,,,,,,,,,,,-0.6933228263401324,-0.6084511791450236,-0.6754570125850705,-0.0706017368361916,,,87,68
ccc,The Commonwealth Coast Conference (CCC),2025-26,mhockey,Endicott College,"Budke, Emma",,0,1,0,0,0,,0,0,0,0,0,0,0,0,0,0,00:00,0,0,0,0,0,0,0,0,0,0,,0.0,0,0,0,0,0,0,0,0,0,0.0,0,0,0.0,00:00,0.0,0.0,0.0,0.0,0.0,0.0,0.0,0.0,0.0,0.0,0.0,0.0,0.0,0.0,0.0,-0.6933228263401324,-0.6084511791450236,-0.6754570125850705,-0.0706017368361916,,,88,68
ccc,The Commonwealth Coast Conference (CCC),2025-26,mhockey,Endicott College,"Moritz, Casey",,0,29,0,0,0,,0,0,0,0,0,0,0,0,0,0,00:00,0,0,0,0,0,0,0,0,0,0,,0.0,0,0,0,0,0,0,0,0,0,0.0,0,0,0.0,00:00,0.0,0.0,0.0,0.0,0.0,1.0,0.0,0.0,0.0,0.0,0.0,0.0,0.0,0.0,0.0,-0.6933228263401324,-0.6084511791450236,-0.6754570125850705,-0.0706017368361916,,,89,67
ccc,The Commonwealth Coast Conference (CCC),2025-26,mhockey,Endicott College,"Ferrari, Lauren",,0,30,0,0,0,,0,0,0,0,0,0,0,0,0,0,00:00,0,0,0,0,0,0,0,0,0,0,,0.0,0,0,0,0,0,0,0,0,0,0.0,0,0,0.0,00:00,0.0,0.0,0.0,0.0,0.0,0.0,0.0,0.0,0.0,0.0,0.0,0.0,0.0,0.0,0.0,-0.6933228263401324,-0.6084511791450236,-0.6754570125850705,-0.0706017368361916,,,90,67
ccc,The Commonwealth Coast Conference (CCC),2025-26,mhockey,Endicott College,"Dahl, Celia",,0,31,0,0,0,,0,0,0,0,0,0,0,0,0,0,00:00,0,0,0,0,0,0,0,0,0,0,,0.0,0,0,0,0,0,0,0,0,0,0.0,0,0,0.0,00:00,0.0,0.0,0.0,0.0,0.0,0.0,0.0,0.0,0.0,0.0,0.0,0.0,0.0,0.0,0.0,-0.6933228263401324,-0.6084511791450236,-0.6754570125850705,-0.0706017368361916,,,91,67
ccc,The Commonwealth Coast Conference (CCC),2025-26,mhockey,Nichols College,"Johnson, Ryan",,0,2,4,0,0,,0,0,0,0,0,0,0,0,0,0,00:00,0,0,0,0,0,0,0,0,1,1,0.0,0.0,0,0,0,0,0,4,0,0,0,0.0,0,0,,,,,,,,,,,,,,,,,,-0.6933228263401324,-0.6084511791450236,-0.6754570125850705,-0.0706017368361916,,,92,67
ccc,The Commonwealth Coast Conference (CCC),2025-26,mhockey,Nichols College,"Ray, Dylan",,0,3,24,9,0,,0,0,1,0,0,0,0,1,0,1,02:00,0,0,0,0,0,0,1,0,0,0,,0.0,14,15,-1,14,0,26,11,10,1,0.04,0,0,,,,,,,,,,,,,,,,,,0.6961844181941308,-0.31002036270722627,1.282481232150265,-0.18078323523206635,,,93,67
ccc,The Commonwealth Coast Conference (CCC),2025-26,mhockey,Nichols College,"Gmerek, Zac",,0,4,17,2,0,,0,0,0,0,0,0,0,0,0,4,08:00,0,0,0,0,0,0,4,0,1,1,0.0,0.0,7,8,-1,20,0,12,2,2,0,0.0,0,0,,,,,,,,,,,,,,,,,,-0.44068514551572097,-0.6084511791450236,-0.28386936363800336,-0.18078323523206635,,,94,67
ccc,The Commonwealth Coast Conference (CCC),2025-26,mhockey,Nichols College,"Schmidt, Brendan",,0,5,26,10,0,,0,0,0,0,0,0,0,0,0,6,12:00,0,0,0,0,0,0,6,0,1,1,0.0,0.0,16,23,-7,28,0,11,2,2,0,0.0,0,0,,,,,,,,,,,,,,,,,,-0.44068514551572097,-0.6084511791450236,-0.28386936363800336,-0.8418722256073148,,,95,66
ccc,The Commonwealth Coast Conference (CCC),2025-26,mhockey,Nichols College,"Trudeau, Alexis",,0,7,22,0,0,,0,1,0,1,0,0,3,0,0,6,12:00,0,0,0,0,0,0,6,14,24,38,0.368,1.71,7,13,-6,6,0,32,10,4,6,0.19,0,0,,,,,,,,,,,,,,,,,,0.569865577781925,1.18213371948176,0.10771828530906376,-0.7316907272114401,,,96,66
ccc,The Commonwealth Coast Conference (CCC),2025-26,mhockey,Nichols College,"Guarnieri, Gianluca",,0,8,4,1,0,,0,0,0,0,0,0,0,0,0,2,07:00,0,0,0,0,0,1,1,0,0,0,,0.0,0,3,-3,2,0,1,0,0,0,0.0,0,0,,,,,,,,,,,,,,,,,,-0.6933228263401324,-0.6084511791450236,-0.6754570125850705,-0.4011462320238159,,,97,66
ccc,The Commonwealth Coast Conference (CCC),2025-26,mhockey,Nichols College,"Duckworth, Gavin",,0,9,26,14,0,,0,1,0,0,0,0,0,1,0,4,08:00,0,0,0,0,0,0,4,26,38,64,0.406,1.46,13,14,-1,8,0,40,11,7,4,0.1,0,0,,,,,,,,,,,,,,,,,,0.6961844181941308,0.5852720866061655,0.6950997587296645,-0.18078323523206635,,,98,66
ccc,The Commonwealth Coast Conference (CCC),2025-26,mhockey,Nichols College,"Vandale, Zach",,0,10,26,7,0,,0,0,0,0,0,0,1,2,0,7,14:00,0,0,0,0,0,0,7,4,5,9,0.444,1.25,7,15,-8,12,0,45,6,1,5,0.11,0,0,,,,,,,,,,,,,,,,,,0.06459021613310201,0.8837029030439628,-0.47966318811153696,-0.9520537240031897,,,99,66
ccc,The Commonwealth Coast Conference (CCC),2025-26,mhockey,Nichols College,"Flynn, Aidan",,0,11,17,1,0,,0,0,0,0,0,0,0,0,0,3,06:00,0,0,0,0,0,0,3,57,60,117,0.487,1.05,6,9,-3,3,0,19,5,5,0,0.0,0,0,,,,,,,,,,,,,,,,,,-0.061728624279103736,-0.6084511791450236,0.3035121097825973,-0.4011462320238159,,,100,66
ccc,The Commonwealth Coast Conference (CCC),2025-26,mhockey,Nichols College,"Hamel, Aaron",,0,12,26,17,0,,0,0,0,2,0,0,2,1,0,3,06:00,0,0,0,0,0,0,3,225,214,439,0.513,0.95,14,8,6,24,0,65,15,10,5,0.08,0,0,,,,,,,,,,,,,,,,,,1.2014597798429538,0.8837029030439628,1.282481232150265,0.590487253539057,,,101,65
ccc,The Commonwealth Coast Conference (CCC),2025-26,mhockey,Nichols College,"Mason, Myles",,0,14,10,3,0,,0,0,0,0,0,0,0,0,0,0,00:00,0,0,0,0,0,0,0,0,1,1,0.0,0.0,2,8,-6,5,0,13,1,1,0,0.0,0,0,,,,,,,,,,,,,,,,,,-0.5670039859279267,-0.6084511791450236,-0.47966318811153696,-0.7316907272114401,,,102,65
ccc,The Commonwealth Coast Conference (CCC),2025-26,mhockey,Nichols College,"O'Donnell, Ryan",,0,15,0,0,0,,0,0,0,0,0,0,0,0,0,0,00:00,0,0,0,0,0,0,0,0,0,0,,0.0,0,0,0,0,0,0,0,0,0,0.0,0,0,,,,,,,,,,,,,,,,,,-0.6933228263401324,-0.6084511791450236,-0.6754570125850705,-0.0706017368361916,,,103,65
ccc,The Commonwealth Coast Conference (CCC),2025-26,mhockey,Nichols College,"Zezima, CJ",,0,17,27,1,0,,0,0,0,4,0,0,4,0,0,1,02:00,0,0,0,0,0,0,1,239,184,423,0.565,0.77,17,22,-5,10,0,86,20,11,9,0.1,0,0,,,,,,,,,,,,,,,,,,1.8330539819039826,2.0774261687951516,1.4782750566237985,-0.6215092288155654,,,104,65
ccc,The Commonwealth Coast Conference (CCC),2025-26,mhockey,Nichols College,"Bianculli, Rocco",,0,18,25,7,0,,0,0,0,0,0,0,0,0,0,13,34:00,0,1,0,0,0,0,12,4,1,5,0.8,0.25,8,13,-5,7,0,49,4,2,2,0.04,0,0,,,,,,,,,,,,,,,,,,-0.18804746469130948,-0.011589546269429015,-0.28386936363800336,-0.6215092288155654,,,105,65
ccc,The Commonwealth Coast Conference (CCC),2025-26,mhockey,Nichols College,"Massa, Justin",,0,19,27,11,0,,0,0,0,3,2,1,2,1,1,5,10:00,0,0,0,0,0,0,5,149,174,323,0.461,1.17,12,10,2,15,0,66,13,6,7,0.11,0,0,,,,,,,,,,,,,,,,,,0.9488220990185422,1.4805645359195574,0.4993059342561309,0.1497612599555579,,,106,65
ccc,The Commonwealth Coast Conference (CCC),2025-26,mhockey,Nichols College,"Berg, James",,0,20,16,0,0,,0,0,0,0,0,0,0,0,0,6,12:00,0,0,0,0,0,0,6,0,0,0,,0.0,10,15,-5,13,0,6,1,1,0,0.0,0,0,,,,,,,,,,,,,,,,,,-0.5670039859279267,-0.6084511791450236,-0.47966318811153696,-0.6215092288155654,,,107,64
ccc,The Commonwealth Coast Conference (CCC),2025-26,mhockey,Nichols College,"Brennan, Nick",,0,21,15,1,0,,0,0,0,0,0,0,2,1,0,3,06:00,0,0,0,0,0,0,3,58,70,128,0.453,1.21,7,6,1,6,0,30,6,2,4,0.13,0,0,,,,,,,,,,,,,,,,,,0.06459021613310201,0.5852720866061655,-0.28386936363800336,0.03957976155968316,,,108,64
ccc,The Commonwealth Coast Conference (CCC),2025-26,mhockey,Nichols College,"Ammar, Jacob",,0,22,12,1,0,,0,0,0,0,0,0,0,0,0,5,10:00,0,0,0,0,0,0,5,1,2,3,0.333,2.0,1,12,-11,3,0,15,3,3,0,0.0,0,0,,,,,,,,,,,,,,,,,,-0.3143663051035152,-0.6084511791450236,-0.08807553916446981,-1.2825982191908138,,,109,64
ccc,The Commonwealth Coast Conference (CCC),2025-26,mhockey,Nichols College,"Greer, Derek",,0,24,20,1,0,,0,0,0,0,0,0,0,0,0,2,04:00,0,0,0,0,0,0,2,1,5,6,0.167,5.0,5,10,-5,15,0,22,1,1,0,0.0,0,0,,,,,,,,,,,,,,,,,,-0.5670039859279267,-0.6084511791450236,-0.47966318811153696,-0.6215092288155654,,,110,64
ccc,The Commonwealth Coast Conference (CCC),2025-26,mhockey,Nichols College,"Deschamps, Ryan",,0,25,9,0,0,,0,0,0,0,0,0,0,0,0,1,02:00,0,0,0,0,0,0,1,0,0,0,,0.0,0,4,-4,1,0,3,0,0,0,0.0,0,0,,,,,,,,,,,,,,,,,,-0.6933228263401324,-0.6084511791450236,-0.6754570125850705,-0.5113277304196906,,,111,64
ccc,The Commonwealth Coast Conference (CCC),2025-26,mhockey,Nichols College,"Asberg, Herman",,0,26,24,7,0,,0,0,0,0,0,0,0,1,0,11,33:00,0,0,1,0,0,1,9,0,0,0,,0.0,6,7,-1,15,0,31,4,3,1,0.03,0,0,,,,,,,,,,,,,,,,,,-0.18804746469130948,-0.31002036270722627,-0.08807553916446981,-0.18078323523206635,,,112,64
ccc,The Commonwealth Coast Conference (CCC),2025-26,mhockey,Nichols College,"Kimmen, Tristan",,0,28,25,16,0,,0,1,0,0,0,0,4,0,0,2,04:00,0,0,0,0,0,0,2,6,9,15,0.4,1.5,14,10,4,29,0,81,13,7,6,0.07,0,0,,,,,,,,,,,,,,,,,,0.9488220990185422,1.18213371948176,0.6950997587296645,0.3701242567473074,,,113,63
ccc,The Commonwealth Coast Conference (CCC),2025-26,mhockey,Nichols College,"Holden, Christian",,0,29,19,2,0,,0,0,0,0,0,0,1,1,0,14,55:00,0,2,1,0,0,1,10,1,0,1,1.0,100.0,5,8,-3,11,0,15,2,1,1,0.07,0,0,,,,,,,,,,,,,,,,,,-0.44068514551572097,-0.31002036270722627,-0.47966318811153696,-0.4011462320238159,,,114,63
ccc,The Commonwealth Coast Conference (CCC),2025-26,mhockey,Nichols College,"Teubert, Wyatt",,0,37,22,1,0,,0,0,0,1,0,0,1,0,0,5,10:00,0,0,0,0,0,0,5,20,34,54,0.37,1.7,3,12,-9,6,0,33,2,1,1,0.03,0,0,,,,,,,,,,,,,,,,,,-0.44068514551572097,-0.31002036270722627,-0.47966318811153696,-1.0622352223990645,,,115,63
ccc,The Commonwealth Coast Conference (CCC),2025-26,mhockey,Nichols College,"Ricci, Luca",,0,44,27,20,0,,0,1,0,0,1,0,0,1,0,7,14:00,0,0,0,0,0,0,7,0,0,0,,0.0,22,17,5,28,0,63,19,16,3,0.05,0,0,,,,,,,,,,,,,,,,,,1.7067351414917769,0.28684127016836825,2.4572441789914663,0.4803057551431822,,,116,63
ccc,The Commonwealth Coast Conference (CCC),2025-26,mhockey,Nichols College,"Boswell, Liam",,0,55,15,0,0,,0,0,0,0,0,0,0,0,0,0,00:00,0,0,0,0,0,0,0,1,1,2,0.5,1.0,5,4,1,7,0,13,3,3,0,0.0,0,0,,,,,,,,,,,,,,,,,,-0.3143663051035152,-0.6084511791450236,-0.08807553916446981,0.03957976155968316,,,117,63
ccc,The Commonwealth Coast Conference (CCC),2025-26,mhockey,Nichols College,"Tremblay, Jeremy",,0,71,26,3,0,,0,0,1,3,0,0,0,1,0,9,21:00,0,0,0,0,0,1,8,3,6,9,0.333,2.0,16,17,-1,6,0,71,18,9,9,0.13,0,0,,,,,,,,,,,,,,,,,,1.580416301079571,2.0774261687951516,1.0866874076767314,-0.18078323523206635,,,118,63
ccc,The Commonwealth Coast Conference (CCC),2025-26,mhockey,Nichols College,"Anderson, Nick",,0,1,4,0,0,,0,0,0,0,0,0,0,0,0,0,00:00,0,0,0,0,0,0,0,0,0,0,,0.0,0,0,0,0,0,0,0,0,0,0.0,0,0,4.0,91:29,9.0,60.0,31031031031.0,0.0,0.0,1.0,0.0,2.0,0.0,0.0,0.87,0.0,0.0,0.0,5.9,-0.6933228263401324,-0.6084511791450236,-0.6754570125850705,-0.0706017368361916,,,119,62
ccc,The Commonwealth Coast Conference (CCC),2025-26,mhockey,Nichols College,"Del Trecco, Michael",,0,30,0,0,0,,0,0,0,0,0,0,0,0,0,0,00:00,0,0,0,0,0,0,0,0,0,0,,0.0,0,0,0,0,0,0,0,0,0,0.0,0,0,0.0,00:00,0.0,0.0,0.0,0.0,0.0,0.0,0.0,0.0,0.0,0.0,0.0,0.0,0.0,0.0,0.0,-0.6933228263401324,-0.6084511791450236,-0.6754570125850705,-0.0706017368361916,,,120,62
ccc,The Commonwealth Coast Conference (CCC),2025-26,mhockey,Nichols College,"Choquette, Liam",,0,32,12,10,0,,0,0,0,0,0,0,0,0,0,0,00:00,0,0,0,0,0,0,0,0,0,0,,0.0,0,0,0,0,0,0,0,0,0,0.0,0,0,12.0,573:50,34.0,266.0,2002002002.0,0.0,1.0,1.0,0.0,17.0,0.0,0.0,0.887,8.0,0.0,0.0,3.56,-0.6933228263401324,-0.6084511791450236,-0.6754570125850705,-0.0706017368361916,,,121,62
ccc,The Commonwealth Coast Conference (CCC),2025-26,mhockey,Nichols College,"Henry, Ryan",,0,35,17,17,0,,0,0,0,0,0,0,0,0,0,0,00:00,0,0,0,0,0,0,0,0,0,0,,0.0,0,0,0,0,0,0,0,0,0,0.0,0,0,17.0,953:25,38.0,497.0,13801380.0,0.0,1.0,1.0,1.0,8.0,1.0,0.0,0.929,16.0,0.0,0.0,2.39,-0.6933228263401324,-0.6084511791450236,-0.6754570125850705,-0.0706017368361916,,,122,62
ccc,The Commonwealth Coast Conference (CCC),2025-26,mhockey,Roger Williams University,"Heaslip, Nick",,0,2,12,2,0,,0,0,0,0,0,0,0,0,0,2,04:00,0,0,0,0,0,0,2,0,0,0,,0.0,1,17,-16,10,0,3,0,0,0,0.0,0,0,,,,,,,,,,,,,,,,,,-0.6933228263401324,-0.6084511791450236,-0.6754570125850705,-1.8335057111701876,,,123,62
ccc,The Commonwealth Coast Conference (CCC),2025-26,mhockey,Roger Williams University,"Drust, Ryan",,0,3,18,3,0,,0,0,0,0,0,0,0,0,0,2,04:00,0,0,0,0,0,0,2,0,0,0,,0.0,8,14,-6,16,0,10,2,2,0,0.0,0,0,,,,,,,,,,,,,,,,,,-0.44068514551572097,-0.6084511791450236,-0.28386936363800336,-0.7316907272114401,,,124,62
ccc,The Commonwealth Coast Conference (CCC),2025-26,mhockey,Roger Williams University,"Sullivan, TJ",,0,4,25,9,0,,0,0,0,1,1,0,1,2,0,8,16:00,0,0,0,0,0,0,8,173,201,374,0.463,1.16,16,16,0,17,0,56,9,3,6,0.11,0,0,,,,,,,,,,,,,,,,,,0.4435467373697192,1.18213371948176,-0.08807553916446981,-0.0706017368361916,,,125,62
ccc,The Commonwealth Coast Conference (CCC),2025-26,mhockey,Roger Williams University,"Rose, Tommy",,0,5,10,2,0,,0,0,0,0,0,0,1,0,0,7,14:00,0,0,0,0,0,0,7,0,0,0,,0.0,1,7,-6,4,0,6,2,1,1,0.17,0,0,,,,,,,,,,,,,,,,,,-0.44068514551572097,-0.31002036270722627,-0.47966318811153696,-0.7316907272114401,,,126,61
ccc,The Commonwealth Coast Conference (CCC),2025-26,mhockey,Roger Williams University,"Branish, Tyler",,0,6,10,0,0,,0,0,0,0,0,0,0,0,0,0,00:00,0,0,0,0,0,0,0,0,0,0,,0.0,7,9,-2,11,0,6,2,2,0,0.0,0,0,,,,,,,,,,,,,,,,,,-0.44068514551572097,-0.6084511791450236,-0.28386936363800336,-0.2909647336279411,,,127,61
ccc,The Commonwealth Coast Conference (CCC),2025-26,mhockey,Roger Williams University,"Bascombe, Micaiah",,0,7,3,2,0,,0,0,0,0,0,0,0,0,0,2,04:00,0,0,0,0,0,0,2,0,0,0,,0.0,0,2,-2,1,0,5,0,0,0,0.0,0,0,,,,,,,,,,,,,,,,,,-0.6933228263401324,-0.6084511791450236,-0.6754570125850705,-0.2909647336279411,,,128,61
ccc,The Commonwealth Coast Conference (CCC),2025-26,mhockey,Roger Williams University,"Rakosky, Seth",,0,8,24,12,0,,0,0,0,0,0,0,0,0,0,10,20:00,0,0,0,0,0,0,10,1,1,2,0.5,1.0,8,26,-18,29,0,14,3,3,0,0.0,0,0,,,,,,,,,,,,,,,,,,-0.3143663051035152,-0.6084511791450236,-0.08807553916446981,-2.053868707961937,,,129,61
ccc,The Commonwealth Coast Conference (CCC),2025-26,mhockey,Roger Williams University,"Kettwig, Jacob",,0,9,20,4,0,,0,0,0,1,0,0,0,0,0,4,08:00,0,0,0,0,0,0,4,25,37,62,0.403,1.48,3,18,-15,9,0,15,2,0,2,0.13,0,0,,,,,,,,,,,,,,,,,,-0.44068514551572097,-0.011589546269429015,-0.6754570125850705,-1.723324212774313,,,130,61
ccc,The Commonwealth Coast Conference (CCC),2025-26,mhockey,Roger Williams University,"Tynan, Jason",,0,10,13,3,0,,0,0,0,0,0,0,0,0,0,7,14:00,0,0,0,0,0,0,7,0,1,1,0.0,0.0,5,6,-1,1,0,12,3,2,1,0.08,0,0,,,,,,,,,,,,,,,,,,-0.3143663051035152,-0.31002036270722627,-0.28386936363800336,-0.18078323523206635,,,131,61
ccc,The Commonwealth Coast Conference (CCC),2025-26,mhockey,Roger Williams University,"Clark, Bo",,0,11,20,5,0,,0,0,0,0,0,0,0,0,0,0,00:00,0,0,0,0,0,0,0,13,30,43,0.302,2.31,6,26,-20,3,0,28,5,3,2,0.07,0,0,,,,,,,,,,,,,,,,,,-0.061728624279103736,-0.011589546269429015,-0.08807553916446981,-2.2742317047536864,,,132,61
ccc,The Commonwealth Coast Conference (CCC),2025-26,mhockey,Roger Williams University,"Kwak, Colin",,0,12,25,14,0,,0,0,0,0,0,0,0,0,0,4,08:00,0,0,0,0,0,0,4,0,2,2,0.0,0.0,16,24,-8,65,0,36,10,9,1,0.03,0,0,,,,,,,,,,,,,,,,,,0.569865577781925,-0.31002036270722627,1.0866874076767314,-0.9520537240031897,,,133,60
ccc,The Commonwealth Coast Conference (CCC),2025-26,mhockey,Roger Williams University,"St. Hilaire, Cooper",,0,13,25,7,0,,0,0,0,0,0,0,0,0,0,7,14:00,0,0,0,0,0,0,7,19,25,44,0.432,1.32,15,34,-19,40,0,58,8,5,3,0.05,0,0,,,,,,,,,,,,,,,,,,0.3172278969575135,0.28684127016836825,0.3035121097825973,-2.1640502063578118,,,134,60
ccc,The Commonwealth Coast Conference (CCC),2025-26,mhockey,Roger Williams University,"Reis, Gabe",,0,14,25,5,0,,0,0,0,0,0,0,1,1,0,0,00:00,0,0,0,0,0,0,0,145,193,338,0.429,1.33,5,25,-20,9,0,19,5,4,1,0.05,0,0,,,,,,,,,,,,,,,,,,-0.061728624279103736,-0.31002036270722627,0.10771828530906376,-2.2742317047536864,,,135,60
ccc,The Commonwealth Coast Conference (CCC),2025-26,mhockey,Roger Williams University,"Adler, Shane",,0,15,23,5,0,,0,0,0,0,0,0,0,0,0,5,10:00,0,0,0,0,0,0,5,2,2,4,0.5,1.0,2,16,-14,7,0,22,1,0,1,0.05,0,0,,,,,,,,,,,,,,,,,,-0.5670039859279267,-0.31002036270722627,-0.6754570125850705,-1.6131427143784383,,,136,60
ccc,The Commonwealth Coast Conference (CCC),2025-26,mhockey,Roger Williams University,"Palmer, Nick",,0,16,19,8,0,,0,0,0,0,0,0,0,0,0,0,00:00,0,0,0,0,0,0,0,1,1,2,0.5,1.0,9,19,-10,18,0,13,1,1,0,0.0,0,0,,,,,,,,,,,,,,,,,,-0.5670039859279267,-0.6084511791450236,-0.47966318811153696,-1.1724167207949392,,,137,60
ccc,The Commonwealth Coast Conference (CCC),2025-26,mhockey,Roger Williams University,"Kuba, Filip",,0,17,20,1,0,,0,0,0,0,0,0,0,0,0,3,06:00,0,0,0,0,0,0,3,0,0,0,,0.0,8,23,-15,22,0,14,2,2,0,0.0,0,0,,,,,,,,,,,,,,,,,,-0.44068514551572097,-0.6084511791450236,-0.28386936363800336,-1.723324212774313,,,138,60
ccc,The Commonwealth Coast Conference (CCC),2025-26,mhockey,Roger Williams University,"Chagovets, Max",,0,18,0,0,0,,0,0,0,0,0,0,0,0,0,0,00:00,0,0,0,0,0,0,0,0,0,0,,0.0,0,0,0,0,0,0,0,0,0,0.0,0,0,,,,,,,,,,,,,,,,,,-0.6933228263401324,-0.6084511791450236,-0.6754570125850705,-0.0706017368361916,,,139,60
ccc,The Commonwealth Coast Conference (CCC),2025-26,mhockey,Roger Williams University,"Radic, Aidan",,0,19,18,6,0,,0,0,0,2,0,0,0,0,0,3,06:00,0,0,0,0,0,0,3,3,0,3,1.0,200.0,10,16,-6,0,0,41,14,11,3,0.07,0,0,,,,,,,,,,,,,,,,,,1.075140939430748,0.28684127016836825,1.4782750566237985,-0.7316907272114401,,,140,59
ccc,The Commonwealth Coast Conference (CCC),2025-26,mhockey,Roger Williams University,"Delmonico, Ashton",,0,20,14,1,0,,0,0,0,0,0,0,0,0,0,1,02:00,0,0,0,0,0,0,1,37,55,92,0.402,1.49,0,12,-12,0,0,3,0,0,0,0.0,0,0,,,,,,,,,,,,,,,,,,-0.6933228263401324,-0.6084511791450236,-0.6754570125850705,-1.3927797175866887,,,141,59
ccc,The Commonwealth Coast Conference (CCC),2025-26,mhockey,Roger Williams University,"Alger, Jon",,0,21,-51,-8,0,,0,-4,0,0,-4,0,-7,0,0,-7,-14:00,0,0,0,0,0,0,-7,-29,-21,-50,0.58,-1325.0,-42,-37,-5,-51,0,-103,-45,-30,-15,0.15,0,0,,,,,,,,,,,,,,,,,,-6.377670644889391,-5.084913425711982,-6.549271746791077,-0.6215092288155654,,,142,59
ccc,The Commonwealth Coast Conference (CCC),2025-26,mhockey,Roger Williams University,"Rooney, Nicholas",,0,22,12,4,0,,0,0,0,1,0,0,2,0,0,3,06:00,0,0,0,0,0,0,3,2,5,7,0.286,2.5,9,8,1,8,0,23,8,3,5,0.22,0,0,,,,,,,,,,,,,,,,,,0.3172278969575135,0.8837029030439628,-0.08807553916446981,0.03957976155968316,,,143,59
ccc,The Commonwealth Coast Conference (CCC),2025-26,mhockey,Roger Williams University,"Sweeney, PJ",,0,23,19,6,0,,0,0,0,0,1,0,1,0,0,6,12:00,0,0,0,0,0,0,6,0,2,2,0.0,0.0,14,20,-6,8,0,45,10,7,3,0.07,0,0,,,,,,,,,,,,,,,,,,0.569865577781925,0.28684127016836825,0.6950997587296645,-0.7316907272114401,,,144,59
ccc,The Commonwealth Coast Conference (CCC),2025-26,mhockey,Roger Williams University,"Worrell, Christian",,0,24,24,4,0,,0,0,0,1,0,0,0,0,0,2,04:00,0,0,0,0,0,0,2,2,9,11,0.182,4.5,5,22,-17,11,0,28,6,4,2,0.07,0,0,,,,,,,,,,,,,,,,,,0.06459021613310201,-0.011589546269429015,0.10771828530906376,-1.9436872095660622,,,145,59
ccc,The Commonwealth Coast Conference (CCC),2025-26,mhockey,Roger Williams University,"Gallagher, Ashton",,0,25,10,1,0,,0,0,0,0,0,0,0,0,0,1,02:00,0,0,0,0,0,0,1,7,9,16,0.438,1.29,1,6,-5,2,0,2,1,1,0,0.0,0,0,,,,,,,,,,,,,,,,,,-0.5670039859279267,-0.6084511791450236,-0.47966318811153696,-0.6215092288155654,,,146,59
ccc,The Commonwealth Coast Conference (CCC),2025-26,mhockey,Roger Williams University,"Bowdoin, Quinn",,0,26,-42,0,0,,0,0,0,0,0,0,0,0,0,-1,-02:00,0,0,0,0,0,0,-1,-70,-174,-244,0.287,-357.0,0,-51,51,0,0,-22,0,0,0,0.0,0,0,,,,,,,,,,,,,,,,,,-0.6933228263401324,-0.6084511791450236,-0.6754570125850705,5.548654681353421,,,147,58
ccc,The Commonwealth Coast Conference (CCC),2025-26,mhockey,Roger Williams University,"O'Connor, Brady",,0,27,7,1,0,,0,0,0,0,0,0,0,0,0,1,02:00,0,0,0,0,0,0,1,13,22,35,0.371,1.69,1,14,-13,4,0,8,0,0,0,0.0,0,0,,,,,,,,,,,,,,,,,,-0.6933228263401324,-0.6084511791450236,-0.6754570125850705,-1.5029612159825634,,,148,58
ccc,The Commonwealth Coast Conference (CCC),2025-26,mhockey,Roger Williams University,"Collins, Danny",,0,28,7,3,0,,0,0,0,0,0,0,0,0,0,1,02:00,0,0,0,0,0,0,1,0,0,0,,0.0,0,6,-6,1,0,7,0,0,0,0.0,0,0,,,,,,,,,,,,,,,,,,-0.6933228263401324,-0.6084511791450236,-0.6754570125850705,-0.7316907272114401,,,149,58
ccc,The Commonwealth Coast Conference (CCC),2025-26,mhockey,Roger Williams University,"St. Hilaire, Daxton",,0,29,25,8,0,,0,0,1,0,1,1,1,3,1,8,16:00,0,0,0,0,0,0,8,232,255,487,0.476,1.1,17,25,-8,30,0,71,19,11,8,0.11,0,0,,,,,,,,,,,,,,,,,,1.7067351414917769,1.7789953523573545,1.4782750566237985,-0.9520537240031897,,,150,58
ccc,The Commonwealth Coast Conference (CCC),2025-26,mhockey,Roger Williams University,"Anderson, Ben",,0,55,6,2,0,,0,0,0,1,0,0,0,0,0,0,00:00,0,0,0,0,0,0,0,0,0,0,,0.0,3,4,-1,4,0,1,1,0,1,1.0,0,0,,,,,,,,,,,,,,,,,,-0.5670039859279267,-0.31002036270722627,-0.6754570125850705,-0.18078323523206635,,,151,58
ccc,The Commonwealth Coast Conference (CCC),2025-26,mhockey,Roger Williams University,"Jaslow, Jacob",,0,1,21,19,0,,0,0,0,0,0,0,0,0,0,0,00:00,0,0,0,0,0,0,0,0,0,0,,0.0,0,0,0,0,0,0,0,0,0,0.0,0,0,21.0,1238:03,72.0,730.0,91089108.0,0.0,1.0,1.0,1.0,17.0,2.0,0.0,0.91,17.0,0.0,0.0,3.49,-0.6933228263401324,-0.6084511791450236,-0.6754570125850705,-0.0706017368361916,,,152,58
ccc,The Commonwealth Coast Conference (CCC),2025-26,mhockey,Roger Williams University,"Knapik, Paul",,0,31,0,0,0,,0,0,0,0,0,0,0,0,0,0,00:00,0,0,0,0,0,0,0,0,0,0,,0.0,0,0,0,0,0,0,0,0,0,0.0,0,0,0.0,00:00,0.0,0.0,0.0,0.0,0.0,0.0,0.0,0.0,0.0,0.0,0.0,0.0,0.0,0.0,0.0,-0.6933228263401324,-0.6084511791450236,-0.6754570125850705,-0.0706017368361916,,,153,58
ccc,The Commonwealth Coast Conference (CCC),2025-26,mhockey,Roger Williams University,"Charles, Niko",,0,32,6,3,0,,0,0,0,0,0,0,0,0,0,0,00:00,0,0,0,0,0,0,0,0,0,0,,0.0,0,0,0,0,0,0,0,0,0,0.0,0,0,5.0,159:01,18.0,105.0,0.0,0.0,0.0,1.0,0.0,3.0,0.0,0.0,0.854,3.0,0.0,0.0,6.79,-0.6933228263401324,-0.6084511791450236,-0.6754570125850705,-0.0706017368361916,,,154,57
ccc,The Commonwealth Coast Conference (CCC),2025-26,mhockey,Roger Williams University,"Prodin, Cam",,0,35,7,3,0,,0,0,0,0,0,0,0,0,0,0,00:00,0,0,0,0,0,0,0,0,0,0,,0.0,0,0,0,0,0,0,0,0,0,0.0,0,0,6.0,104:36,16.0,50.0,0.0,0.0,0.0,1.0,0.0,1.0,0.0,0.0,0.758,2.0,0.0,0.0,9.18,-0.6933228263401324,-0.6084511791450236,-0.6754570125850705,-0.0706017368361916,,,155,57
ccc,The Commonwealth Coast Conference (CCC),2025-26,mhockey,Roger Williams University,"Bowdon, Quinn",,0,26,1,0,0,,0,0,0,0,0,0,0,0,0,0,00:00,0,0,0,0,0,0,0,0,1,1,0.0,0.0,0,2,-2,0,0,0,0,0,0,0.0,0,0,,,,,,,,,,,,,,,,,,-0.6933228263401324,-0.6084511791450236,-0.6754570125850705,-0.2909647336279411,,,156,57
ccc,The Commonwealth Coast Conference (CCC),2025-26,mhockey,Roger Williams University,Jj Alger,,0,21,19,5,0,,0,1,0,0,1,0,3,0,0,4,08:00,0,0,0,0,0,0,4,12,10,22,0.545,0.83,12,14,-2,11,0,42,11,5,6,0.14,0,0,,,,,,,,,,,,,,,,,,0.6961844181941308,1.18213371948176,0.3035121097825973,-0.2909647336279411,,,157,57
ccc,The Commonwealth Coast Conference (CCC),2025-26,mhockey,Roger Williams University,Quinn Bowden,,0,26,12,1,0,,0,0,0,0,0,0,0,0,0,1,02:00,0,0,0,0,0,0,1,11,21,32,0.344,1.91,0,6,-6,0,0,8,0,0,0,0.0,0,0,,,,,,,,,,,,,,,,,,-0.6933228263401324,-0.6084511791450236,-0.6754570125850705,-0.7316907272114401,,,158,57
ccc,The Commonwealth Coast Conference (CCC),2025-26,mhockey,Suffolk University,"McNicholas, Austin",,g,1,27,26,0,,0,0,0,0,0,0,0,0,0,1,02:00,0,0,0,0,0,0,1,0,0,0,,0.0,0,0,0,0,0,0,1,1,0,0.0,0,0,27.0,1559:27,53.0,536.0,1086.0,2.0,1.0,1.0,1.0,11.0,6.0,0.0,0.91,20.0,0.0,0.0,2.04,-0.5670039859279267,-0.6084511791450236,-0.47966318811153696,-0.0706017368361916,,,159,57
ccc,The Commonwealth Coast Conference (CCC),2025-26,mhockey,Suffolk University,"Milso, Josh",,0,2,27,3,0,,0,0,0,0,0,0,1,0,0,10,20:00,0,0,0,0,0,0,10,0,0,0,,0.0,26,8,18,24,0,56,13,10,3,0.05,0,0,,,,,,,,,,,,,,,,,,0.9488220990185422,0.28684127016836825,1.282481232150265,1.912665234289554,,,160,57
ccc,The Commonwealth Coast Conference (CCC),2025-26,mhockey,Suffolk University,"England, Evan",,0,3,1,0,0,,0,0,0,0,0,0,0,0,0,1,02:00,0,0,0,0,0,0,1,0,0,0,,0.0,0,0,0,0,0,2,0,0,0,0.0,0,0,,,,,,,,,,,,,,,,,,-0.6933228263401324,-0.6084511791450236,-0.6754570125850705,-0.0706017368361916,,,161,56
ccc,The Commonwealth Coast Conference (CCC),2025-26,mhockey,Suffolk University,"Whitford, Tommy",,0,4,27,14,0,,0,0,0,0,0,0,0,0,0,6,12:00,0,0,0,0,0,0,6,0,0,0,,0.0,22,14,8,18,0,24,3,3,0,0.0,0,0,,,,,,,,,,,,,,,,,,-0.3143663051035152,-0.6084511791450236,-0.08807553916446981,0.8108502503308065,,,162,56
ccc,The Commonwealth Coast Conference (CCC),2025-26,mhockey,Suffolk University,"Dempsey, Thomas",,0,5,0,0,0,,0,0,0,0,0,0,0,0,0,0,00:00,0,0,0,0,0,0,0,0,0,0,,0.0,0,0,0,0,0,0,0,0,0,0.0,0,0,,,,,,,,,,,,,,,,,,-0.6933228263401324,-0.6084511791450236,-0.6754570125850705,-0.0706017368361916,,,163,56
ccc,The Commonwealth Coast Conference (CCC),2025-26,mhockey,Suffolk University,"Hodgett, Owen",,0,6,26,1,0,,0,0,0,0,0,0,0,0,0,5,10:00,0,0,0,0,0,0,5,0,0,0,,0.0,19,12,7,22,0,49,8,7,1,0.02,0,0,,,,,,,,,,,,,,,,,,0.3172278969575135,-0.31002036270722627,0.6950997587296645,0.7006687519349317,,,164,56
ccc,The Commonwealth Coast Conference (CCC),2025-26,mhockey,Suffolk University,"MacNeil, Will",,0,7,4,0,0,,0,0,0,0,0,0,0,0,0,0,00:00,0,0,0,0,0,0,0,0,1,1,0.0,0.0,0,2,-2,0,0,2,0,0,0,0.0,0,0,,,,,,,,,,,,,,,,,,-0.6933228263401324,-0.6084511791450236,-0.6754570125850705,-0.2909647336279411,,,165,56
ccc,The Commonwealth Coast Conference (CCC),2025-26,mhockey,Suffolk University,"Havens, Gavin",,d,9,21,10,0,,0,0,0,0,0,0,0,0,0,4,08:00,0,0,0,0,0,0,4,1,3,4,0.25,3.0,15,9,6,9,0,26,3,3,0,0.0,0,0,,,,,,,,,,,,,,,,,,-0.3143663051035152,-0.6084511791450236,-0.08807553916446981,0.590487253539057,,,166,56
ccc,The Commonwealth Coast Conference (CCC),2025-26,mhockey,Suffolk University,"McNabney, Adam",,0,10,1,0,0,,0,0,0,0,0,0,0,0,0,0,00:00,0,0,0,0,0,0,0,0,0,0,,0.0,0,0,0,0,0,0,0,0,0,0.0,0,0,,,,,,,,,,,,,,,,,,-0.6933228263401324,-0.6084511791450236,-0.6754570125850705,-0.0706017368361916,,,167,56
ccc,The Commonwealth Coast Conference (CCC),2025-26,mhockey,Suffolk University,"McKiernan, Daniel",,0,11,27,2,0,,0,1,0,2,0,0,6,4,1,7,14:00,0,0,0,0,0,0,7,4,3,7,0.571,0.75,16,12,4,0,0,65,24,9,15,0.23,0,0,,,,,,,,,,,,,,,,,,2.3383293435528056,3.8680110674219352,1.0866874076767314,0.3701242567473074,,,168,56
ccc,The Commonwealth Coast Conference (CCC),2025-26,mhockey,Suffolk University,"Woodford, Daniel",,0,12,1,0,0,,0,0,0,0,0,0,0,0,0,0,00:00,0,0,0,0,0,0,0,0,0,0,,0.0,0,0,0,0,0,2,0,0,0,0.0,0,0,,,,,,,,,,,,,,,,,,-0.6933228263401324,-0.6084511791450236,-0.6754570125850705,-0.0706017368361916,,,169,55
ccc,The Commonwealth Coast Conference (CCC),2025-26,mhockey,Suffolk University,"Grace, Jake",,d,13,24,22,0,,0,0,0,1,0,0,1,1,0,3,06:00,0,0,0,0,0,0,3,0,0,0,,0.0,26,11,15,16,0,40,14,10,4,0.1,0,0,,,,,,,,,,,,,,,,,,1.075140939430748,0.5852720866061655,1.282481232150265,1.5821207391019296,,,170,55
ccc,The Commonwealth Coast Conference (CCC),2025-26,mhockey,Suffolk University,"McManus, Scott",,0,14,26,3,0,,1,0,0,3,0,1,1,1,0,8,32:00,0,2,0,0,0,0,6,197,159,356,0.553,0.81,13,14,-1,13,0,69,13,7,6,0.09,0,0,,,,,,,,,,,,,,,,,,0.9488220990185422,1.18213371948176,0.6950997587296645,-0.18078323523206635,,,171,55
ccc,The Commonwealth Coast Conference (CCC),2025-26,mhockey,Suffolk University,"Kircher, Jack",,0,15,9,0,0,,0,0,0,0,0,0,0,0,0,1,02:00,0,0,0,0,0,0,1,0,0,0,,0.0,6,1,5,2,0,9,3,3,0,0.0,0,0,,,,,,,,,,,,,,,,,,-0.3143663051035152,-0.6084511791450236,-0.08807553916446981,0.4803057551431822,,,172,55
ccc,The Commonwealth Coast Conference (CCC),2025-26,mhockey,Suffolk University,"Ondos, Alex",,0,16,26,1,0,,0,0,0,1,1,1,0,1,0,4,08:00,0,0,0,0,0,0,4,6,7,13,0.462,1.17,18,15,3,9,0,72,20,14,6,0.08,0,0,,,,,,,,,,,,,,,,,,1.8330539819039826,1.18213371948176,2.065656530044399,0.25994275835143266,,,173,55
ccc,The Commonwealth Coast Conference (CCC),2025-26,mhockey,Suffolk University,"Scott, Cole",,0,17,7,0,0,,0,0,0,0,1,0,0,0,1,2,04:00,0,0,0,0,0,0,2,0,0,0,,0.0,8,4,4,3,0,21,7,3,4,0.19,0,0,,,,,,,,,,,,,,,,,,0.19090905654530776,0.5852720866061655,-0.08807553916446981,0.3701242567473074,,,174,55
ccc,The Commonwealth Coast Conference (CCC),2025-26,mhockey,Suffolk University,"O'Brien, Joe",,0,19,18,0,0,,0,0,0,2,1,0,0,1,0,4,08:00,0,0,0,0,0,0,4,2,1,3,0.667,0.5,11,2,9,6,0,34,11,4,7,0.21,0,0,,,,,,,,,,,,,,,,,,0.6961844181941308,1.4805645359195574,0.10771828530906376,0.9210317487266811,,,175,55
ccc,The Commonwealth Coast Conference (CCC),2025-26,mhockey,Suffolk University,"O'Connell, AIden",,rw,20,0,0,0,,0,0,0,0,0,0,0,0,0,0,00:00,0,0,0,0,0,0,0,0,0,0,,0.0,0,0,0,0,0,0,0,0,0,0.0,0,0,,,,,,,,,,,,,,,,,,-0.6933228263401324,-0.6084511791450236,-0.6754570125850705,-0.0706017368361916,,,176,55
ccc,The Commonwealth Coast Conference (CCC),2025-26,mhockey,Suffolk University,"Gallagher, Michael",,0,21,21,1,0,,0,0,0,0,0,0,2,0,0,1,02:00,0,0,0,0,0,0,1,0,0,0,,0.0,16,10,6,8,0,39,12,10,2,0.05,0,0,,,,,,,,,,,,,,,,,,0.8225032586063364,-0.011589546269429015,1.282481232150265,0.590487253539057,,,177,54
ccc,The Commonwealth Coast Conference (CCC),2025-26,mhockey,Suffolk University,"Webb, Ryan",,0,22,27,4,0,,0,0,0,0,1,0,1,1,0,6,12:00,0,0,0,0,0,0,6,12,9,21,0.571,0.75,10,12,-2,11,0,66,9,5,4,0.06,0,0,,,,,,,,,,,,,,,,,,0.4435467373697192,0.5852720866061655,0.3035121097825973,-0.2909647336279411,,,178,54
ccc,The Commonwealth Coast Conference (CCC),2025-26,mhockey,Suffolk University,"Berry, Ralph",,0,23,26,2,0,,0,0,0,0,0,0,0,1,0,8,16:00,0,0,0,0,0,0,8,42,32,74,0.568,0.76,22,10,12,6,0,36,15,11,4,0.11,0,0,,,,,,,,,,,,,,,,,,1.2014597798429538,0.5852720866061655,1.4782750566237985,1.2515762439143054,,,179,54
ccc,The Commonwealth Coast Conference (CCC),2025-26,mhockey,Suffolk University,"Booth, Quinn",,0,24,21,1,0,,0,0,0,1,0,0,1,0,0,4,19:00,0,0,1,0,0,1,2,17,7,24,0.708,0.41,9,10,-1,4,0,39,9,6,3,0.08,0,0,,,,,,,,,,,,,,,,,,0.4435467373697192,0.28684127016836825,0.4993059342561309,-0.18078323523206635,,,180,54
ccc,The Commonwealth Coast Conference (CCC),2025-26,mhockey,Suffolk University,"Pelletier, Kyle",,0,25,8,0,0,,0,0,0,0,0,0,0,0,0,2,04:00,0,0,0,0,0,0,2,0,0,0,,0.0,1,1,0,2,0,4,0,0,0,0.0,0,0,,,,,,,,,,,,,,,,,,-0.6933228263401324,-0.6084511791450236,-0.6754570125850705,-0.0706017368361916,,,181,54
ccc,The Commonwealth Coast Conference (CCC),2025-26,mhockey,Suffolk University,"Lachance, Bobby",,0,26,25,2,0,,0,0,0,0,0,0,4,1,0,4,11:00,0,0,0,0,0,1,3,196,187,383,0.512,0.95,12,14,-2,12,0,35,13,8,5,0.14,0,0,,,,,,,,,,,,,,,,,,0.9488220990185422,0.8837029030439628,0.8908935832031979,-0.2909647336279411,,,182,54
ccc,The Commonwealth Coast Conference (CCC),2025-26,mhockey,Suffolk University,"Liotino, Nick",,0,27,27,3,0,,0,0,0,0,0,0,1,0,0,7,14:00,0,0,0,0,0,0,7,0,0,0,,0.0,19,19,0,24,0,37,7,5,2,0.05,0,0,,,,,,,,,,,,,,,,,,0.19090905654530776,-0.011589546269429015,0.3035121097825973,-0.0706017368361916,,,183,54
ccc,The Commonwealth Coast Conference (CCC),2025-26,mhockey,Suffolk University,"Robinson, Jack",,0,28,1,0,0,,0,0,0,0,0,0,0,0,0,0,00:00,0,0,0,0,0,0,0,6,2,8,0.75,0.0,0,0,0,0,0,1,0,0,0,0.0,0,0,,,,,,,,,,,,,,,,,,-0.6933228263401324,-0.6084511791450236,-0.6754570125850705,-0.0706017368361916,,,184,54
ccc,The Commonwealth Coast Conference (CCC),2025-26,mhockey,Suffolk University,"Voyatzis, Dimitri",,0,29,26,0,0,,0,1,0,0,0,0,3,0,0,8,24:00,0,1,0,0,0,0,7,141,141,282,0.5,1.0,16,11,5,3,0,64,19,14,5,0.08,0,0,,,,,,,,,,,,,,,,,,1.7067351414917769,0.8837029030439628,2.065656530044399,0.4803057551431822,,,185,53
ccc,The Commonwealth Coast Conference (CCC),2025-26,mhockey,Suffolk University,"Flageolle, Kannon",,0,30,3,0,0,,0,0,0,0,0,0,0,0,0,0,00:00,0,0,0,0,0,0,0,0,0,0,,0.0,0,0,0,0,0,0,0,0,0,0.0,0,0,2.0,00:00,0.0,0.0,0.0,0.0,0.0,0.0,0.0,0.0,0.0,0.0,0.0,0.0,0.0,0.0,0.0,-0.6933228263401324,-0.6084511791450236,-0.6754570125850705,-0.0706017368361916,,,186,53
ccc,The Commonwealth Coast Conference (CCC),2025-26,mhockey,Suffolk University,"Banoun, Max",,0,31,3,1,0,,0,0,0,0,0,0,0,0,0,0,00:00,0,0,0,0,0,0,0,0,0,0,,0.0,0,0,0,0,0,0,0,0,0,0.0,0,0,2.0,60:00,3.0,18.0,0.0,0.0,1.0,0.0,0.0,1.0,0.0,0.0,0.857,1.0,0.0,0.0,3.0,-0.6933228263401324,-0.6084511791450236,-0.6754570125850705,-0.0706017368361916,,,187,53
ccc,The Commonwealth Coast Conference (CCC),2025-26,mhockey,Suffolk University,"Giourof, Marko",,lw,34,26,22,0,,0,0,0,3,1,0,1,1,0,9,26:00,0,0,1,0,0,0,8,4,2,6,0.667,0.5,26,13,13,6,0,73,32,19,13,0.18,0,0,,,,,,,,,,,,,,,,,,3.3488800668504517,3.271149434546341,3.044625652412067,1.36175774231018,,,188,53
ccc,The Commonwealth Coast Conference (CCC),2025-26,mhockey,Suffolk University,"Beaver, TJ",,0,36,0,0,0,,0,0,0,0,0,0,0,0,0,0,00:00,0,0,0,0,0,0,0,0,0,0,,0.0,0,0,0,0,0,0,0,0,0,0.0,0,0,,,,,,,,,,,,,,,,,,-0.6933228263401324,-0.6084511791450236,-0.6754570125850705,-0.0706017368361916,,,189,53
ccc,The Commonwealth Coast Conference (CCC),2025-26,mhockey,Suffolk University,"Pimental, Matt",,0,37,9,0,0,,0,0,0,1,0,0,0,0,0,2,04:00,0,0,0,0,0,0,2,29,11,40,0.725,0.0,7,2,5,0,0,10,5,3,2,0.2,0,0,,,,,,,,,,,,,,,,,,-0.061728624279103736,-0.011589546269429015,-0.08807553916446981,0.4803057551431822,,,190,53
ccc,The Commonwealth Coast Conference (CCC),2025-26,mhockey,Suffolk University,"Leonard, Nolan",,c,44,27,22,0,,0,0,1,1,0,0,2,2,0,2,04:00,0,0,0,0,0,0,2,276,244,520,0.531,0.88,32,15,17,15,0,62,31,24,7,0.11,0,0,,,,,,,,,,,,,,,,,,3.2225612264382457,1.4805645359195574,4.023594774779735,1.8024837358936794,,,191,53
ccc,The Commonwealth Coast Conference (CCC),2025-26,mhockey,Suffolk University,"Hodhett, Owen",,0,6,0,0,0,,0,0,0,0,0,0,0,0,0,0,00:00,0,0,0,0,0,0,0,0,0,0,,0.0,0,0,0,0,0,0,0,0,0,0.0,0,0,,,,,,,,,,,,,,,,,,-0.6933228263401324,-0.6084511791450236,-0.6754570125850705,-0.0706017368361916,,,192,53
ccc,The Commonwealth Coast Conference (CCC),2025-26,mhockey,Suffolk University,"O'Connell, Aidan",,0,20,27,22,0,,0,1,0,2,0,2,6,3,1,5,10:00,0,0,0,0,0,0,5,15,9,24,0.625,0.6,29,12,17,11,0,87,27,12,15,0.17,1,1,,,,,,,,,,,,,,,,,,2.7172858647894227,3.8680110674219352,1.674068881097332,1.8024837358936794,,,193,52
ccc,The Commonwealth Coast Conference (CCC),2025-26,mhockey,Suffolk University,"Nichipor, Anya",,0,2,0,0,0,,0,0,0,0,0,0,0,0,0,0,00:00,0,0,0,0,0,0,0,0,0,0,,0.0,0,0,0,0,0,0,0,0,0,0.0,0,0,,,,,,,,,,,,,,,,,,-0.6933228263401324,-0.6084511791450236,-0.6754570125850705,-0.0706017368361916,,,194,52
ccc,The Commonwealth Coast Conference (CCC),2025-26,mhockey,Suffolk University,"O'Brien, Liv",,0,4,0,0,0,,0,0,0,0,0,0,0,0,0,0,00:00,0,0,0,0,0,0,0,0,0,0,,0.0,0,0,0,0,0,0,0,0,0,0.0,0,0,,,,,,,,,,,,,,,,,,-0.6933228263401324,-0.6084511791450236,-0.6754570125850705,-0.0706017368361916,,,195,52
ccc,The Commonwealth Coast Conference (CCC),2025-26,mhockey,Suffolk University,"Buckley, Leah",,0,5,0,0,0,,0,0,0,0,0,0,0,0,0,0,00:00,0,0,0,0,0,0,0,0,0,0,,0.0,0,0,0,0,0,0,0,0,0,0.0,0,0,,,,,,,,,,,,,,,,,,-0.6933228263401324,-0.6084511791450236,-0.6754570125850705,-0.0706017368361916,,,196,52
ccc,The Commonwealth Coast Conference (CCC),2025-26,mhockey,Suffolk University,"Holmes, Emma",,0,6,0,0,0,,0,0,0,0,0,0,0,0,0,0,00:00,0,0,0,0,0,0,0,0,0,0,,0.0,0,0,0,0,0,0,0,0,0,0.0,0,0,,,,,,,,,,,,,,,,,,-0.6933228263401324,-0.6084511791450236,-0.6754570125850705,-0.0706017368361916,,,197,52
ccc,The Commonwealth Coast Conference (CCC),2025-26,mhockey,Suffolk University,"Buckley, Ava",,0,7,0,0,0,,0,0,0,0,0,0,0,0,0,0,00:00,0,0,0,0,0,0,0,0,0,0,,0.0,0,0,0,0,0,0,0,0,0,0.0,0,0,,,,,,,,,,,,,,,,,,-0.6933228263401324,-0.6084511791450236,-0.6754570125850705,-0.0706017368361916,,,198,52
ccc,The Commonwealth Coast Conference (CCC),2025-26,mhockey,Suffolk University,"Barbossa, Alyssa",,0,8,0,0,0,,0,0,0,0,0,0,0,0,0,0,00:00,0,0,0,0,0,0,0,0,0,0,,0.0,0,0,0,0,0,0,0,0,0,0.0,0,0,,,,,,,,,,,,,,,,,,-0.6933228263401324,-0.6084511791450236,-0.6754570125850705,-0.0706017368361916,,,199,52
ccc,The Commonwealth Coast Conference (CCC),2025-26,mhockey,Suffolk University,"Whitmore, Shirley",,0,10,0,0,0,,0,0,0,0,0,0,0,0,0,0,00:00,0,0,0,0,0,0,0,0,0,0,,0.0,0,0,0,0,0,0,0,0,0,0.0,0,0,,,,,,,,,,,,,,,,,,-0.6933228263401324,-0.6084511791450236,-0.6754570125850705,-0.0706017368361916,,,200,52
ccc,The Commonwealth Coast Conference (CCC),2025-26,mhockey,Suffolk University,"Holmes, Julia",,0,11,0,0,0,,0,0,0,0,0,0,0,0,0,0,00:00,0,0,0,0,0,0,0,0,0,0,,0.0,0,0,0,0,0,0,0,0,0,0.0,0,0,,,,,,,,,,,,,,,,,,-0.6933228263401324,-0.6084511791450236,-0.6754570125850705,-0.0706017368361916,,,201,51
ccc,The Commonwealth Coast Conference (CCC),2025-26,mhockey,Suffolk University,"Caballero, Jenna",,0,12,0,0,0,,0,0,0,0,0,0,0,0,0,0,00:00,0,0,0,0,0,0,0,0,0,0,,0.0,0,0,0,0,0,0,0,0,0,0.0,0,0,,,,,,,,,,,,,,,,,,-0.6933228263401324,-0.6084511791450236,-0.6754570125850705,-0.0706017368361916,,,202,51
ccc,The Commonwealth Coast Conference (CCC),2025-26,mhockey,Suffolk University,"Anundsen, Briana",,0,14,0,0,0,,0,0,0,0,0,0,0,0,0,0,00:00,0,0,0,0,0,0,0,0,0,0,,0.0,0,0,0,0,0,0,0,0,0,0.0,0,0,,,,,,,,,,,,,,,,,,-0.6933228263401324,-0.6084511791450236,-0.6754570125850705,-0.0706017368361916,,,203,51
ccc,The Commonwealth Coast Conference (CCC),2025-26,mhockey,Suffolk University,"Healey, Marin",,0,15,0,0,0,,0,0,0,0,0,0,0,0,0,0,00:00,0,0,0,0,0,0,0,0,0,0,,0.0,0,0,0,0,0,0,0,0,0,0.0,0,0,,,,,,,,,,,,,,,,,,-0.6933228263401324,-0.6084511791450236,-0.6754570125850705,-0.0706017368361916,,,204,51
ccc,The Commonwealth Coast Conference (CCC),2025-26,mhockey,Suffolk University,"Abraham, Lily",,0,16,0,0,0,,0,0,0,0,0,0,0,0,0,0,00:00,0,0,0,0,0,0,0,0,0,0,,0.0,0,0,0,0,0,0,0,0,0,0.0,0,0,,,,,,,,,,,,,,,,,,-0.6933228263401324,-0.6084511791450236,-0.6754570125850705,-0.0706017368361916,,,205,51
ccc,The Commonwealth Coast Conference (CCC),2025-26,mhockey,Suffolk University,"Schmidt, Bella",,0,17,0,0,0,,0,0,0,0,0,0,0,0,0,0,00:00,0,0,0,0,0,0,0,0,0,0,,0.0,0,0,0,0,0,0,0,0,0,0.0,0,0,,,,,,,,,,,,,,,,,,-0.6933228263401324,-0.6084511791450236,-0.6754570125850705,-0.0706017368361916,,,206,51
ccc,The Commonwealth Coast Conference (CCC),2025-26,mhockey,Suffolk University,"Moose, Liliana",,0,18,0,0,0,,0,0,0,0,0,0,0,0,0,0,00:00,0,0,0,0,0,0,0,0,0,0,,0.0,0,0,0,0,0,0,0,0,0,0.0,0,0,,,,,,,,,,,,,,,,,,-0.6933228263401324,-0.6084511791450236,-0.6754570125850705,-0.0706017368361916,,,207,51
ccc,The Commonwealth Coast Conference (CCC),2025-26,mhockey,Suffolk University,"Newkirk, Katie",,0,19,0,0,0,,0,0,0,0,0,0,0,0,0,0,00:00,0,0,0,0,0,0,0,0,0,0,,0.0,0,0,0,0,0,0,0,0,0,0.0,0,0,,,,,,,,,,,,,,,,,,-0.6933228263401324,-0.6084511791450236,-0.6754570125850705,-0.0706017368361916,,,208,51
ccc,The Commonwealth Coast Conference (CCC),2025-26,mhockey,Suffolk University,"Potter, Laurel",,0,20,0,0,0,,0,0,0,0,0,0,0,0,0,0,00:00,0,0,0,0,0,0,0,0,0,0,,0.0,0,0,0,0,0,0,0,0,0,0.0,0,0,,,,,,,,,,,,,,,,,,-0.6933228263401324,-0.6084511791450236,-0.6754570125850705,-0.0706017368361916,,,209,51
ccc,The Commonwealth Coast Conference (CCC),2025-26,mhockey,Suffolk University,"Hill, Alexia",,0,22,0,0,0,,0,0,0,0,0,0,0,0,0,0,00:00,0,0,0,0,0,0,0,0,0,0,,0.0,0,0,0,0,0,0,0,0,0,0.0,0,0,,,,,,,,,,,,,,,,,,-0.6933228263401324,-0.6084511791450236,-0.6754570125850705,-0.0706017368361916,,,210,50
ccc,The Commonwealth Coast Conference (CCC),2025-26,mhockey,Suffolk University,"Borowski, Cassie",,0,23,0,0,0,,0,0,0,0,0,0,0,0,0,0,00:00,0,0,0,0,0,0,0,0,0,0,,0.0,0,0,0,0,0,0,0,0,0,0.0,0,0,,,,,,,,,,,,,,,,,,-0.6933228263401324,-0.6084511791450236,-0.6754570125850705,-0.0706017368361916,,,211,50
ccc,The Commonwealth Coast Conference (CCC),2025-26,mhockey,Suffolk University,"Stein-Trujillo, Talia",,0,24,0,0,0,,0,0,0,0,0,0,0,0,0,0,00:00,0,0,0,0,0,0,0,0,0,0,,0.0,0,0,0,0,0,0,0,0,0,0.0,0,0,,,,,,,,,,,,,,,,,,-0.6933228263401324,-0.6084511791450236,-0.6754570125850705,-0.0706017368361916,,,212,50
ccc,The Commonwealth Coast Conference (CCC),2025-26,mhockey,Suffolk University,"Calabria, Ava",,0,25,0,0,0,,0,0,0,0,0,0,0,0,0,0,00:00,0,0,0,0,0,0,0,0,0,0,,0.0,0,0,0,0,0,0,0,0,0,0.0,0,0,,,,,,,,,,,,,,,,,,-0.6933228263401324,-0.6084511791450236,-0.6754570125850705,-0.0706017368361916,,,213,50
ccc,The Commonwealth Coast Conference (CCC),2025-26,mhockey,Suffolk University,"Sandler, Abby",,0,26,0,0,0,,0,0,0,0,0,0,0,0,0,0,00:00,0,0,0,0,0,0,0,0,0,0,,0.0,0,0,0,0,0,0,0,0,0,0.0,0,0,,,,,,,,,,,,,,,,,,-0.6933228263401324,-0.6084511791450236,-0.6754570125850705,-0.0706017368361916,,,214,50
ccc,The Commonwealth Coast Conference (CCC),2025-26,mhockey,Suffolk University,"Levee-Oshiro, Aiden",,0,28,0,0,0,,0,0,0,0,0,0,0,0,0,0,00:00,0,0,0,0,0,0,0,0,0,0,,0.0,0,0,0,0,0,0,0,0,0,0.0,0,0,,,,,,,,,,,,,,,,,,-0.6933228263401324,-0.6084511791450236,-0.6754570125850705,-0.0706017368361916,,,215,50
ccc,The Commonwealth Coast Conference (CCC),2025-26,mhockey,Suffolk University,"Pizzimenti, Brooklyn",,0,50,0,0,0,,0,0,0,0,0,0,0,0,0,0,00:00,0,0,0,0,0,0,0,0,0,0,,0.0,0,0,0,0,0,0,0,0,0,0.0,0,0,,,,,,,,,,,,,,,,,,-0.6933228263401324,-0.6084511791450236,-0.6754570125850705,-0.0706017368361916,,,216,50
ccc,The Commonwealth Coast Conference (CCC),2025-26,mhockey,Suffolk University,"Rubenstein, Lola",,0,0,0,0,0,,0,0,0,0,0,0,0,0,0,0,00:00,0,0,0,0,0,0,0,0,0,0,,0.0,0,0,0,0,0,0,0,0,0,0.0,0,0,0.0,00:00,0.0,0.0,0.0,0.0,0.0,0.0,0.0,0.0,0.0,0.0,0.0,0.0,0.0,0.0,0.0,-0.6933228263401324,-0.6084511791450236,-0.6754570125850705,-0.0706017368361916,,,217,50
ccc,The Commonwealth Coast Conference (CCC),2025-26,mhockey,Suffolk University,"Cantin, Lucy",,0,21,0,0,0,,0,0,0,0,0,0,0,0,0,0,00:00,0,0,0,0,0,0,0,0,0,0,,0.0,0,0,0,0,0,0,0,0,0,0.0,0,0,0.0,00:00,0.0,0.0,0.0,0.0,0.0,0.0,0.0,0.0,0.0,0.0,0.0,0.0,0.0,0.0,0.0,-0.6933228263401324,-0.6084511791450236,-0.6754570125850705,-0.0706017368361916,,,218,49
ccc,The Commonwealth Coast Conference (CCC),2025-26,mhockey,Suffolk University,"Michals, Katelyn",,0,29,0,0,0,,0,0,0,0,0,0,0,0,0,0,00:00,0,0,0,0,0,0,0,0,0,0,,0.0,0,0,0,0,0,0,0,0,0,0.0,0,0,0.0,00:00,0.0,0.0,0.0,0.0,1.0,0.0,0.0,0.0,0.0,0.0,0.0,0.0,0.0,0.0,0.0,-0.6933228263401324,-0.6084511791450236,-0.6754570125850705,-0.0706017368361916,,,219,49
ccc,The Commonwealth Coast Conference (CCC),2025-26,mhockey,University of New England,"Pellerin, Jacob",,0,2,22,0,0,,0,0,0,0,0,0,0,0,0,12,24:00,0,0,0,0,0,0,12,0,0,0,,0.0,31,11,20,15,0,41,16,11,5,0.12,0,0,,,,,,,,,,,,,,,,,,1.3277786202551596,0.8837029030439628,1.4782750566237985,2.133028231081304,,,220,49
ccc,The Commonwealth Coast Conference (CCC),2025-26,mhockey,University of New England,"Hamlett, Chip",,0,3,24,24,0,,0,0,0,0,0,0,0,1,0,2,04:00,0,0,0,0,0,0,2,0,0,0,,0.0,33,9,24,22,0,28,16,14,2,0.07,0,0,,,,,,,,,,,,,,,,,,1.3277786202551596,-0.011589546269429015,2.065656530044399,2.5737542246648024,,,221,49
ccc,The Commonwealth Coast Conference (CCC),2025-26,mhockey,University of New England,"Sweeney, Joe",,0,4,4,0,0,,0,0,0,0,0,0,0,0,0,2,04:00,0,0,0,0,0,0,2,0,0,0,,0.0,1,2,-1,3,0,2,0,0,0,0.0,0,0,,,,,,,,,,,,,,,,,,-0.6933228263401324,-0.6084511791450236,-0.6754570125850705,-0.18078323523206635,,,222,49
ccc,The Commonwealth Coast Conference (CCC),2025-26,mhockey,University of New England,"Bossie, Damon",,0,5,5,0,0,,0,0,0,0,0,0,0,0,0,1,02:00,0,0,0,0,0,0,1,0,0,0,,0.0,1,2,-1,1,0,8,0,0,0,0.0,0,0,,,,,,,,,,,,,,,,,,-0.6933228263401324,-0.6084511791450236,-0.6754570125850705,-0.18078323523206635,,,223,49
ccc,The Commonwealth Coast Conference (CCC),2025-26,mhockey,University of New England,"Thompson, Marek",,0,6,8,0,0,,0,0,0,0,0,0,0,0,0,2,04:00,0,0,0,0,0,0,2,0,0,0,,0.0,4,4,0,3,0,8,0,0,0,0.0,0,0,,,,,,,,,,,,,,,,,,-0.6933228263401324,-0.6084511791450236,-0.6754570125850705,-0.0706017368361916,,,224,49
ccc,The Commonwealth Coast Conference (CCC),2025-26,mhockey,University of New England,"O'Keefe, Kevin",,0,7,26,24,0,,0,0,0,0,0,0,0,1,0,3,06:00,0,0,0,0,0,0,3,0,0,0,,0.0,31,11,20,14,0,26,13,10,3,0.12,0,0,,,,,,,,,,,,,,,,,,0.9488220990185422,0.28684127016836825,1.282481232150265,2.133028231081304,,,225,49
ccc,The Commonwealth Coast Conference (CCC),2025-26,mhockey,University of New England,"Wilcox, David",,0,8,26,2,0,,0,1,0,0,1,0,0,2,0,6,12:00,0,0,0,0,0,0,6,0,1,1,0.0,0.0,27,15,12,16,0,39,10,7,3,0.08,0,0,,,,,,,,,,,,,,,,,,0.569865577781925,0.28684127016836825,0.6950997587296645,1.2515762439143054,,,226,49
ccc,The Commonwealth Coast Conference (CCC),2025-26,mhockey,University of New England,"Powers, Braxton",,0,9,22,0,0,,0,0,0,0,0,0,0,1,0,6,12:00,0,0,0,0,0,0,6,17,15,32,0.531,0.88,12,3,9,3,0,31,7,5,2,0.06,0,0,,,,,,,,,,,,,,,,,,0.19090905654530776,-0.011589546269429015,0.3035121097825973,0.9210317487266811,,,227,48
ccc,The Commonwealth Coast Conference (CCC),2025-26,mhockey,University of New England,"Elias, Juraj",,0,11,26,2,0,,0,0,0,2,0,0,7,2,0,4,08:00,0,0,0,0,0,0,4,162,110,272,0.596,0.68,22,12,10,5,0,77,24,13,11,0.14,0,0,,,,,,,,,,,,,,,,,,2.3383293435528056,2.6742878016707463,1.8698627055708656,1.031213247122556,,,228,48
ccc,The Commonwealth Coast Conference (CCC),2025-26,mhockey,University of New England,"Marino, Nick",,0,13,22,0,0,,0,0,0,1,0,1,0,0,0,2,04:00,0,0,0,0,0,0,2,11,8,19,0.579,0.73,15,9,6,1,0,25,8,5,3,0.12,0,0,,,,,,,,,,,,,,,,,,0.3172278969575135,0.28684127016836825,0.3035121097825973,0.590487253539057,,,229,48
ccc,The Commonwealth Coast Conference (CCC),2025-26,mhockey,University of New England,"Chickering, Nathan",,0,14,26,13,0,,0,1,0,3,0,0,7,3,0,5,10:00,0,0,0,0,0,0,5,10,12,22,0.455,1.2,28,17,11,17,0,55,28,15,13,0.24,0,0,,,,,,,,,,,,,,,,,,2.8436047052016287,3.271149434546341,2.2614503545179327,1.1413947455184306,,,230,48
ccc,The Commonwealth Coast Conference (CCC),2025-26,mhockey,University of New England,"Olivieri, Drew",,0,15,26,18,0,,0,0,0,1,0,0,4,3,1,9,18:00,0,0,0,0,0,0,9,233,162,395,0.59,0.7,33,15,18,5,0,76,40,22,18,0.24,0,0,,,,,,,,,,,,,,,,,,4.359430790148097,4.763303516735327,3.632007125832668,1.912665234289554,,,231,48
ccc,The Commonwealth Coast Conference (CCC),2025-26,mhockey,University of New England,"Price, Jayden",,0,16,20,0,0,,0,0,0,0,0,1,2,1,0,8,16:00,0,0,0,0,0,0,8,49,78,127,0.386,1.59,14,14,0,1,0,51,12,5,7,0.14,0,0,,,,,,,,,,,,,,,,,,0.8225032586063364,1.4805645359195574,0.3035121097825973,-0.0706017368361916,,,232,48
ccc,The Commonwealth Coast Conference (CCC),2025-26,mhockey,University of New England,"Cook, Brayden",,0,17,23,0,0,,0,0,0,0,0,0,0,0,0,0,00:00,0,0,0,0,0,0,0,3,4,7,0.429,1.33,11,10,1,7,0,34,6,4,2,0.06,0,0,,,,,,,,,,,,,,,,,,0.06459021613310201,-0.011589546269429015,0.10771828530906376,0.03957976155968316,,,233,48
ccc,The Commonwealth Coast Conference (CCC),2025-26,mhockey,University of New England,"Tersoni, Mike",,0,18,21,8,0,,0,1,0,0,0,0,0,0,0,10,31:00,0,0,1,0,0,1,8,8,7,15,0.533,0.88,14,6,8,14,0,26,11,7,4,0.15,0,0,,,,,,,,,,,,,,,,,,0.6961844181941308,0.5852720866061655,0.6950997587296645,0.8108502503308065,,,234,48
ccc,The Commonwealth Coast Conference (CCC),2025-26,mhockey,University of New England,"Curran, Aidan",,0,19,21,0,0,,0,0,0,0,1,0,0,1,0,0,00:00,0,0,0,0,0,0,0,8,2,10,0.8,0.25,13,7,6,3,0,21,9,6,3,0.14,0,0,,,,,,,,,,,,,,,,,,0.4435467373697192,0.28684127016836825,0.4993059342561309,0.590487253539057,,,235,48
ccc,The Commonwealth Coast Conference (CCC),2025-26,mhockey,University of New England,"Hadland, Ryan",,0,20,26,0,0,,0,0,0,0,0,0,1,1,0,5,10:00,0,0,0,0,0,0,5,150,113,263,0.57,0.75,20,7,13,9,0,82,17,8,9,0.11,0,0,,,,,,,,,,,,,,,,,,1.4540974606673653,2.0774261687951516,0.8908935832031979,1.36175774231018,,,236,47
ccc,The Commonwealth Coast Conference (CCC),2025-26,mhockey,University of New England,"Casper, Carter",,0,21,2,0,0,,0,0,0,0,0,0,0,0,0,0,00:00,0,0,0,0,0,0,0,0,1,1,0.0,0.0,0,1,-1,1,0,0,0,0,0,0.0,0,0,,,,,,,,,,,,,,,,,,-0.6933228263401324,-0.6084511791450236,-0.6754570125850705,-0.18078323523206635,,,237,47
ccc,The Commonwealth Coast Conference (CCC),2025-26,mhockey,University of New England,"Bruce, Hunter",,0,22,2,0,0,,0,0,0,0,0,0,0,0,0,0,00:00,0,0,0,0,0,0,0,0,1,1,0.0,0.0,0,0,0,1,0,2,0,0,0,0.0,0,0,,,,,,,,,,,,,,,,,,-0.6933228263401324,-0.6084511791450236,-0.6754570125850705,-0.0706017368361916,,,238,47
ccc,The Commonwealth Coast Conference (CCC),2025-26,mhockey,University of New England,"Bergeman, Cam",,0,23,26,9,0,,0,0,0,2,0,0,1,0,0,10,20:00,0,0,0,0,0,0,10,5,1,6,0.833,0.2,21,10,11,5,0,51,16,11,5,0.1,0,0,,,,,,,,,,,,,,,,,,1.3277786202551596,0.8837029030439628,1.4782750566237985,1.1413947455184306,,,239,47
ccc,The Commonwealth Coast Conference (CCC),2025-26,mhockey,University of New England,"Szretter, Noah",,0,25,22,0,0,,0,0,0,0,0,0,0,0,0,2,04:00,0,0,0,0,0,0,2,0,0,0,,0.0,29,13,16,11,0,54,12,9,3,0.06,0,0,,,,,,,,,,,,,,,,,,0.8225032586063364,0.28684127016836825,1.0866874076767314,1.6923022374978045,,,240,47
ccc,The Commonwealth Coast Conference (CCC),2025-26,mhockey,University of New England,"Keller, Ike",,0,26,26,9,0,,0,0,0,1,0,0,1,1,0,8,16:00,0,0,0,0,0,0,8,166,164,330,0.503,0.99,18,5,13,13,0,56,14,9,5,0.09,0,0,,,,,,,,,,,,,,,,,,1.075140939430748,0.8837029030439628,1.0866874076767314,1.36175774231018,,,241,47
ccc,The Commonwealth Coast Conference (CCC),2025-26,mhockey,University of New England,"Healey, Tyler",,0,27,7,0,0,,0,0,0,0,0,0,0,0,0,2,04:00,0,0,0,0,0,0,2,3,2,5,0.6,0.67,0,1,-1,3,0,9,0,0,0,0.0,0,0,,,,,,,,,,,,,,,,,,-0.6933228263401324,-0.6084511791450236,-0.6754570125850705,-0.18078323523206635,,,242,47
ccc,The Commonwealth Coast Conference (CCC),2025-26,mhockey,University of New England,"Perron, Fernand-Olivier",,0,28,11,0,0,,0,0,0,0,0,0,0,1,0,2,04:00,0,0,0,0,0,0,2,2,3,5,0.4,1.5,12,3,9,5,0,15,11,7,4,0.27,0,0,,,,,,,,,,,,,,,,,,0.6961844181941308,0.5852720866061655,0.6950997587296645,0.9210317487266811,,,243,47
ccc,The Commonwealth Coast Conference (CCC),2025-26,mhockey,University of New England,"Murphy, Dominic",,0,37,25,19,0,,0,0,0,5,2,0,2,2,0,8,19:00,0,0,0,0,0,1,7,43,31,74,0.581,0.72,38,14,24,8,0,70,39,29,10,0.14,0,0,,,,,,,,,,,,,,,,,,4.233111949735891,2.375856985232949,5.002563897147403,2.5737542246648024,,,244,47
ccc,The Commonwealth Coast Conference (CCC),2025-26,mhockey,University of New England,"Murch, Seth",,0,44,25,2,0,,0,0,0,2,0,0,0,1,0,3,06:00,0,0,0,0,0,0,3,0,0,0,,0.0,23,17,6,16,0,53,8,4,4,0.08,0,0,,,,,,,,,,,,,,,,,,0.3172278969575135,0.5852720866061655,0.10771828530906376,0.590487253539057,,,245,46
ccc,The Commonwealth Coast Conference (CCC),2025-26,mhockey,University of New England,"Barnes, Carson",,0,1,1,0,0,,0,0,0,0,0,0,0,0,0,0,00:00,0,0,0,0,0,0,0,0,0,0,,0.0,0,0,0,0,0,0,0,0,0,0.0,0,0,1.0,03:43,0.0,2.0,0.0,0.0,0.0,0.0,0.0,0.0,0.0,0.0,1.0,0.0,0.0,0.0,0.0,-0.6933228263401324,-0.6084511791450236,-0.6754570125850705,-0.0706017368361916,,,246,46
ccc,The Commonwealth Coast Conference (CCC),2025-26,mhockey,University of New England,"Kulhanek, Stefan",,0,30,1,1,0,,0,0,0,0,0,0,0,0,0,0,00:00,0,0,0,0,0,0,0,0,0,0,,0.0,0,0,0,0,0,0,0,0,0,0.0,0,0,1.0,60:00,1.0,24.0,0.0,0.0,1.0,0.0,0.0,0.0,0.0,0.0,0.96,1.0,0.0,0.0,1.0,-0.6933228263401324,-0.6084511791450236,-0.6754570125850705,-0.0706017368361916,,,247,46
ccc,The Commonwealth Coast Conference (CCC),2025-26,mhockey,University of New England,"Carney, Stefan",,0,31,2,1,0,,0,0,0,0,0,0,0,0,0,0,00:00,0,0,0,0,0,0,0,0,0,0,,0.0,0,0,0,0,0,0,0,0,0,0.0,0,0,2.0,39:20,3.0,14.0,0.0,0.0,0.0,0.0,0.0,0.0,0.0,0.0,0.824,1.0,0.0,0.0,4.58,-0.6933228263401324,-0.6084511791450236,-0.6754570125850705,-0.0706017368361916,,,248,46
ccc,The Commonwealth Coast Conference (CCC),2025-26,mhockey,University of New England,"Chesney, Harrison",,0,33,25,24,0,,0,0,0,0,0,0,0,0,0,0,00:00,0,0,0,0,0,0,0,0,0,0,,0.0,0,0,0,0,0,0,0,0,0,0.0,0,0,25.0,1447:27,39.0,474.0,591.0,3.0,1.0,1.0,0.0,1.0,1.0,0.0,0.924,23.0,0.0,0.0,1.62,-0.6933228263401324,-0.6084511791450236,-0.6754570125850705,-0.0706017368361916,,,249,46
ccc,The Commonwealth Coast Conference (CCC),2025-26,mhockey,Wentworth Institute of Technology,Jack McGovern,,g,1,20,20,0,,0,0,0,0,0,0,0,0,0,0,00:00,0,0,0,0,0,0,0,0,0,0,,0.0,0,0,0,0,0,0,0,0,0,0.0,0,0,20.0,1199:41,62.0,573.0,585.0,1.0,1.0,1.0,1.0,18.0,2.0,0.0,0.902,18.0,1.0,0.0,3.1,-0.6933228263401324,-0.6084511791450236,-0.6754570125850705,-0.0706017368361916,,,250,46
ccc,The Commonwealth Coast Conference (CCC),2025-26,mhockey,Wentworth Institute of Technology,Hunter Wilson,,0,4,23,4,0,,0,1,0,0,1,1,0,0,0,6,12:00,0,0,0,0,0,0,6,0,0,0,,0.0,10,13,-3,22,0,36,6,5,1,0.03,0,0,,,,,,,,,,,,,,,,,,0.06459021613310201,-0.31002036270722627,0.3035121097825973,-0.4011462320238159,,,251,46
ccc,The Commonwealth Coast Conference (CCC),2025-26,mhockey,Wentworth Institute of Technology,Danny Phelan,,0,5,22,6,0,,0,0,0,0,0,0,0,0,0,4,08:00,0,0,0,0,0,0,4,0,0,0,,0.0,10,19,-9,20,0,3,3,3,0,0.0,0,0,,,,,,,,,,,,,,,,,,-0.3143663051035152,-0.6084511791450236,-0.08807553916446981,-1.0622352223990645,,,252,46
ccc,The Commonwealth Coast Conference (CCC),2025-26,mhockey,Wentworth Institute of Technology,Jake Hines,,0,8,21,1,0,,0,0,0,0,0,0,0,0,0,3,06:00,0,0,0,0,0,0,3,4,3,7,0.571,0.75,5,10,-5,8,0,17,4,3,1,0.06,0,0,,,,,,,,,,,,,,,,,,-0.18804746469130948,-0.31002036270722627,-0.08807553916446981,-0.6215092288155654,,,253,46
ccc,The Commonwealth Coast Conference (CCC),2025-26,mhockey,Wentworth Institute of Technology,George Kolovos,,0,9,22,4,0,,0,0,0,3,0,0,2,1,0,1,02:00,0,0,0,0,0,0,1,33,45,78,0.423,1.36,8,19,-11,3,0,65,9,4,5,0.08,0,0,,,,,,,,,,,,,,,,,,0.4435467373697192,0.8837029030439628,0.10771828530906376,-1.2825982191908138,,,254,46
ccc,The Commonwealth Coast Conference (CCC),2025-26,mhockey,Wentworth Institute of Technology,Alex Walicki,,0,10,16,2,0,,0,0,0,0,0,0,0,0,0,4,08:00,0,0,0,0,0,0,4,4,5,9,0.444,1.25,2,11,-9,4,0,16,1,1,0,0.0,0,0,,,,,,,,,,,,,,,,,,-0.5670039859279267,-0.6084511791450236,-0.47966318811153696,-1.0622352223990645,,,255,45
ccc,The Commonwealth Coast Conference (CCC),2025-26,mhockey,Wentworth Institute of Technology,Ethan Lim,,rw,11,14,5,0,,0,0,0,0,0,0,0,0,0,4,08:00,0,0,0,0,0,0,4,2,4,6,0.333,2.0,7,10,-3,13,0,8,4,4,0,0.0,0,0,,,,,,,,,,,,,,,,,,-0.18804746469130948,-0.6084511791450236,0.10771828530906376,-0.4011462320238159,,,256,45
ccc,The Commonwealth Coast Conference (CCC),2025-26,mhockey,Wentworth Institute of Technology,Dane Probe,,0,13,23,1,0,,0,0,0,0,0,0,0,0,0,13,37:00,0,0,1,0,0,1,11,158,125,283,0.558,0.79,7,17,-10,11,0,19,3,3,0,0.0,0,0,,,,,,,,,,,,,,,,,,-0.3143663051035152,-0.6084511791450236,-0.08807553916446981,-1.1724167207949392,,,257,45
ccc,The Commonwealth Coast Conference (CCC),2025-26,mhockey,Wentworth Institute of Technology,Shea Thibault,,0,14,23,2,0,,0,0,0,0,0,0,0,0,0,3,06:00,0,0,0,0,0,0,3,1,3,4,0.25,3.0,11,17,-6,24,0,31,6,6,0,0.0,0,0,,,,,,,,,,,,,,,,,,0.06459021613310201,-0.6084511791450236,0.4993059342561309,-0.7316907272114401,,,258,45
ccc,The Commonwealth Coast Conference (CCC),2025-26,mhockey,Wentworth Institute of Technology,Nolan Pecora,,0,16,19,1,0,,0,0,0,0,0,0,0,0,0,4,08:00,0,0,0,0,0,0,4,85,105,190,0.447,1.24,6,11,-5,6,0,15,5,2,3,0.2,0,0,,,,,,,,,,,,,,,,,,-0.061728624279103736,0.28684127016836825,-0.28386936363800336,-0.6215092288155654,,,259,45
ccc,The Commonwealth Coast Conference (CCC),2025-26,mhockey,Wentworth Institute of Technology,Ian Worthley,,c,17,25,19,0,,0,0,0,1,1,2,0,0,0,2,04:00,0,0,0,0,0,0,2,211,258,469,0.45,1.22,25,23,2,24,0,83,17,11,6,0.07,0,0,,,,,,,,,,,,,,,,,,1.4540974606673653,1.18213371948176,1.4782750566237985,0.1497612599555579,,,260,45
ccc,The Commonwealth Coast Conference (CCC),2025-26,mhockey,Wentworth Institute of Technology,Nicholas Ramm,,0,18,24,15,0,,0,0,0,2,1,0,1,1,0,7,14:00,0,0,0,0,0,0,7,59,77,136,0.434,1.31,17,22,-5,20,0,49,11,7,4,0.08,0,0,,,,,,,,,,,,,,,,,,0.6961844181941308,0.5852720866061655,0.6950997587296645,-0.6215092288155654,,,261,45
ccc,The Commonwealth Coast Conference (CCC),2025-26,mhockey,Wentworth Institute of Technology,Anthony Dalessio,,0,19,3,0,0,,0,0,0,0,1,0,0,0,0,0,00:00,0,0,0,0,0,0,0,0,0,0,,0.0,1,2,-1,0,0,8,1,0,1,0.13,0,0,,,,,,,,,,,,,,,,,,-0.5670039859279267,-0.31002036270722627,-0.6754570125850705,-0.18078323523206635,,,262,45
ccc,The Commonwealth Coast Conference (CCC),2025-26,mhockey,Wentworth Institute of Technology,Noah Tano,,0,21,4,1,0,,0,0,0,0,0,0,0,0,0,2,04:00,0,0,0,0,0,0,2,0,0,0,,0.0,0,3,-3,2,0,6,0,0,0,0.0,0,0,,,,,,,,,,,,,,,,,,-0.6933228263401324,-0.6084511791450236,-0.6754570125850705,-0.4011462320238159,,,263,45
ccc,The Commonwealth Coast Conference (CCC),2025-26,mhockey,Wentworth Institute of Technology,Cade Penney,,0,22,13,1,0,,0,0,0,0,0,0,1,0,0,2,04:00,0,0,0,0,0,0,2,0,0,0,,0.0,5,8,-3,11,0,11,2,1,1,0.09,0,0,,,,,,,,,,,,,,,,,,-0.44068514551572097,-0.31002036270722627,-0.47966318811153696,-0.4011462320238159,,,264,44
ccc,The Commonwealth Coast Conference (CCC),2025-26,mhockey,Wentworth Institute of Technology,Jesse Chamberlain,,d,24,23,15,0,,0,0,0,0,0,0,0,0,0,4,08:00,0,0,0,0,0,0,4,0,0,0,,0.0,18,14,4,22,0,38,4,4,0,0.0,0,0,,,,,,,,,,,,,,,,,,-0.18804746469130948,-0.6084511791450236,0.10771828530906376,0.3701242567473074,,,265,44
ccc,The Commonwealth Coast Conference (CCC),2025-26,mhockey,Wentworth Institute of Technology,Seth Robinson,,0,25,25,5,0,,0,0,0,1,0,0,0,2,0,10,20:00,0,0,0,0,0,0,10,2,1,3,0.667,0.5,14,18,-4,22,0,37,10,7,3,0.08,0,0,,,,,,,,,,,,,,,,,,0.569865577781925,0.28684127016836825,0.6950997587296645,-0.5113277304196906,,,266,44
ccc,The Commonwealth Coast Conference (CCC),2025-26,mhockey,Wentworth Institute of Technology,Topher Chirico,,0,33,5,5,0,,0,0,0,0,0,0,0,0,0,2,15:00,0,0,0,0,1,1,0,0,0,0,,0.0,0,0,0,0,0,0,0,0,0,0.0,0,0,5.0,289:17,21.0,195.0,1.01581015810158e+18,0.0,0.0,1.0,1.0,5.0,0.0,0.0,0.903,4.0,0.0,0.0,4.36,-0.6933228263401324,-0.6084511791450236,-0.6754570125850705,-0.0706017368361916,,,267,44
ccc,The Commonwealth Coast Conference (CCC),2025-26,mhockey,Wentworth Institute of Technology,Will Seagrave,,0,35,1,0,0,,0,0,0,0,0,0,0,0,0,0,00:00,0,0,0,0,0,0,0,0,0,0,,0.0,0,0,0,0,0,0,0,0,0,0.0,0,0,1.0,06:39,0.0,5.0,50050000000000.0,0.0,0.0,0.0,0.0,0.0,0.0,0.0,1.0,0.0,0.0,0.0,0.0,-0.6933228263401324,-0.6084511791450236,-0.6754570125850705,-0.0706017368361916,,,268,44
ccc,The Commonwealth Coast Conference (CCC),2025-26,mhockey,Wentworth Institute of Technology,Mighton Johnson,,0,39,21,1,0,,0,0,0,0,1,0,0,0,0,10,20:00,0,0,0,0,0,0,10,0,0,0,,0.0,5,11,-6,12,0,14,4,1,3,0.21,0,0,,,,,,,,,,,,,,,,,,-0.18804746469130948,0.28684127016836825,-0.47966318811153696,-0.7316907272114401,,,269,44
ccc,The Commonwealth Coast Conference (CCC),2025-26,mhockey,Wentworth Institute of Technology,Nikolas Sombrowski,,lw,44,19,2,0,,1,0,0,2,1,1,1,0,0,6,12:00,0,0,0,0,0,0,6,71,66,137,0.518,0.93,8,13,-5,7,0,39,9,3,6,0.15,0,0,,,,,,,,,,,,,,,,,,0.4435467373697192,1.18213371948176,-0.08807553916446981,-0.6215092288155654,,,270,44
ccc,The Commonwealth Coast Conference (CCC),2025-26,mhockey,Wentworth Institute of Technology,Desmond Johnson,,d,47,25,19,0,,0,0,0,1,0,0,0,0,0,6,12:00,0,0,0,0,0,0,6,3,9,12,0.25,3.0,21,29,-8,18,0,63,11,7,4,0.06,0,0,,,,,,,,,,,,,,,,,,0.6961844181941308,0.5852720866061655,0.6950997587296645,-0.9520537240031897,,,271,44
ccc,The Commonwealth Coast Conference (CCC),2025-26,mhockey,Wentworth Institute of Technology,Gavin Klaassen,,0,2,8,1,0,,0,0,0,0,0,0,0,0,0,0,00:00,0,0,0,0,0,0,0,0,0,0,,0.0,2,3,-1,2,0,8,1,0,1,0.13,0,0,,,,,,,,,,,,,,,,,,-0.5670039859279267,-0.31002036270722627,-0.6754570125850705,-0.18078323523206635,,,272,44
ccc,The Commonwealth Coast Conference (CCC),2025-26,mhockey,Wentworth Institute of Technology,Nick Cullinan,,0,3,14,4,0,,0,0,0,0,0,0,1,0,0,1,02:00,0,0,0,0,0,0,1,9,1,10,0.9,0.11,7,6,1,8,0,29,7,4,3,0.1,0,0,,,,,,,,,,,,,,,,,,0.19090905654530776,0.28684127016836825,0.10771828530906376,0.03957976155968316,,,273,44
ccc,The Commonwealth Coast Conference (CCC),2025-26,mhockey,Wentworth Institute of Technology,Nick Bosch,,0,7,19,2,0,,0,0,0,0,0,0,1,0,0,7,17:00,0,0,0,0,0,1,6,0,0,0,,0.0,5,11,-6,11,0,13,2,1,1,0.08,0,0,,,,,,,,,,,,,,,,,,-0.44068514551572097,-0.31002036270722627,-0.47966318811153696,-0.7316907272114401,,,274,43
ccc,The Commonwealth Coast Conference (CCC),2025-26,mhockey,Wentworth Institute of Technology,Gary Claps,,0,12,8,0,0,,0,0,0,0,0,0,0,0,0,1,02:00,0,0,0,0,0,0,1,0,0,0,,0.0,0,4,-4,4,0,9,0,0,0,0.0,0,0,,,,,,,,,,,,,,,,,,-0.6933228263401324,-0.6084511791450236,-0.6754570125850705,-0.5113277304196906,,,275,43
ccc,The Commonwealth Coast Conference (CCC),2025-26,mhockey,Wentworth Institute of Technology,Xavier Vaillancourt,,lw,15,20,10,0,,1,0,0,0,0,0,1,1,0,1,02:00,0,0,0,0,0,0,1,3,1,4,0.75,0.33,12,10,2,5,0,37,9,3,6,0.16,0,0,,,,,,,,,,,,,,,,,,0.4435467373697192,1.18213371948176,-0.08807553916446981,0.1497612599555579,,,276,43
ccc,The Commonwealth Coast Conference (CCC),2025-26,mhockey,Wentworth Institute of Technology,Cole Paredes,,0,20,22,2,0,,0,0,0,0,0,0,0,0,0,8,19:00,0,0,0,0,0,1,7,33,53,86,0.384,1.61,10,12,-2,12,0,38,2,1,1,0.03,0,0,,,,,,,,,,,,,,,,,,-0.44068514551572097,-0.31002036270722627,-0.47966318811153696,-0.2909647336279411,,,277,43
ccc,The Commonwealth Coast Conference (CCC),2025-26,mhockey,Wentworth Institute of Technology,Nolan Lowe,,0,23,20,2,0,,0,0,1,1,0,0,0,1,0,0,00:00,0,0,0,0,0,0,0,80,84,164,0.488,1.05,9,15,-6,12,0,30,7,3,4,0.13,0,0,,,,,,,,,,,,,,,,,,0.19090905654530776,0.5852720866061655,-0.08807553916446981,-0.7316907272114401,,,278,43
ccc,The Commonwealth Coast Conference (CCC),2025-26,mhockey,Wentworth Institute of Technology,David Taylor,,0,27,2,0,0,,0,0,0,0,0,0,0,0,0,0,00:00,0,0,0,0,0,0,0,0,0,0,,0.0,0,4,-4,0,0,1,0,0,0,0.0,0,0,,,,,,,,,,,,,,,,,,-0.6933228263401324,-0.6084511791450236,-0.6754570125850705,-0.5113277304196906,,,279,43
ccc,The Commonwealth Coast Conference (CCC),2025-26,mhockey,Western New England University,"Theodos, Nick",,0,3,22,7,0,,0,0,0,0,0,0,0,0,0,5,10:00,0,0,0,0,0,0,5,0,0,0,,0.0,12,17,-5,24,0,24,6,6,0,0.0,0,0,,,,,,,,,,,,,,,,,,0.06459021613310201,-0.6084511791450236,0.4993059342561309,-0.6215092288155654,,,280,43
ccc,The Commonwealth Coast Conference (CCC),2025-26,mhockey,Western New England University,"Mettler, Jimmy",,0,4,23,14,0,,0,0,0,0,0,0,0,0,0,3,06:00,0,0,0,0,0,0,3,1,0,1,1.0,100.0,9,31,-22,29,0,35,7,7,0,0.0,0,0,,,,,,,,,,,,,,,,,,0.19090905654530776,-0.6084511791450236,0.6950997587296645,-2.494594701545436,,,281,43
ccc,The Commonwealth Coast Conference (CCC),2025-26,mhockey,Western New England University,"Garland, Kyle",,0,6,20,1,0,,0,0,0,0,0,0,0,0,0,8,24:00,0,1,0,0,0,0,7,0,0,0,,0.0,5,19,-14,11,0,6,0,0,0,0.0,0,0,,,,,,,,,,,,,,,,,,-0.6933228263401324,-0.6084511791450236,-0.6754570125850705,-1.6131427143784383,,,282,43
ccc,The Commonwealth Coast Conference (CCC),2025-26,mhockey,Western New England University,"Kastanias, Kosta",,0,7,6,1,0,,0,0,0,0,0,0,0,0,0,0,00:00,0,0,0,0,0,0,0,7,20,27,0.259,2.86,0,9,-9,4,0,12,0,0,0,0.0,0,0,,,,,,,,,,,,,,,,,,-0.6933228263401324,-0.6084511791450236,-0.6754570125850705,-1.0622352223990645,,,283,43
ccc,The Commonwealth Coast Conference (CCC),2025-26,mhockey,Western New England University,"Atkinson, Hunter",,0,8,17,1,0,,0,0,0,0,0,0,0,0,0,0,00:00,0,0,0,0,0,0,0,0,1,1,0.0,0.0,5,11,-6,7,0,13,2,1,1,0.08,0,1,,,,,,,,,,,,,,,,,,-0.44068514551572097,-0.31002036270722627,-0.47966318811153696,-0.7316907272114401,,,284,42
ccc,The Commonwealth Coast Conference (CCC),2025-26,mhockey,Western New England University,"Longchamps, Philippe",,0,9,18,8,0,,0,0,0,0,0,0,1,1,0,6,12:00,0,0,0,0,0,0,6,6,11,17,0.353,1.83,5,16,-11,6,0,25,6,4,2,0.08,0,0,,,,,,,,,,,,,,,,,,0.06459021613310201,-0.011589546269429015,0.10771828530906376,-1.2825982191908138,,,285,42
ccc,The Commonwealth Coast Conference (CCC),2025-26,mhockey,Western New England University,"Marcoux, Camille",,0,10,21,12,0,,0,0,0,1,0,1,0,0,0,8,27:00,0,0,1,0,0,1,6,10,24,34,0.294,2.4,6,20,-14,9,0,26,6,3,3,0.12,0,0,,,,,,,,,,,,,,,,,,0.06459021613310201,0.28684127016836825,-0.08807553916446981,-1.6131427143784383,,,286,42
ccc,The Commonwealth Coast Conference (CCC),2025-26,mhockey,Western New England University,"Clark, Spencer",,0,11,13,0,0,,0,0,0,0,0,0,0,0,0,1,02:00,0,0,0,0,0,0,1,1,0,1,1.0,100.0,2,11,-9,9,0,8,1,1,0,0.0,0,0,,,,,,,,,,,,,,,,,,-0.5670039859279267,-0.6084511791450236,-0.47966318811153696,-1.0622352223990645,,,287,42
ccc,The Commonwealth Coast Conference (CCC),2025-26,mhockey,Western New England University,"Patricia, Brayden",,0,13,24,14,0,,0,0,1,0,1,0,3,1,0,5,10:00,0,0,0,0,0,0,5,50,75,125,0.4,1.5,6,29,-23,16,0,66,8,4,4,0.06,0,0,,,,,,,,,,,,,,,,,,0.3172278969575135,0.5852720866061655,0.10771828530906376,-2.604776199941311,,,288,42
ccc,The Commonwealth Coast Conference (CCC),2025-26,mhockey,Western New England University,"Kuznetsov, Stepan",,0,16,8,4,0,,0,0,0,1,0,0,1,0,0,6,12:00,0,0,0,0,0,0,6,1,2,3,0.333,2.0,6,9,-3,3,0,23,8,4,4,0.17,0,0,,,,,,,,,,,,,,,,,,0.3172278969575135,0.5852720866061655,0.10771828530906376,-0.4011462320238159,,,289,42
ccc,The Commonwealth Coast Conference (CCC),2025-26,mhockey,Western New England University,"Fortin, Mathew",,0,18,14,1,0,,0,0,1,2,1,1,1,1,0,7,14:00,0,0,0,0,0,0,7,33,45,78,0.423,1.36,5,10,-5,6,0,31,8,3,5,0.16,0,0,,,,,,,,,,,,,,,,,,0.3172278969575135,0.8837029030439628,-0.08807553916446981,-0.6215092288155654,,,290,42
ccc,The Commonwealth Coast Conference (CCC),2025-26,mhockey,Western New England University,"Calvanese, Benito",,0,19,3,1,0,,0,0,0,0,0,0,0,0,0,0,00:00,0,0,0,0,0,0,0,3,0,3,1.0,200.0,0,2,-2,1,0,2,1,1,0,0.0,0,0,,,,,,,,,,,,,,,,,,-0.5670039859279267,-0.6084511791450236,-0.47966318811153696,-0.2909647336279411,,,291,42
ccc,The Commonwealth Coast Conference (CCC),2025-26,mhockey,Western New England University,"Schneider, Everest",,0,21,24,15,0,,0,0,1,0,0,0,2,1,0,6,12:00,0,0,0,0,0,0,6,171,252,423,0.404,1.47,7,22,-15,12,0,56,9,4,5,0.09,0,0,,,,,,,,,,,,,,,,,,0.4435467373697192,0.8837029030439628,0.10771828530906376,-1.723324212774313,,,292,42
ccc,The Commonwealth Coast Conference (CCC),2025-26,mhockey,Western New England University,"Skilbeck, Kai",,0,22,21,4,0,,0,0,0,0,0,0,0,0,0,6,12:00,0,0,0,0,0,0,6,0,0,0,,0.0,6,15,-9,11,0,15,1,1,0,0.0,0,0,,,,,,,,,,,,,,,,,,-0.5670039859279267,-0.6084511791450236,-0.47966318811153696,-1.0622352223990645,,,293,42
ccc,The Commonwealth Coast Conference (CCC),2025-26,mhockey,Western New England University,"Mastrodonato, Gavin",,0,23,24,15,0,,0,0,0,1,0,0,2,0,0,1,02:00,0,0,0,0,0,0,1,3,4,7,0.429,1.33,6,23,-17,25,0,42,6,3,3,0.07,0,0,,,,,,,,,,,,,,,,,,0.06459021613310201,0.28684127016836825,-0.08807553916446981,-1.9436872095660622,,,294,41
ccc,The Commonwealth Coast Conference (CCC),2025-26,mhockey,Western New England University,"Kingsbury, Joshua",,0,24,21,2,0,,0,0,0,0,0,0,0,0,0,7,36:00,0,0,1,0,0,2,3,2,0,2,1.0,200.0,5,21,-16,12,0,5,0,0,0,0.0,0,0,,,,,,,,,,,,,,,,,,-0.6933228263401324,-0.6084511791450236,-0.6754570125850705,-1.8335057111701876,,,295,41
ccc,The Commonwealth Coast Conference (CCC),2025-26,mhockey,Western New England University,"Varrin, Alex",,0,26,15,0,0,,0,0,0,0,0,0,0,0,0,0,00:00,0,0,0,0,0,0,0,0,0,0,,0.0,3,10,-7,6,0,6,1,1,0,0.0,0,0,,,,,,,,,,,,,,,,,,-0.5670039859279267,-0.6084511791450236,-0.47966318811153696,-0.8418722256073148,,,296,41
ccc,The Commonwealth Coast Conference (CCC),2025-26,mhockey,Western New England University,"Scalise, Mario",,0,27,7,4,0,,0,0,0,0,0,0,0,0,0,0,00:00,0,0,0,0,0,0,0,0,0,0,,0.0,4,8,-4,7,0,6,2,2,0,0.0,0,0,,,,,,,,,,,,,,,,,,-0.44068514551572097,-0.6084511791450236,-0.28386936363800336,-0.5113277304196906,,,297,41
ccc,The Commonwealth Coast Conference (CCC),2025-26,mhockey,Western New England University,"Walker, Kyle",,0,28,20,0,0,,0,0,0,0,0,0,0,0,0,3,06:00,0,0,0,0,0,0,3,22,23,45,0.489,1.05,2,6,-4,4,0,12,2,2,0,0.0,0,0,,,,,,,,,,,,,,,,,,-0.44068514551572097,-0.6084511791450236,-0.28386936363800336,-0.5113277304196906,,,298,41
ccc,The Commonwealth Coast Conference (CCC),2025-26,mhockey,Western New England University,"Helmeczi, Beau",,0,29,23,1,0,,0,0,0,1,0,0,0,0,0,3,06:00,0,0,0,0,0,0,3,87,85,172,0.506,0.98,7,22,-15,15,0,21,5,3,2,0.1,0,0,,,,,,,,,,,,,,,,,,-0.061728624279103736,-0.011589546269429015,-0.08807553916446981,-1.723324212774313,,,299,41
ccc,The Commonwealth Coast Conference (CCC),2025-26,mhockey,Western New England University,"Demchuk, Daniel",,0,55,23,4,0,,0,0,0,0,0,0,0,0,0,3,06:00,0,0,0,0,0,0,3,0,0,0,,0.0,8,28,-20,14,0,8,1,1,0,0.0,0,0,,,,,,,,,,,,,,,,,,-0.5670039859279267,-0.6084511791450236,-0.47966318811153696,-2.2742317047536864,,,300,41
ccc,The Commonwealth Coast Conference (CCC),2025-26,mhockey,Western New England University,"Bottrell, Michael",,0,64,21,7,0,,0,0,1,0,0,0,0,2,0,4,11:00,0,0,0,0,0,1,3,166,200,366,0.454,1.2,10,20,-10,11,0,41,9,6,3,0.07,0,0,,,,,,,,,,,,,,,,,,0.4435467373697192,0.28684127016836825,0.4993059342561309,-1.1724167207949392,,,301,41
ccc,The Commonwealth Coast Conference (CCC),2025-26,mhockey,Western New England University,"Parent, Shane",,0,77,8,0,0,,0,0,0,0,0,0,0,0,0,0,00:00,0,0,0,0,0,0,0,1,2,3,0.333,2.0,0,3,-3,1,0,2,0,0,0,0.0,0,0,,,,,,,,,,,,,,,,,,-0.6933228263401324,-0.6084511791450236,-0.6754570125850705,-0.4011462320238159,,,302,41
ccc,The Commonwealth Coast Conference (CCC),2025-26,mhockey,Western New England University,"Racino, Aaron",,0,88,2,0,0,,0,0,0,0,0,0,0,0,0,0,00:00,0,0,0,0,0,0,0,0,0,0,,0.0,0,1,-1,0,0,6,0,0,0,0.0,0,0,,,,,,,,,,,,,,,,,,-0.6933228263401324,-0.6084511791450236,-0.6754570125850705,-0.18078323523206635,,,303,41
ccc,The Commonwealth Coast Conference (CCC),2025-26,mhockey,Western New England University,"VanSumeren, Billy",,0,89,22,1,0,,0,0,0,1,0,0,0,0,0,6,12:00,0,0,0,0,0,0,6,15,14,29,0.517,0.93,7,20,-13,5,0,38,6,4,2,0.05,0,0,,,,,,,,,,,,,,,,,,0.06459021613310201,-0.011589546269429015,0.10771828530906376,-1.5029612159825634,,,304,40
ccc,The Commonwealth Coast Conference (CCC),2025-26,mhockey,Western New England University,"Zdanowicz, Matty",,0,91,14,3,0,,0,0,0,0,0,0,2,0,0,13,37:00,0,0,1,0,0,1,11,112,138,250,0.448,1.23,5,19,-14,8,0,36,7,2,5,0.14,0,0,,,,,,,,,,,,,,,,,,0.19090905654530776,0.8837029030439628,-0.28386936363800336,-1.6131427143784383,,,305,40
ccc,The Commonwealth Coast Conference (CCC),2025-26,mhockey,Western New England University,"Dougherty, Matthew",,0,97,17,0,0,,0,0,0,2,1,1,2,0,0,1,02:00,0,0,0,0,0,0,1,13,21,34,0.382,1.62,7,23,-16,9,0,46,10,5,5,0.11,0,0,,,,,,,,,,,,,,,,,,0.569865577781925,0.8837029030439628,0.3035121097825973,-1.8335057111701876,,,306,40
ccc,The Commonwealth Coast Conference (CCC),2025-26,mhockey,Western New England University,"Scaglione, Luca",,0,30,12,11,0,,0,0,0,0,0,0,0,0,0,0,00:00,0,0,0,0,0,0,0,0,0,0,,0.0,0,0,0,1,0,0,1,1,0,0.0,0,0,12.0,642:21,39.0,483.0,211475.0,0.0,1.0,1.0,0.0,8.0,1.0,0.0,0.925,10.0,0.0,0.0,3.64,-0.5670039859279267,-0.6084511791450236,-0.47966318811153696,-0.0706017368361916,,,307,40
ccc,The Commonwealth Coast Conference (CCC),2025-26,mhockey,Western New England University,"Lauer, Lochlan",,0,31,6,4,0,,0,0,0,0,0,0,0,0,0,0,00:00,0,0,0,0,0,0,0,0,0,0,,0.0,0,0,0,0,0,0,0,0,0,0.0,0,0,6.0,298:37,32.0,189.0,2112142112140000.0,0.0,1.0,1.0,0.0,8.0,0.0,0.0,0.855,4.0,0.0,0.0,6.43,-0.6933228263401324,-0.6084511791450236,-0.6754570125850705,-0.0706017368361916,,,308,40
ccc,The Commonwealth Coast Conference (CCC),2025-26,mhockey,Western New England University,"Volsky, Nikita",,0,33,11,9,0,,0,0,0,0,0,0,0,0,0,0,00:00,0,0,0,0,0,0,0,0,0,0,,0.0,0,0,0,0,0,0,1,1,0,0.0,0,0,11.0,502:54,34.0,318.0,0.0,0.0,1.0,1.0,0.0,6.0,1.0,0.0,0.903,8.0,0.0,0.0,4.06,-0.5670039859279267,-0.6084511791450236,-0.47966318811153696,-0.0706017368361916,,,309,40
