season,sport,conference,conference_code,team,player_name,first_name,last_name,position,team_code,name,checkname,linkup_name,games_played,games_started,uniform,year,team_name,team_id,sdrm_id,goal_stats_shootout_goals,goal_stats_free_positiong_goals,goal_stats_game_tying_goals,goal_stats_empty_net_goals,goal_stats_overtime_goals,goal_stats_first_goals,goal_stats_unassisted_goals,goal_stats_short_handed_goals,goal_stats_power_play_goals,goal_stats_game_winning_goals,penalty_stats_number,penalty_stats_minutes,penalty_stats_fouls,penalty_stats_green_cards,penalty_stats_yellow_cards,penalty_stats_red_cards,penalty_stats_match,penalty_stats_major,penalty_stats_minor,misc_stats_powerplay_opps,misc_stats_powerplay_goals,misc_stats_faceoffs_won,misc_stats_faceoffs_lost,misc_stats_ground_balls,misc_stats_draw_controls,misc_stats_turnovers,misc_stats_caused_turnovers,misc_stats_minutes_played,misc_stats_seconds,misc_stats_faceoffs_taken,misc_stats_penalty_killing_pct,goalie_stats,shot_stats_shots_on_goal,shot_stats_shots,shot_stats_free_position_shots,shot_stats_points,shot_stats_assists,shot_stats_goals,shot_stats_shots_on_goal_pct,avg_points_game,goalie_stats_games_played,goalie_stats_minutes,goalie_stats_goals_allowed,goalie_stats_saves,goalie_stats_shutouts,goalie_stats_win,goalie_stats_loss,goalie_stats_tie,goalie_stats_powerplay_goals_allowed,goalie_stats_shorthanded_goals_allowed,goalie_stats_emptynet_goals_allowed,goalie_stats_shots_faced,goalie_stats_goals_against_avg,goalie_stats_save_pct,goal_stats,penalty_stats,misc_stats,shot_stats,composite_score,global_rank,rating
2025-26,wlax,College Conference of Illinois and Wisconsin (CCIW),cciw,Carroll,Elizabeth Wang,Elizabeth,Wang,,120,Elizabeth Wang,"WANG,ELIZABETH",WANGELIZABETHCARROLL,17,13,,,Carroll,CARROLL,0,0,15,0,0,0,6,39,1,7,2,0,0,0,8,4,0,0,0,0,0,0,0,0,23,1,37,12,780:00,0,0,1.000,,119,159,18,82,21,61,.748,4.82,,,,,,,,,,,,,,,,,,,14.017614735458604,1,99
2025-26,wlax,College Conference of Illinois and Wisconsin (CCIW),cciw,Carthage,Piper Lefevre,Piper,Lefevre,,121,Piper Lefevre,"LEFEVRE,PIPER",LEFEVREPIPERCARTHAGE,17,17,,,Carthage,CARTHAGE,0,0,18,0,0,0,2,33,0,7,5,0,0,0,3,6,0,0,0,0,0,0,0,0,35,38,31,23,1018:00,61,0,1.000,,85,114,27,73,18,55,.746,4.29,,,,,,,,,,,,,,,,,,,13.674969246188837,2,99
2025-26,wlax,College Conference of Illinois and Wisconsin (CCIW),cciw,North Central,Abby MacKenzie,Abby,MacKenzie,,492,Abby MacKenzie,"MACKENZIE,ABBY",MACKENZIEABBYNCC,16,16,,,North Central,NCC,0,0,10,0,0,0,2,40,0,5,4,0,0,0,11,6,0,0,0,0,0,0,0,0,48,113,31,12,958:00,59,0,1.000,,83,103,16,60,8,52,.806,3.75,,,,,,,,,,,,,,,,,,,10.42337736735525,3,99
2025-26,wlax,College Conference of Illinois and Wisconsin (CCIW),cciw,Illinois Wesleyan,"Fiandaca, Mia",Mia,Fiandaca,,300,"Fiandaca, Mia","FIANDACA,MIA",FIANDACAMIAIWU,12,12,,,Illinois Wesleyan,IWU,0,0,6,0,0,0,1,15,1,1,2,0,0,0,4,5,0,0,0,0,0,0,0,0,47,53,29,58,726:00,120,0,1.000,,67,101,12,38,2,36,.663,3.17,,,,,,,,,,,,,,,,,,,9.523034408915322,4,98
2025-26,wlax,College Conference of Illinois and Wisconsin (CCIW),cciw,Carthage,August Claridge,August,Claridge,,121,August Claridge,"CLARIDGE,AUGUST",CLARIDGEAUGUSTCARTHAGE,12,10,,,Carthage,CARTHAGE,0,0,9,0,0,0,4,41,1,4,2,0,0,0,8,2,0,0,0,0,0,0,0,0,27,30,25,18,598:00,61,0,1.000,,85,107,21,58,7,51,.794,4.83,,,,,,,,,,,,,,,,,,,9.339865851575645,5,98
2025-26,wlax,College Conference of Illinois and Wisconsin (CCIW),cciw,Carroll,Grace Brockman,Grace,Brockman,,120,Grace Brockman,"BROCKMAN,GRACE",BROCKMANGRACECARROLL,17,16,,,Carroll,CARROLL,0,0,2,0,0,0,0,13,1,1,2,0,0,0,1,0,0,0,0,0,0,0,0,0,13,0,32,1,960:00,0,0,1.000,,33,49,4,52,30,22,.673,3.06,,,,,,,,,,,,,,,,,,,8.964670821839967,6,98
2025-26,wlax,College Conference of Illinois and Wisconsin (CCIW),cciw,North Central,Annelise Oster,Annelise,Oster,,492,Annelise Oster,"OSTER,ANNELISE",OSTERANNELISENCC,16,16,,,North Central,NCC,0,0,13,0,0,0,3,47,1,3,2,0,0,0,6,1,0,0,0,0,0,0,0,0,20,0,27,3,918:00,103,0,1.000,,87,105,24,66,4,62,.829,4.13,,,,,,,,,,,,,,,,,,,8.844691324563662,7,97
2025-26,wlax,College Conference of Illinois and Wisconsin (CCIW),cciw,Augustana,Madison Langewisch,Madison,Langewisch,,40,Madison Langewisch,"LANGEWISCH,MADISON",LANGEWISCHMADISONAUGUSTAN,14,14,,,Augustana,AUGUSTAN,0,0,3,0,0,0,0,26,2,10,2,0,0,0,2,5,0,0,0,0,0,0,0,0,36,58,40,10,838:00,75,0,1.000,,72,93,9,48,12,36,.774,3.43,,,,,,,,,,,,,,,,,,,8.202876736486338,8,97
2025-26,wlax,College Conference of Illinois and Wisconsin (CCIW),cciw,Illinois Wesleyan,"Newton, Sadie",Sadie,Newton,,300,"Newton, Sadie","NEWTON,SADIE",NEWTONSADIEIWU,17,17,,,Illinois Wesleyan,IWU,0,0,1,0,0,0,2,13,1,2,1,0,0,0,8,4,0,0,0,0,0,0,0,0,43,61,29,31,1026:00,120,0,1.000,,43,62,4,36,10,26,.694,2.12,,,,,,,,,,,,,,,,,,,7.949444572957205,9,97
2025-26,wlax,College Conference of Illinois and Wisconsin (CCIW),cciw,Elmhurst,Gracie Eastman,Gracie,Eastman,,212,Gracie Eastman,"EASTMAN,GRACIE",EASTMANGRACIEELMHURST,13,13,,,Elmhurst,ELMHURST,0,0,6,0,0,1,0,30,1,3,3,0,0,0,10,3,0,0,0,0,0,0,0,0,13,58,39,11,768:00,102,0,1.000,,66,83,18,49,16,33,.795,3.77,,,,,,,,,,,,,,,,,,,7.677965533782,10,96
2025-26,wlax,College Conference of Illinois and Wisconsin (CCIW),cciw,Illinois Wesleyan,"Setzler, Avery",Avery,Setzler,,300,"Setzler, Avery","SETZLER,AVERY",SETZLERAVERYIWU,17,17,,,Illinois Wesleyan,IWU,0,0,1,0,0,0,0,8,1,0,1,0,0,0,2,3,0,0,0,0,0,0,0,0,44,28,38,14,1026:00,120,0,1.000,,38,49,3,35,12,23,.776,2.06,,,,,,,,,,,,,,,,,,,6.850630321306359,11,96
2025-26,wlax,College Conference of Illinois and Wisconsin (CCIW),cciw,Carroll,Abby Tubbs,Abby,Tubbs,,120,Abby Tubbs,"TUBBS,ABBY",TUBBSABBYCARROLL,17,17,,,Carroll,CARROLL,0,0,4,0,0,0,1,15,3,1,4,0,0,0,3,0,0,0,0,0,0,0,0,0,17,79,27,6,1020:00,0,0,1.000,,60,70,10,47,10,37,.857,2.76,,,,,,,,,,,,,,,,,,,6.559431077123432,12,96
2025-26,wlax,College Conference of Illinois and Wisconsin (CCIW),cciw,Carroll,Grace Tumilty,Grace,Tumilty,,120,Grace Tumilty,"TUMILTY,GRACE",TUMILTYGRACECARROLL,17,17,,,Carroll,CARROLL,0,0,0,0,0,0,0,0,0,0,0,0,0,0,4,4,0,0,0,0,0,0,0,0,77,32,25,67,1020:00,0,0,1.000,,0,0,0,0,0,0,.000,0.00,,,,,,,,,,,,,,,,,,,5.502840029139355,13,95
2025-26,wlax,College Conference of Illinois and Wisconsin (CCIW),cciw,Illinois Wesleyan,"Gibson, Maddie",Maddie,Gibson,,300,"Gibson, Maddie","GIBSON,MADDIE",GIBSONMADDIEIWU,17,16,,,Illinois Wesleyan,IWU,0,0,2,0,0,0,1,14,1,2,0,0,0,0,5,0,0,0,0,0,0,0,0,0,16,0,40,11,966:00,120,0,1.000,,38,52,4,36,13,23,.731,2.12,,,,,,,,,,,,,,,,,,,5.4552825852812585,14,95
2025-26,wlax,College Conference of Illinois and Wisconsin (CCIW),cciw,Carthage,Shannon Heitschmidt,Shannon,Heitschmidt,,121,Shannon Heitschmidt,"HEITSCHMIDT,SHANNON",HEITSCHMIDTSHANNONCARTHAGE,15,13,,,Carthage,CARTHAGE,0,0,1,0,0,0,0,15,1,3,0,0,0,0,2,2,0,0,0,0,0,0,0,0,12,15,19,7,773:00,49,0,1.000,,44,55,8,37,14,23,.800,2.47,,,,,,,,,,,,,,,,,,,5.230226079221779,15,94
2025-26,wlax,College Conference of Illinois and Wisconsin (CCIW),cciw,Carthage,Kaitlyn Goff,Kaitlyn,Goff,,121,Kaitlyn Goff,"GOFF,KAITLYN",GOFFKAITLYNCARTHAGE,16,16,,,Carthage,CARTHAGE,0,0,5,0,0,0,1,11,0,2,0,0,0,0,6,8,0,0,0,0,0,0,0,0,28,54,30,21,907:00,56,0,1.000,,28,37,7,26,11,15,.757,1.63,,,,,,,,,,,,,,,,,,,4.992623344011095,16,94
2025-26,wlax,College Conference of Illinois and Wisconsin (CCIW),cciw,Carroll,Lauren Fricke,Lauren,Fricke,,120,Lauren Fricke,"FRICKE,LAUREN",FRICKELAURENCARROLL,17,17,,,Carroll,CARROLL,0,0,2,0,0,0,2,6,1,3,1,0,0,0,2,3,0,0,0,0,0,0,0,0,26,33,35,14,1020:00,0,0,1.000,,43,61,11,31,7,24,.705,1.82,,,,,,,,,,,,,,,,,,,4.743578144592191,17,94
2025-26,wlax,College Conference of Illinois and Wisconsin (CCIW),cciw,Illinois Wesleyan,"Riepe, Sarah",Sarah,Riepe,,300,"Riepe, Sarah","RIEPE,SARAH",RIEPESARAHIWU,14,14,,,Illinois Wesleyan,IWU,0,0,1,0,0,0,1,7,1,0,1,0,0,0,6,1,0,0,0,0,0,0,0,0,38,22,24,22,845:00,58,0,1.000,,22,27,4,18,7,11,.815,1.29,,,,,,,,,,,,,,,,,,,3.8831253687884795,18,93
2025-26,wlax,College Conference of Illinois and Wisconsin (CCIW),cciw,Illinois Wesleyan,"Fountain, Carleigh",Carleigh,Fountain,,300,"Fountain, Carleigh","FOUNTAIN,CARLEIGH",FOUNTAINCARLEIGHIWU,13,13,,,Illinois Wesleyan,IWU,0,0,6,0,0,0,3,13,0,1,2,0,0,0,4,3,0,0,0,0,0,0,0,0,12,4,17,6,786:00,112,0,1.000,,34,53,11,30,11,19,.642,2.31,,,,,,,,,,,,,,,,,,,3.727731732888718,19,93
2025-26,wlax,College Conference of Illinois and Wisconsin (CCIW),cciw,Carroll,Samantha Hurd,Samantha,Hurd,,120,Samantha Hurd,"HURD,SAMANTHA",HURDSAMANTHACARROLL,17,17,,,Carroll,CARROLL,0,0,6,0,0,0,0,9,0,0,0,0,0,0,3,3,0,0,0,0,0,0,0,0,28,47,32,22,1020:00,0,0,1.000,,35,55,12,22,4,18,.636,1.29,,,,,,,,,,,,,,,,,,,3.669980326643511,20,93
2025-26,wlax,College Conference of Illinois and Wisconsin (CCIW),cciw,Carthage,Rosie Nolan,Rosie,Nolan,,121,Rosie Nolan,"NOLAN,ROSIE",NOLANROSIECARTHAGE,17,17,,,Carthage,CARTHAGE,0,0,1,0,0,0,1,6,1,4,2,0,0,0,6,4,0,0,0,0,0,0,0,0,14,8,21,8,1018:00,61,0,1.000,,51,65,5,33,3,30,.785,1.94,,,,,,,,,,,,,,,,,,,3.575157821902828,21,92
2025-26,wlax,College Conference of Illinois and Wisconsin (CCIW),cciw,Illinois Wesleyan,"DiGiovanni, Anelise",Anelise,DiGiovanni,,300,"DiGiovanni, Anelise","DIGIOVANNI,ANELISE",DIGIOVANNIANELISEIWU,16,15,,,Illinois Wesleyan,IWU,0,0,3,0,0,0,0,7,0,0,1,0,0,0,1,0,0,0,0,0,0,0,0,0,9,0,34,5,906:00,120,0,1.000,,24,27,6,27,15,12,.889,1.69,,,,,,,,,,,,,,,,,,,3.4639104713977575,22,92
2025-26,wlax,College Conference of Illinois and Wisconsin (CCIW),cciw,Carroll,Sierra Skack,Sierra,Skack,,120,Sierra Skack,"SKACK,SIERRA",SKACKSIERRACARROLL,17,17,,,Carroll,CARROLL,0,0,0,0,0,0,1,3,0,3,1,0,0,0,2,0,0,0,0,0,0,0,0,0,8,1,21,3,1020:00,0,0,1.000,,25,30,4,28,15,13,.833,1.65,,,,,,,,,,,,,,,,,,,3.4275092678347643,23,91
2025-26,wlax,College Conference of Illinois and Wisconsin (CCIW),cciw,North Central,Rachel Lawrence,Rachel,Lawrence,,492,Rachel Lawrence,"LAWRENCE,RACHEL",LAWRENCERACHELNCC,16,15,,,North Central,NCC,0,0,2,0,0,0,3,10,0,1,1,0,0,0,11,3,0,0,0,0,0,0,0,0,18,10,23,14,910:00,94,0,1.000,,31,44,4,24,8,16,.705,1.50,,,,,,,,,,,,,,,,,,,3.33435034890785,24,91
2025-26,wlax,College Conference of Illinois and Wisconsin (CCIW),cciw,Carthage,Bailey Koestel,Bailey,Koestel,,121,Bailey Koestel,"KOESTEL,BAILEY",KOESTELBAILEYCARTHAGE,14,13,,,Carthage,CARTHAGE,0,0,5,0,0,0,0,11,0,2,1,0,0,0,3,1,0,0,0,0,0,0,0,0,18,1,24,10,778:00,61,0,1.000,,37,45,7,25,6,19,.822,1.79,,,,,,,,,,,,,,,,,,,2.989298876865815,25,91
2025-26,wlax,College Conference of Illinois and Wisconsin (CCIW),cciw,North Central,Lucy Culig,Lucy,Culig,,492,Lucy Culig,"CULIG,LUCY",CULIGLUCYNCC,16,16,,,North Central,NCC,0,0,0,0,0,0,0,9,0,1,1,0,0,0,2,2,0,0,0,0,0,0,0,0,21,18,18,3,952:00,100,0,1.000,,35,40,2,26,7,19,.875,1.63,,,,,,,,,,,,,,,,,,,2.912692997198011,26,90
2025-26,wlax,College Conference of Illinois and Wisconsin (CCIW),cciw,Carthage,Hannah Kim,Hannah,Kim,,121,Hannah Kim,"KIM,HANNAH",KIMHANNAHCARTHAGE,17,17,,,Carthage,CARTHAGE,0,0,2,0,0,0,1,3,0,0,0,0,0,0,4,1,0,0,0,0,0,0,0,0,31,16,20,31,977:00,75,0,1.000,,9,12,8,10,7,3,.750,0.59,,,,,,,,,,,,,,,,,,,2.899859443644852,27,90
2025-26,wlax,College Conference of Illinois and Wisconsin (CCIW),cciw,Illinois Wesleyan,"Bajusz, Carly",Carly,Bajusz,,300,"Bajusz, Carly","BAJUSZ,CARLY",BAJUSZCARLYIWU,17,8,,,Illinois Wesleyan,IWU,0,0,4,0,0,0,0,9,0,1,0,0,0,0,3,0,0,0,0,0,0,0,0,0,13,1,25,17,480:00,8,0,1.000,,20,27,8,20,7,13,.741,1.18,,,,,,,,,,,,,,,,,,,2.5493236687859007,28,90
2025-26,wlax,College Conference of Illinois and Wisconsin (CCIW),cciw,North Central,Zoe Palm,Zoe,Palm,,492,Zoe Palm,"PALM,ZOE",PALMZOENCC,16,16,,,North Central,NCC,0,0,2,0,0,0,2,14,0,2,0,0,0,0,3,1,0,0,0,0,0,0,0,0,8,30,36,3,914:00,100,0,1.000,,54,67,13,29,4,25,.806,1.81,,,,,,,,,,,,,,,,,,,2.386593167743126,29,89
2025-26,wlax,College Conference of Illinois and Wisconsin (CCIW),cciw,Augustana,Elena Bechard,Elena,Bechard,,40,Elena Bechard,"BECHARD,ELENA",BECHARDELENAAUGUSTAN,9,9,,,Augustana,AUGUSTAN,0,0,2,0,0,0,1,8,0,4,1,0,0,0,4,4,0,0,0,0,0,0,0,0,26,22,24,18,538:00,75,0,1.000,,35,43,10,18,1,17,.814,2.00,,,,,,,,,,,,,,,,,,,2.3236684279688973,30,89
2025-26,wlax,College Conference of Illinois and Wisconsin (CCIW),cciw,North Central,Anna Williamson,Anna,Williamson,,492,Anna Williamson,"WILLIAMSON,ANNA",WILLIAMSONANNANCC,16,15,,,North Central,NCC,0,0,0,0,0,0,1,8,0,0,0,0,0,0,3,8,0,0,0,0,0,0,0,0,6,1,41,3,847:00,112,0,1.000,,22,33,0,23,13,10,.667,1.44,,,,,,,,,,,,,,,,,,,2.31727773841815,31,89
2025-26,wlax,College Conference of Illinois and Wisconsin (CCIW),cciw,Carthage,Kyleigh Higgins,Kyleigh,Higgins,,121,Kyleigh Higgins,"HIGGINS,KYLEIGH",HIGGINSKYLEIGHCARTHAGE,6,6,,,Carthage,CARTHAGE,0,0,3,0,0,0,0,12,0,1,1,0,0,0,4,0,0,0,0,0,0,0,0,0,11,40,12,7,358:00,61,0,1.000,,25,29,7,22,8,14,.862,3.67,,,,,,,,,,,,,,,,,,,2.158179418933874,32,88
2025-26,wlax,College Conference of Illinois and Wisconsin (CCIW),cciw,Carroll,Elaina Phaneuf,Elaina,Phaneuf,,120,Elaina Phaneuf,"PHANEUF,ELAINA",PHANEUFELAINACARROLL,17,3,,,Carroll,CARROLL,0,0,2,0,0,0,1,9,0,4,3,0,0,0,4,2,0,0,0,0,0,0,0,0,11,7,15,6,180:00,0,0,1.000,,30,42,7,23,6,17,.714,1.35,,,,,,,,,,,,,,,,,,,2.026784419646877,33,88
2025-26,wlax,College Conference of Illinois and Wisconsin (CCIW),cciw,Augustana,Colleen Chiavola,Colleen,Chiavola,,40,Colleen Chiavola,"CHIAVOLA,COLLEEN",CHIAVOLACOLLEENAUGUSTAN,14,14,,,Augustana,AUGUSTAN,0,0,1,0,0,0,1,10,0,2,2,0,0,0,4,7,0,0,0,0,0,0,0,0,27,10,26,16,838:00,75,0,1.000,,31,39,3,16,2,14,.795,1.14,,,,,,,,,,,,,,,,,,,2.0263994067764544,34,88
2025-26,wlax,College Conference of Illinois and Wisconsin (CCIW),cciw,Elmhurst,Andrea Murtland,Andrea,Murtland,,212,Andrea Murtland,"MURTLAND,ANDREA",MURTLANDANDREAELMHURST,13,13,,,Elmhurst,ELMHURST,0,0,6,0,0,0,1,13,0,2,0,0,0,0,8,4,0,0,0,0,0,0,0,0,27,33,34,11,768:00,102,0,1.000,,25,35,11,17,3,14,.714,1.31,,,,,,,,,,,,,,,,,,,1.9370424188348463,35,87
2025-26,wlax,College Conference of Illinois and Wisconsin (CCIW),cciw,Augustana,Becca Lacina,Becca,Lacina,,40,Becca Lacina,"LACINA,BECCA",LACINABECCAAUGUSTAN,13,11,,,Augustana,AUGUSTAN,0,0,2,0,0,0,0,9,0,0,0,0,0,0,4,0,0,0,0,0,0,0,0,0,24,22,43,8,660:00,0,0,1.000,,29,48,6,17,6,11,.604,1.31,,,,,,,,,,,,,,,,,,,1.895110497654752,36,87
2025-26,wlax,College Conference of Illinois and Wisconsin (CCIW),cciw,Carthage,Emma McDonald,Emma,McDonald,,121,Emma McDonald,"MCDONALD,EMMA",MCDONALDEMMACARTHAGE,16,12,,,Carthage,CARTHAGE,0,0,2,0,0,0,3,6,0,0,1,0,0,0,2,3,0,0,0,0,0,0,0,0,16,2,16,7,725:00,12,0,1.000,,19,21,4,20,6,14,.905,1.25,,,,,,,,,,,,,,,,,,,1.8833530802622331,37,87
2025-26,wlax,College Conference of Illinois and Wisconsin (CCIW),cciw,Elmhurst,Hannah Jacob,Hannah,Jacob,,212,Hannah Jacob,"JACOB,HANNAH",JACOBHANNAHELMHURST,12,11,,,Elmhurst,ELMHURST,0,0,1,0,0,0,1,6,1,2,2,0,0,0,3,3,0,0,0,0,0,0,0,0,14,0,31,11,646:00,56,0,1.000,,32,42,1,20,3,17,.762,1.67,,,,,,,,,,,,,,,,,,,1.737855897732069,38,86
2025-26,wlax,College Conference of Illinois and Wisconsin (CCIW),cciw,Carthage,Sydney Kuyava,Sydney,Kuyava,,121,Sydney Kuyava,"KUYAVA,SYDNEY",KUYAVASYDNEYCARTHAGE,17,17,,,Carthage,CARTHAGE,0,0,0,0,0,0,0,0,0,0,0,0,0,0,7,8,0,0,0,0,0,0,0,0,42,5,14,29,1018:00,61,0,1.000,,2,3,0,1,0,1,.667,0.06,,,,,,,,,,,,,,,,,,,1.1437552423747246,39,86
2025-26,wlax,College Conference of Illinois and Wisconsin (CCIW),cciw,Illinois Wesleyan,"Rymarcsuk, Lizzie",Lizzie,Rymarcsuk,,300,"Rymarcsuk, Lizzie","RYMARCSUK,LIZZIE",RYMARCSUKLIZZIEIWU,17,17,,,Illinois Wesleyan,IWU,0,0,0,0,0,0,0,0,0,0,0,0,0,0,0,0,0,0,0,0,0,0,0,0,46,0,24,7,1011:00,120,0,1.000,,0,0,0,0,0,0,.000,0.00,17,912:15,178,165,0,9,9,0,4,0,0,437,11.71,.481,,,,,1.046512777152166,40,86
2025-26,wlax,College Conference of Illinois and Wisconsin (CCIW),cciw,Augustana,Jackie McNair,Jackie,McNair,,40,Jackie McNair,"MCNAIR,JACKIE",MCNAIRJACKIEAUGUSTAN,13,13,,,Augustana,AUGUSTAN,0,0,3,0,0,0,0,7,0,1,0,0,0,0,0,0,0,0,0,0,0,0,0,0,18,13,25,8,778:00,75,0,1.000,,16,21,5,14,4,10,.762,1.08,,,,,,,,,,,,,,,,,,,0.8934926869340946,41,85
2025-26,wlax,College Conference of Illinois and Wisconsin (CCIW),cciw,Augustana,Kyla Painter,Kyla,Painter,,40,Kyla Painter,"PAINTER,KYLA",PAINTERKYLAAUGUSTAN,14,13,,,Augustana,AUGUSTAN,0,0,1,0,0,0,0,2,0,0,0,0,0,0,4,7,0,0,0,0,0,0,0,0,36,5,37,10,778:00,75,0,1.000,,13,19,2,7,3,4,.684,0.50,,,,,,,,,,,,,,,,,,,0.7537295595871183,42,85
2025-26,wlax,College Conference of Illinois and Wisconsin (CCIW),cciw,Elmhurst,Zoe Valdevenito,Zoe,Valdevenito,,212,Zoe Valdevenito,"VALDEVENITO,ZOE",VALDEVENITOZOEELMHURST,12,11,,,Elmhurst,ELMHURST,0,0,1,0,0,0,0,5,1,0,0,0,0,0,3,0,0,0,0,0,0,0,0,0,27,1,20,14,648:00,102,0,1.000,,18,27,5,8,3,5,.667,0.67,,,,,,,,,,,,,,,,,,,0.7308046167951016,43,84
2025-26,wlax,College Conference of Illinois and Wisconsin (CCIW),cciw,North Central,Taylor Smith,Taylor,Smith,,492,Taylor Smith,"SMITH,TAYLOR",SMITHTAYLORNCC,16,16,,,North Central,NCC,0,0,0,0,0,0,0,3,0,0,0,0,0,0,0,4,0,0,0,0,0,0,0,0,29,10,19,15,958:00,59,0,1.000,,3,6,0,6,3,3,.500,0.38,,,,,,,,,,,,,,,,,,,0.589950551166049,44,84
2025-26,wlax,College Conference of Illinois and Wisconsin (CCIW),cciw,Carthage,Xochitl Delvale-Vera,Xochitl,Delvale-Vera,,121,Xochitl Delvale-Vera,"DELVALE-VERA,XOCHITL",DELVALE-VERAXOCHITLCARTHAGE,12,7,,,Carthage,CARTHAGE,0,0,0,0,0,0,0,0,0,0,0,0,0,0,0,0,0,0,0,0,0,0,0,0,18,0,6,4,420:00,0,0,1.000,,0,0,0,0,0,0,.000,0.00,12,521:44,63,84,0,6,3,0,2,0,0,202,7.25,.571,,,,,0.3834587350478842,45,84
2025-26,wlax,College Conference of Illinois and Wisconsin (CCIW),cciw,Augustana,Kendall Phelan,Kendall,Phelan,,40,Kendall Phelan,"PHELAN,KENDALL",PHELANKENDALLAUGUSTAN,14,14,,,Augustana,AUGUSTAN,0,0,0,0,0,0,0,0,0,0,0,0,0,0,1,1,0,0,0,0,0,0,0,0,38,0,29,21,838:00,75,0,1.000,,1,2,1,0,0,0,.500,0.00,,,,,,,,,,,,,,,,,,,0.20932027545898513,46,83
2025-26,wlax,College Conference of Illinois and Wisconsin (CCIW),cciw,Augustana,Kritika Chitnis,Kritika,Chitnis,,40,Kritika Chitnis,"CHITNIS,KRITIKA",CHITNISKRITIKAAUGUSTAN,14,14,,,Augustana,AUGUSTAN,0,0,0,0,0,0,0,4,0,1,0,0,0,0,3,5,0,0,0,0,0,0,0,0,22,8,30,13,838:00,75,0,1.000,,9,13,2,7,2,5,.692,0.50,,,,,,,,,,,,,,,,,,,0.13420073126469528,47,83
2025-26,wlax,College Conference of Illinois and Wisconsin (CCIW),cciw,Carroll,Teah Rupp,Teah,Rupp,,120,Teah Rupp,"RUPP,TEAH",RUPPTEAHCARROLL,17,17,,,Carroll,CARROLL,0,0,0,0,0,0,0,0,0,0,0,0,0,0,4,1,0,0,0,0,0,0,0,0,32,2,4,24,1020:00,0,0,1.000,,1,1,0,0,0,0,1.000,0.00,,,,,,,,,,,,,,,,,,,0.11259923465969801,48,83
2025-26,wlax,College Conference of Illinois and Wisconsin (CCIW),cciw,Illinois Wesleyan,"Shore, Sophie",Sophie,Shore,,300,"Shore, Sophie","SHORE,SOPHIE",SHORESOPHIEIWU,14,9,,,Illinois Wesleyan,IWU,0,0,0,0,0,0,0,3,1,0,0,0,0,0,4,2,0,0,0,0,0,0,0,0,22,2,10,14,540:00,0,0,1.000,,7,8,2,6,2,4,.875,0.43,,,,,,,,,,,,,,,,,,,0.047653524983620965,49,82
2025-26,wlax,College Conference of Illinois and Wisconsin (CCIW),cciw,Elmhurst,Grace Lorkiewicz,Grace,Lorkiewicz,,212,Grace Lorkiewicz,"LORKIEWICZ,GRACE",LORKIEWICZGRACEELMHURST,13,13,,,Elmhurst,ELMHURST,0,0,1,0,0,0,1,3,0,0,0,0,0,0,0,0,0,0,0,0,0,0,0,0,16,10,23,7,768:00,102,0,1.000,,10,17,4,11,2,9,.588,0.85,,,,,,,,,,,,,,,,,,,0.027574394331307785,50,82
2025-26,wlax,College Conference of Illinois and Wisconsin (CCIW),cciw,Augustana,Jana Rajab,Jana,Rajab,,40,Jana Rajab,"RAJAB,JANA",RAJABJANAAUGUSTAN,0,0,,,Augustana,AUGUSTAN,0,,,,,,,,,,,,,,,,,,,,,,,,,,,,,,,,,,,,,,,,0,,,,,,,,,,,,,,,,,,,0.0,51,82
2025-26,wlax,College Conference of Illinois and Wisconsin (CCIW),cciw,Elmhurst,Julissa Diaz,Julissa,Diaz,,212,Julissa Diaz,"DIAZ,JULISSA",DIAZJULISSAELMHURST,0,0,,,Elmhurst,ELMHURST,0,,,,,,,,,,,,,,,,,,,,,,,,,,,,,,,,,,,,,,,,0,,,,,,,,,,,,,,,,,,,0.0,52,81
2025-26,wlax,College Conference of Illinois and Wisconsin (CCIW),cciw,Augustana,Kelsi Green,Kelsi,Green,,40,Kelsi Green,"GREEN,KELSI",GREENKELSIAUGUSTAN,0,0,,,Augustana,AUGUSTAN,0,,,,,,,,,,,,,,,,,,,,,,,,,,,,,,,,,,,,,,,,0,,,,,,,,,,,,,,,,,,,0.0,53,81
2025-26,wlax,College Conference of Illinois and Wisconsin (CCIW),cciw,Augustana,Logan Hutchinson,Logan,Hutchinson,,40,Logan Hutchinson,"HUTCHINSON,LOGAN",HUTCHINSONLOGANAUGUSTAN,0,0,,,Augustana,AUGUSTAN,0,,,,,,,,,,,,,,,,,,,,,,,,,,,,,,,,,,,,,,,,0,,,,,,,,,,,,,,,,,,,0.0,54,81
2025-26,wlax,College Conference of Illinois and Wisconsin (CCIW),cciw,Elmhurst,Nitxana Claudio-Delgado,Nitxana,Claudio-Delgado,,212,Nitxana Claudio-Delgado,"CLAUDIO-DELGADO,NITXANA",CLAUDIO-DELGADONITXANAELMHURST,0,0,,,Elmhurst,ELMHURST,0,,,,,,,,,,,,,,,,,,,,,,,,,,,,,,,,,,,,,,,,0,,,,,,,,,,,,,,,,,,,0.0,55,80
2025-26,wlax,College Conference of Illinois and Wisconsin (CCIW),cciw,Elmhurst,Jacq Vanoni,Jacq,Vanoni,,212,Jacq Vanoni,"VANONI,JACQ",VANONIJACQELMHURST,10,10,,,Elmhurst,ELMHURST,0,0,0,0,0,0,0,0,0,0,0,0,0,0,0,0,0,0,0,0,0,0,0,0,23,0,24,5,558:00,52,0,1.000,,0,0,0,2,2,0,.000,0.20,9,498:48,85,88,0,5,3,0,0,0,0,242,10.22,.509,,,,,-0.061459849280819046,56,80
2025-26,wlax,College Conference of Illinois and Wisconsin (CCIW),cciw,Elmhurst,Kay sardon Ashley,Kay sardon,Ashley,,212,Kay sardon Ashley,"SARDON,ASHLEY KAY",SARDONASHLEYKAYELMHURST,13,11,,,Elmhurst,ELMHURST,0,0,1,0,0,0,0,8,2,1,0,0,0,0,7,4,0,0,0,0,0,0,0,0,12,2,29,5,648:00,102,0,1.000,,20,30,8,12,2,10,.667,0.92,,,,,,,,,,,,,,,,,,,-0.16401556600884765,57,80
2025-26,wlax,College Conference of Illinois and Wisconsin (CCIW),cciw,Carroll,Rebecca Hallman,Rebecca,Hallman,,120,Rebecca Hallman,"HALLMAN,REBECCA",HALLMANREBECCACARROLL,13,3,,,Carroll,CARROLL,0,0,1,0,0,0,0,8,0,0,0,0,0,0,1,0,0,0,0,0,0,0,0,0,3,0,15,0,180:00,0,0,1.000,,18,22,3,14,5,9,.818,1.08,,,,,,,,,,,,,,,,,,,-0.34323058818111885,58,79
2025-26,wlax,College Conference of Illinois and Wisconsin (CCIW),cciw,North Central,Anaise Kaufman,Anaise,Kaufman,,492,Anaise Kaufman,"KAUFMAN,ANAISE",KAUFMANANAISENCC,15,13,,,North Central,NCC,0,0,0,0,0,0,0,4,0,0,0,0,0,0,4,4,0,0,0,0,0,0,0,0,9,14,27,6,779:00,16,0,1.000,,11,14,0,9,5,4,.786,0.60,,,,,,,,,,,,,,,,,,,-0.3943702817804851,59,79
2025-26,wlax,College Conference of Illinois and Wisconsin (CCIW),cciw,North Central,Tori Leonard,Tori,Leonard,,492,Tori Leonard,"LEONARD,TORI",LEONARDTORINCC,16,16,,,North Central,NCC,0,0,0,0,0,0,0,0,0,0,0,0,0,0,0,2,0,0,0,0,0,0,0,0,32,1,13,13,958:00,59,0,1.000,,2,3,0,1,1,0,.667,0.06,,,,,,,,,,,,,,,,,,,-0.4040706987919867,60,78
2025-26,wlax,College Conference of Illinois and Wisconsin (CCIW),cciw,Carroll,Abby Stas,Abby,Stas,,120,Abby Stas,"STAS,ABBY",STASABBYCARROLL,10,8,,,Carroll,CARROLL,0,0,1,0,0,0,1,5,0,1,0,0,0,0,1,1,0,0,0,0,0,0,0,0,18,1,8,9,480:00,0,0,1.000,,11,16,5,7,1,6,.688,0.70,,,,,,,,,,,,,,,,,,,-0.46656401089560845,61,78
2025-26,wlax,College Conference of Illinois and Wisconsin (CCIW),cciw,Augustana,Anna Erickson,Anna,Erickson,,40,Anna Erickson,"ERICKSON,ANNA",ERICKSONANNAAUGUSTAN,11,8,,,Augustana,AUGUSTAN,0,0,0,0,0,0,0,0,0,0,0,0,0,0,0,0,0,0,0,0,0,0,0,0,9,1,16,1,478:00,75,0,1.000,,9,11,2,10,6,4,.818,0.91,,,,,,,,,,,,,,,,,,,-0.48372726972209296,62,78
2025-26,wlax,College Conference of Illinois and Wisconsin (CCIW),cciw,Carroll,Sydney Everett,Sydney,Everett,,120,Sydney Everett,"EVERETT,SYDNEY",EVERETTSYDNEYCARROLL,7,1,,,Carroll,CARROLL,0,0,0,0,0,0,0,0,0,0,0,0,0,0,0,0,0,0,0,0,0,0,0,0,2,1,3,0,60:00,0,0,1.000,,0,0,0,0,0,0,.000,0.00,6,126:52,8,12,0,2,0,0,0,0,0,30,3.78,.600,,,,,-0.5806225136052529,63,77
2025-26,wlax,College Conference of Illinois and Wisconsin (CCIW),cciw,Elmhurst,Mikaela Armstrong,Mikaela,Armstrong,,212,Mikaela Armstrong,"ARMSTRONG,MIKAELA",ARMSTRONGMIKAELAELMHURST,13,13,,,Elmhurst,ELMHURST,0,0,0,0,0,0,0,1,0,0,0,0,0,0,4,6,0,0,0,0,0,0,0,0,24,1,13,15,768:00,102,0,1.000,,2,2,0,2,0,2,1.000,0.15,,,,,,,,,,,,,,,,,,,-0.6266748072790104,64,77
2025-26,wlax,College Conference of Illinois and Wisconsin (CCIW),cciw,Augustana,Rachel Wylie,Rachel,Wylie,,40,Rachel Wylie,"WYLIE,RACHEL",WYLIERACHELAUGUSTAN,14,14,,,Augustana,AUGUSTAN,0,0,0,0,0,0,0,0,0,0,0,0,0,0,1,0,0,0,0,0,0,0,0,0,28,0,20,15,784:00,87,0,1.000,,0,2,0,0,0,0,.000,0.00,,,,,,,,,,,,,,,,,,,-0.7352885259749674,65,77
2025-26,wlax,College Conference of Illinois and Wisconsin (CCIW),cciw,Carthage,Isabella Kuyava,Isabella,Kuyava,,121,Isabella Kuyava,"KUYAVA,ISABELLA",KUYAVAISABELLACARTHAGE,17,17,,,Carthage,CARTHAGE,0,0,0,0,0,0,0,0,0,0,0,0,0,0,1,2,0,0,0,0,0,0,0,0,19,0,18,14,1018:00,61,0,1.000,,0,2,1,2,2,0,.000,0.12,,,,,,,,,,,,,,,,,,,-0.7385993539245563,66,76
2025-26,wlax,College Conference of Illinois and Wisconsin (CCIW),cciw,Illinois Wesleyan,"Heyl, Chloe",Chloe,Heyl,,300,"Heyl, Chloe","HEYL,CHLOE",HEYLCHLOEIWU,12,5,,,Illinois Wesleyan,IWU,0,0,1,0,0,0,0,5,0,0,0,0,0,0,1,1,0,0,0,0,0,0,0,0,5,0,15,2,301:00,62,0,1.000,,17,21,3,12,2,10,.810,1.00,,,,,,,,,,,,,,,,,,,-0.7397791379105988,67,76
2025-26,wlax,College Conference of Illinois and Wisconsin (CCIW),cciw,Carthage,Sofia Winterkorn,Sofia,Winterkorn,,121,Sofia Winterkorn,"WINTERKORN,SOFIA",WINTERKORNSOFIACARTHAGE,15,15,,,Carthage,CARTHAGE,0,0,0,0,0,0,0,2,0,0,0,0,0,0,1,4,0,0,0,0,0,0,0,0,12,1,21,7,898:00,61,0,1.000,,8,12,0,6,4,2,.667,0.40,,,,,,,,,,,,,,,,,,,-0.7502318951339394,68,76
2025-26,wlax,College Conference of Illinois and Wisconsin (CCIW),cciw,North Central,Samantha Alis,Samantha,Alis,,492,Samantha Alis,"ALIS,SAMANTHA",ALISSAMANTHANCC,16,12,,,North Central,NCC,0,0,0,0,0,0,0,0,0,0,0,0,0,0,0,0,0,0,0,0,0,0,0,0,22,0,14,12,705:00,45,0,1.000,,0,0,0,1,1,0,.000,0.06,,,,,,,,,,,,,,,,,,,-0.9925853789675418,69,75
2025-26,wlax,College Conference of Illinois and Wisconsin (CCIW),cciw,Carthage,Taylor Ruf,Taylor,Ruf,,121,Taylor Ruf,"RUF,TAYLOR",RUFTAYLORCARTHAGE,12,7,,,Carthage,CARTHAGE,0,0,0,0,0,0,0,0,0,0,0,0,0,0,3,2,0,0,0,0,0,0,0,0,17,0,13,13,420:00,0,0,1.000,,4,6,0,2,1,1,.667,0.17,,,,,,,,,,,,,,,,,,,-1.0222484521450463,70,75
2025-26,wlax,College Conference of Illinois and Wisconsin (CCIW),cciw,Elmhurst,Paige Palmero,Paige,Palmero,,212,Paige Palmero,"PALMERO,PAIGE",PALMEROPAIGEELMHURST,13,13,,,Elmhurst,ELMHURST,0,0,0,0,0,0,0,1,0,0,0,0,0,0,5,1,0,0,0,0,0,0,0,0,18,6,38,3,768:00,102,0,1.000,,15,17,4,5,2,3,.882,0.38,,,,,,,,,,,,,,,,,,,-1.1004379146871568,71,75
2025-26,wlax,College Conference of Illinois and Wisconsin (CCIW),cciw,Carthage,Kara Jaynes,Kara,Jaynes,,121,Kara Jaynes,"JAYNES,KARA",JAYNESKARACARTHAGE,12,9,,,Carthage,CARTHAGE,0,0,0,0,0,0,0,0,0,0,0,0,0,0,0,0,0,0,0,0,0,0,0,0,15,0,6,1,538:00,61,0,1.000,,0,0,0,0,0,0,.000,0.00,11,492:05,61,58,0,5,3,0,2,0,0,161,7.44,.487,,,,,-1.4037822805269187,72,74
2025-26,wlax,College Conference of Illinois and Wisconsin (CCIW),cciw,Illinois Wesleyan,"Tucker, Prissilla",Prissilla,Tucker,,300,"Tucker, Prissilla","TUCKER,PRISSILLA",TUCKERPRISSILLAIWU,17,15,,,Illinois Wesleyan,IWU,0,0,0,0,0,0,0,0,0,0,0,0,0,0,9,4,0,0,0,0,0,0,0,0,19,8,16,11,906:00,120,0,1.000,,0,0,0,0,0,0,.000,0.00,,,,,,,,,,,,,,,,,,,-1.485730093313173,73,74
2025-26,wlax,College Conference of Illinois and Wisconsin (CCIW),cciw,Augustana,Aaliyah Eudabe,Aaliyah,Eudabe,,40,Aaliyah Eudabe,"EUDABE,AALIYAH",EUDABEAALIYAHAUGUSTAN,1,1,,,Augustana,AUGUSTAN,0,0,1,0,0,0,0,4,0,2,0,0,0,0,0,0,0,0,0,0,0,0,0,0,1,4,1,1,60:00,0,0,1.000,,7,9,2,8,3,5,.778,8.00,,,,,,,,,,,,,,,,,,,-1.5400093238788077,74,74
2025-26,wlax,College Conference of Illinois and Wisconsin (CCIW),cciw,Illinois Wesleyan,"Mills, Mallory",Mallory,Mills,,300,"Mills, Mallory","MILLS,MALLORY",MILLSMALLORYIWU,17,17,,,Illinois Wesleyan,IWU,0,0,0,0,0,0,0,2,0,0,0,0,0,0,0,4,0,0,0,0,0,0,0,0,10,0,16,11,1026:00,120,0,1.000,,3,4,1,2,0,2,.750,0.12,,,,,,,,,,,,,,,,,,,-1.635764302579154,75,73
2025-26,wlax,College Conference of Illinois and Wisconsin (CCIW),cciw,North Central,Ellie Gosselin,Ellie,Gosselin,,492,Ellie Gosselin,"GOSSELIN,ELLIE",GOSSELINELLIENCC,14,4,,,North Central,NCC,0,0,0,0,0,0,0,4,0,0,0,0,0,0,3,0,0,0,0,0,0,0,0,0,4,3,11,2,291:00,109,0,1.000,,11,12,2,6,2,4,.917,0.43,,,,,,,,,,,,,,,,,,,-1.7381049066995082,76,73
2025-26,wlax,College Conference of Illinois and Wisconsin (CCIW),cciw,Elmhurst,Corinna Salmon,Corinna,Salmon,,212,Corinna Salmon,"SALMON,CORINNA",SALMONCORINNAELMHURST,12,9,,,Elmhurst,ELMHURST,0,0,0,0,0,0,0,1,1,2,0,0,0,0,0,1,0,0,0,0,0,0,0,0,14,1,16,5,540:00,54,0,1.000,,7,8,0,6,1,5,.875,0.50,5,270:00,64,55,0,0,4,0,1,0,0,165,14.22,.462,,,,,-1.7802760374990272,77,72
2025-26,wlax,College Conference of Illinois and Wisconsin (CCIW),cciw,Carroll,Devon Duym,Devon,Duym,,120,Devon Duym,"DUYM,DEVON",DUYMDEVONCARROLL,16,12,,,Carroll,CARROLL,0,0,0,0,0,0,0,0,0,0,0,0,0,0,0,0,0,0,0,0,0,0,0,0,6,0,2,1,759:00,20,0,1.000,,0,0,0,0,0,0,.000,0.00,16,606:00,69,63,0,8,3,0,0,0,0,175,6.83,.477,,,,,-1.8157382765577632,78,72
2025-26,wlax,College Conference of Illinois and Wisconsin (CCIW),cciw,Carroll,Emilia Tubbs,Emilia,Tubbs,,120,Emilia Tubbs,"TUBBS,EMILIA",TUBBSEMILIACARROLL,17,17,,,Carroll,CARROLL,0,0,0,0,0,0,0,0,0,0,0,0,0,0,1,1,0,0,0,0,0,0,0,0,16,0,7,8,1020:00,0,0,1.000,,0,0,0,0,0,0,.000,0.00,,,,,,,,,,,,,,,,,,,-1.854575322845374,79,72
2025-26,wlax,College Conference of Illinois and Wisconsin (CCIW),cciw,Illinois Wesleyan,"Steil, Bri",Bri,Steil,,300,"Steil, Bri","STEIL,BRI",STEILBRIIWU,16,14,,,Illinois Wesleyan,IWU,0,0,0,0,0,0,0,0,0,0,0,0,0,0,0,2,0,0,0,0,0,0,0,0,13,0,16,10,846:00,120,0,1.000,,0,0,0,0,0,0,.000,0.00,,,,,,,,,,,,,,,,,,,-1.867326431119178,80,71
2025-26,wlax,College Conference of Illinois and Wisconsin (CCIW),cciw,Carroll,Lilly Parrott,Lilly,Parrott,,120,Lilly Parrott,"PARROTT,LILLY",PARROTTLILLYCARROLL,17,16,,,Carroll,CARROLL,0,0,0,0,0,0,0,0,0,0,0,0,0,0,0,3,0,0,0,0,0,0,0,0,10,1,10,11,960:00,0,0,1.000,,0,0,0,0,0,0,.000,0.00,,,,,,,,,,,,,,,,,,,-1.9512963636446612,81,71
2025-26,wlax,College Conference of Illinois and Wisconsin (CCIW),cciw,North Central,Samantha Devens,Samantha,Devens,,492,Samantha Devens,"DEVENS,SAMANTHA",DEVENSSAMANTHANCC,15,15,,,North Central,NCC,0,0,0,0,0,0,0,1,0,0,0,0,0,0,1,1,0,0,0,0,0,0,0,0,7,0,9,5,886:00,92,0,1.000,,3,3,1,3,1,2,1.000,0.20,,,,,,,,,,,,,,,,,,,-1.9515288715496037,82,71
2025-26,wlax,College Conference of Illinois and Wisconsin (CCIW),cciw,Carroll,Hannah McKenna,Hannah,McKenna,,120,Hannah McKenna,"MCKENNA,HANNAH",MCKENNAHANNAHCARROLL,11,4,,,Carroll,CARROLL,0,0,0,0,0,0,0,0,0,0,0,0,0,0,0,0,0,0,0,0,0,0,0,0,9,0,7,0,200:00,40,0,1.000,,0,0,0,0,0,0,.000,0.00,11,287:08,37,36,0,2,2,0,0,0,0,101,7.73,.493,,,,,-2.037533507491034,83,70
2025-26,wlax,College Conference of Illinois and Wisconsin (CCIW),cciw,Augustana,Anna Davison,Anna,Davison,,40,Anna Davison,"DAVISON,ANNA",DAVISONANNAAUGUSTAN,13,12,,,Augustana,AUGUSTAN,0,0,0,0,0,0,0,0,0,0,0,0,0,0,0,0,0,0,0,0,0,0,0,0,15,0,13,6,714:00,59,0,1.000,,1,2,0,0,0,0,.500,0.00,,,,,,,,,,,,,,,,,,,-2.0487425569411206,84,70
2025-26,wlax,College Conference of Illinois and Wisconsin (CCIW),cciw,Carthage,Ari Solomon,Ari,Solomon,,121,Ari Solomon,"SOLOMON,ARI",SOLOMONARICARTHAGE,9,2,,,Carthage,CARTHAGE,0,0,0,0,0,0,0,1,0,0,0,0,0,0,1,1,0,0,0,0,0,0,0,0,3,0,4,1,120:00,0,0,1.000,,2,2,0,4,3,1,1.000,0.44,,,,,,,,,,,,,,,,,,,-2.067614274825047,85,70
2025-26,wlax,College Conference of Illinois and Wisconsin (CCIW),cciw,Carthage,Karlie Young,Karlie,Young,,121,Karlie Young,"YOUNG,KARLIE",YOUNGKARLIECARTHAGE,12,2,,,Carthage,CARTHAGE,0,0,0,0,0,0,1,1,0,0,1,0,0,0,2,0,0,0,0,0,0,0,0,0,8,0,6,4,120:00,0,0,1.000,,4,4,0,3,0,3,1.000,0.25,,,,,,,,,,,,,,,,,,,-2.0799892129929316,86,69
2025-26,wlax,College Conference of Illinois and Wisconsin (CCIW),cciw,Illinois Wesleyan,"Ayres, Brooke",Brooke,Ayres,,300,"Ayres, Brooke","AYRES,BROOKE",AYRESBROOKEIWU,5,5,,,Illinois Wesleyan,IWU,0,0,0,0,0,0,0,0,0,0,0,0,0,0,0,0,0,0,0,0,0,0,0,0,5,0,3,11,301:00,62,0,1.000,,0,0,0,0,0,0,.000,0.00,,,,,,,,,,,,,,,,,,,-2.209944291606599,87,69
2025-26,wlax,College Conference of Illinois and Wisconsin (CCIW),cciw,Elmhurst,Mc Brown,Mc,Brown,,212,Mc Brown,"BROWN,MC",BROWNMCELMHURST,9,8,,,Elmhurst,ELMHURST,0,0,0,0,0,0,1,0,0,0,0,0,0,0,1,6,0,0,0,0,0,0,0,0,7,10,10,5,466:00,2,0,1.000,,4,7,1,2,0,2,.571,0.22,,,,,,,,,,,,,,,,,,,-2.218266004866393,88,69
2025-26,wlax,College Conference of Illinois and Wisconsin (CCIW),cciw,Illinois Wesleyan,"Keeton, Lillie",Lillie,Keeton,,300,"Keeton, Lillie","KEETON,LILLIE",KEETONLILLIEIWU,12,1,,,Illinois Wesleyan,IWU,0,0,0,0,0,0,0,2,0,0,0,0,0,0,2,0,0,0,0,0,0,0,0,0,4,0,5,3,60:00,0,0,1.000,,10,14,1,3,1,2,.714,0.25,,,,,,,,,,,,,,,,,,,-2.2491552768301255,89,68
2025-26,wlax,College Conference of Illinois and Wisconsin (CCIW),cciw,Carroll,Emma Kimps,Emma,Kimps,,120,Emma Kimps,"KIMPS,EMMA",KIMPSEMMACARROLL,13,0,,,Carroll,CARROLL,0,0,0,0,0,0,0,1,0,0,0,0,0,0,0,0,0,0,0,0,0,0,0,0,1,0,8,1,00:00,0,0,1.000,,2,4,0,4,2,2,.500,0.31,,,,,,,,,,,,,,,,,,,-2.2800445487938577,90,68
2025-26,wlax,College Conference of Illinois and Wisconsin (CCIW),cciw,Augustana,Alex Masterson,Alex,Masterson,,40,Alex Masterson,"MASTERSON,ALEX",MASTERSONALEXAUGUSTAN,14,4,,,Augustana,AUGUSTAN,0,0,0,0,0,0,1,1,0,1,0,0,0,0,1,1,0,0,0,0,0,0,0,0,9,0,20,2,186:00,95,0,1.000,,3,4,1,2,0,2,.750,0.14,,,,,,,,,,,,,,,,,,,-2.328463306436656,91,68
2025-26,wlax,College Conference of Illinois and Wisconsin (CCIW),cciw,North Central,Oran Wilkins,Oran,Wilkins,,492,Oran Wilkins,"WILKINS,ORAN",WILKINSORANNCC,12,1,,,North Central,NCC,0,0,0,0,0,0,0,0,0,0,0,0,0,0,0,0,0,0,0,0,0,0,0,0,13,0,4,0,130:00,113,0,1.000,,0,0,0,0,0,0,.000,0.00,11,245:41,35,31,0,2,0,0,0,0,0,89,8.55,.470,,,,,-2.341482000066863,92,67
2025-26,wlax,College Conference of Illinois and Wisconsin (CCIW),cciw,Augustana,Kellie Flynn,Kellie,Flynn,,40,Kellie Flynn,"FLYNN,KELLIE",FLYNNKELLIEAUGUSTAN,1,1,,,Augustana,AUGUSTAN,0,0,1,0,0,0,0,1,0,1,0,0,0,0,0,0,0,0,0,0,0,0,0,0,4,0,0,1,60:00,0,0,1.000,,6,7,1,4,0,4,.857,4.00,,,,,,,,,,,,,,,,,,,-2.3427979975847664,93,67
2025-26,wlax,College Conference of Illinois and Wisconsin (CCIW),cciw,Augustana,Elissa Slane,Elissa,Slane,,40,Elissa Slane,"SLANE,ELISSA",SLANEELISSAAUGUSTAN,1,1,,,Augustana,AUGUSTAN,0,0,0,0,0,0,0,1,0,0,0,0,0,0,0,0,0,0,0,0,0,0,0,0,3,0,6,2,60:00,0,0,1.000,,2,2,0,3,1,2,1.000,3.00,,,,,,,,,,,,,,,,,,,-2.3721036866741922,94,67
2025-26,wlax,College Conference of Illinois and Wisconsin (CCIW),cciw,Elmhurst,Paige Moniz,Paige,Moniz,,212,Paige Moniz,"MONIZ,PAIGE",MONIZPAIGEELMHURST,12,12,,,Elmhurst,ELMHURST,0,0,0,0,0,0,0,0,1,1,0,0,0,0,0,1,0,0,0,0,0,0,0,0,6,0,8,1,708:00,102,0,1.000,,4,6,1,2,0,2,.667,0.17,,,,,,,,,,,,,,,,,,,-2.5548708874654986,95,66
2025-26,wlax,College Conference of Illinois and Wisconsin (CCIW),cciw,Augustana,Kyndall Lewis,Kyndall,Lewis,,40,Kyndall Lewis,"LEWIS,KYNDALL",LEWISKYNDALLAUGUSTAN,1,1,,,Augustana,AUGUSTAN,0,0,0,0,0,0,0,2,0,0,0,0,0,0,0,0,0,0,0,0,0,0,0,0,2,3,2,0,60:00,0,0,1.000,,2,6,0,3,1,2,.333,3.00,,,,,,,,,,,,,,,,,,,-2.566270920769939,96,66
2025-26,wlax,College Conference of Illinois and Wisconsin (CCIW),cciw,Augustana,Hayla-Lyn Gilly,Hayla-Lyn,Gilly,,40,Hayla-Lyn Gilly,"GILLY,HAYLA-LYN",GILLYHAYLA-LYNAUGUSTAN,1,1,,,Augustana,AUGUSTAN,0,0,0,0,0,0,0,2,0,1,0,0,0,0,1,0,0,0,0,0,0,0,0,0,1,0,3,0,60:00,0,0,1.000,,2,3,0,3,1,2,.667,3.00,,,,,,,,,,,,,,,,,,,-2.618000506362326,97,65
2025-26,wlax,College Conference of Illinois and Wisconsin (CCIW),cciw,Augustana,Anna Huard,Anna,Huard,,40,Anna Huard,"HUARD,ANNA",HUARDANNAAUGUSTAN,1,1,,,Augustana,AUGUSTAN,0,0,0,0,0,0,0,1,0,0,1,0,0,0,1,0,0,0,0,0,0,0,0,0,1,0,3,1,60:00,0,0,1.000,,3,3,0,3,0,3,1.000,3.00,,,,,,,,,,,,,,,,,,,-2.6557527848946827,98,65
2025-26,wlax,College Conference of Illinois and Wisconsin (CCIW),cciw,Augustana,Ellen Chown,Ellen,Chown,,40,Ellen Chown,"CHOWN,ELLEN",CHOWNELLENAUGUSTAN,1,1,,,Augustana,AUGUSTAN,0,0,1,0,0,0,0,3,0,0,0,0,0,0,0,1,0,0,0,0,0,0,0,0,1,6,2,1,60:00,0,0,1.000,,4,4,1,3,0,3,1.000,3.00,,,,,,,,,,,,,,,,,,,-2.6557527848946827,99,65
2025-26,wlax,College Conference of Illinois and Wisconsin (CCIW),cciw,Illinois Wesleyan,"McVey, Makenna",Makenna,McVey,,300,"McVey, Makenna","MCVEY,MAKENNA",MCVEYMAKENNAIWU,7,3,,,Illinois Wesleyan,IWU,0,0,1,0,0,0,0,2,0,0,0,0,0,0,0,0,0,0,0,0,0,0,0,0,0,0,6,0,185:00,58,0,1.000,,2,2,1,3,1,2,1.000,0.43,,,,,,,,,,,,,,,,,,,-2.669730091954714,100,64
2025-26,wlax,College Conference of Illinois and Wisconsin (CCIW),cciw,Augustana,Ariadna Escobar,Ariadna,Escobar,,40,Ariadna Escobar,"ESCOBAR,ARIADNA",ESCOBARARIADNAAUGUSTAN,7,3,,,Augustana,AUGUSTAN,0,0,0,0,0,0,0,1,0,1,0,0,0,0,0,0,0,0,0,0,0,0,0,0,5,0,3,2,227:00,24,0,1.000,,1,1,0,1,0,1,1.000,0.14,,,,,,,,,,,,,,,,,,,-2.6931476793389604,101,64
2025-26,wlax,College Conference of Illinois and Wisconsin (CCIW),cciw,Carroll,Sierra Langkamp,Sierra,Langkamp,,120,Sierra Langkamp,"LANGKAMP,SIERRA",LANGKAMPSIERRACARROLL,14,9,,,Carroll,CARROLL,0,0,0,0,0,0,0,0,0,0,0,0,0,0,0,0,0,0,0,0,0,0,0,0,5,0,3,4,540:00,0,0,1.000,,0,0,0,0,0,0,.000,0.00,,,,,,,,,,,,,,,,,,,-2.708476061368355,102,64
2025-26,wlax,College Conference of Illinois and Wisconsin (CCIW),cciw,Augustana,Abigail Dennington,Abigail,Dennington,,40,Abigail Dennington,"DENNINGTON,ABIGAIL",DENNINGTONABIGAILAUGUSTAN,9,0,,,Augustana,AUGUSTAN,0,0,0,0,0,0,0,0,0,0,0,0,0,0,0,0,0,0,0,0,0,0,0,0,9,0,17,1,53:00,48,0,1.000,,1,3,2,0,0,0,.333,0.00,,,,,,,,,,,,,,,,,,,-2.715214191753843,103,63
2025-26,wlax,College Conference of Illinois and Wisconsin (CCIW),cciw,North Central,Hannah Dahlk,Hannah,Dahlk,,492,Hannah Dahlk,"DAHLK,HANNAH",DAHLKHANNAHNCC,12,1,,,North Central,NCC,0,0,0,0,0,0,0,0,0,0,0,0,0,0,0,0,0,0,0,0,0,0,0,0,6,0,6,3,114:00,56,0,1.000,,0,0,0,0,0,0,.000,0.00,,,,,,,,,,,,,,,,,,,-2.727965300027647,104,63
2025-26,wlax,College Conference of Illinois and Wisconsin (CCIW),cciw,Carthage,Erica Maya,Erica,Maya,,121,Erica Maya,"MAYA,ERICA",MAYAERICACARTHAGE,12,3,,,Carthage,CARTHAGE,0,0,0,0,0,0,0,0,0,0,0,0,0,0,0,0,0,0,0,0,0,0,0,0,3,1,3,4,227:00,51,0,1.000,,0,0,0,0,0,0,.000,0.00,,,,,,,,,,,,,,,,,,,-2.8119352325531297,105,63
2025-26,wlax,College Conference of Illinois and Wisconsin (CCIW),cciw,Elmhurst,Gabby Malec,Gabby,Malec,,212,Gabby Malec,"MALEC,GABBY",MALECGABBYELMHURST,8,6,,,Elmhurst,ELMHURST,0,0,0,0,0,0,0,1,0,0,0,0,0,0,1,1,0,0,0,0,0,0,0,0,4,0,9,1,360:00,0,0,1.000,,1,2,0,1,0,1,.500,0.13,,,,,,,,,,,,,,,,,,,-2.816096089183027,106,62
2025-26,wlax,College Conference of Illinois and Wisconsin (CCIW),cciw,Augustana,Julia Ames,Julia,Ames,,40,Julia Ames,"AMES,JULIA",AMESJULIAAUGUSTAN,1,1,,,Augustana,AUGUSTAN,0,0,0,0,0,0,0,0,0,0,0,0,0,0,1,1,0,0,0,0,0,0,0,0,1,4,1,1,60:00,0,0,1.000,,2,2,0,1,1,0,1.000,1.00,,,,,,,,,,,,,,,,,,,-2.8623137431761543,107,62
2025-26,wlax,College Conference of Illinois and Wisconsin (CCIW),cciw,Elmhurst,Ella Conyers,Ella,Conyers,,212,Ella Conyers,"CONYERS,ELLA",CONYERSELLAELMHURST,10,8,,,Elmhurst,ELMHURST,0,0,0,0,0,0,0,0,0,0,0,0,0,0,0,0,0,0,0,0,0,0,0,0,2,0,6,4,466:00,56,0,1.000,,0,0,0,0,0,0,.000,0.00,,,,,,,,,,,,,,,,,,,-2.8636648181455175,108,62
2025-26,wlax,College Conference of Illinois and Wisconsin (CCIW),cciw,Carthage,Kailey Wagner,Kailey,Wagner,,121,Kailey Wagner,"WAGNER,KAILEY",WAGNERKAILEYCARTHAGE,10,3,,,Carthage,CARTHAGE,0,0,0,0,0,0,0,0,0,0,0,0,0,0,0,1,0,0,0,0,0,0,0,0,3,1,3,3,180:00,0,0,1.000,,0,0,0,0,0,0,.000,0.00,,,,,,,,,,,,,,,,,,,-2.8831540568048095,109,61
2025-26,wlax,College Conference of Illinois and Wisconsin (CCIW),cciw,Carroll,Keira Ruys,Keira,Ruys,,120,Keira Ruys,"RUYS,KEIRA",RUYSKEIRACARROLL,10,0,,,Carroll,CARROLL,0,0,0,0,0,0,0,0,0,0,0,0,0,0,0,0,0,0,0,0,0,0,0,0,4,0,2,2,00:00,0,0,1.000,,0,0,0,0,0,0,.000,0.00,,,,,,,,,,,,,,,,,,,-2.9026432954641015,110,61
2025-26,wlax,College Conference of Illinois and Wisconsin (CCIW),cciw,North Central,Tsahai Smith,Tsahai,Smith,,492,Tsahai Smith,"SMITH,TSAHAI",SMITHTSAHAINCC,13,1,,,North Central,NCC,0,0,0,0,0,0,0,0,0,0,0,0,0,0,0,0,0,0,0,0,0,0,0,0,3,0,4,2,71:00,48,0,1.000,,1,4,1,0,0,0,.250,0.00,,,,,,,,,,,,,,,,,,,-2.954372881056489,111,61
2025-26,wlax,College Conference of Illinois and Wisconsin (CCIW),cciw,North Central,Alyssa Rose,Alyssa,Rose,,492,Alyssa Rose,"ROSE,ALYSSA",ROSEALYSSANCC,16,15,,,North Central,NCC,0,0,0,0,0,0,0,0,0,0,0,0,0,0,0,0,0,0,0,0,0,0,0,0,24,0,7,0,825:00,126,0,1.000,,0,0,0,0,0,0,.000,0.00,16,700:04,124,72,0,7,7,0,5,5,0,264,10.63,.367,,,,,-2.9689678256737855,112,60
2025-26,wlax,College Conference of Illinois and Wisconsin (CCIW),cciw,Carroll,Sela McCarthy,Sela,McCarthy,,120,Sela McCarthy,"MCCARTHY,SELA",MCCARTHYSELACARROLL,15,0,,,Carroll,CARROLL,0,0,0,0,0,0,0,1,0,0,0,0,0,0,0,0,0,0,0,0,0,0,0,0,1,2,9,1,00:00,0,0,1.000,,4,4,1,1,0,1,1.000,0.07,,,,,,,,,,,,,,,,,,,-2.9712848459601897,113,60
2025-26,wlax,College Conference of Illinois and Wisconsin (CCIW),cciw,North Central,Julia Gosk,Julia,Gosk,,492,Julia Gosk,"GOSK,JULIA",GOSKJULIANCC,8,1,,,North Central,NCC,0,0,0,0,0,0,0,0,0,0,0,0,0,0,0,0,0,0,0,0,0,0,0,0,3,0,0,1,60:00,0,0,1.000,,0,0,0,0,0,0,.000,0.00,,,,,,,,,,,,,,,,,,,-3.0255917053081682,114,59
2025-26,wlax,College Conference of Illinois and Wisconsin (CCIW),cciw,Augustana,Lanie DaSilva,Lanie,DaSilva,,40,Lanie DaSilva,"DASILVA,LANIE",DASILVALANIEAUGUSTAN,7,5,,,Augustana,AUGUSTAN,0,0,0,0,0,0,0,0,0,0,0,0,0,0,0,0,0,0,0,0,0,0,0,0,0,0,4,2,300:00,0,0,1.000,,0,0,0,0,0,0,.000,0.00,,,,,,,,,,,,,,,,,,,-3.109561637833652,115,59
2025-26,wlax,College Conference of Illinois and Wisconsin (CCIW),cciw,Illinois Wesleyan,"Fischmann, Cassie",Cassie,Fischmann,,300,"Fischmann, Cassie","FISCHMANN,CASSIE",FISCHMANNCASSIEIWU,9,4,,,Illinois Wesleyan,IWU,0,0,0,0,0,0,0,0,0,0,0,0,0,0,0,0,0,0,0,0,0,0,0,0,2,0,2,0,240:00,0,0,1.000,,0,0,0,0,0,0,.000,0.00,,,,,,,,,,,,,,,,,,,-3.1485401151522354,116,59
2025-26,wlax,College Conference of Illinois and Wisconsin (CCIW),cciw,Augustana,Natalie Sweetland,Natalie,Sweetland,,40,Natalie Sweetland,"SWEETLAND,NATALIE",SWEETLANDNATALIEAUGUSTAN,1,1,,,Augustana,AUGUSTAN,0,0,0,0,0,0,0,0,0,0,0,0,0,0,0,0,0,0,0,0,0,0,0,0,0,0,1,1,60:00,0,0,1.000,,0,0,0,0,0,0,.000,0.00,,,,,,,,,,,,,,,,,,,-3.1807804620853313,117,58
2025-26,wlax,College Conference of Illinois and Wisconsin (CCIW),cciw,North Central,Caitlyn Mitchell,Caitlyn,Mitchell,,492,Caitlyn Mitchell,"MITCHELL,CAITLYN",MITCHELLCAITLYNNCC,10,1,,,North Central,NCC,0,0,0,0,0,0,0,0,0,0,0,0,0,0,0,0,0,0,0,0,0,0,0,0,1,0,0,0,90:00,17,0,1.000,,0,0,0,0,0,0,.000,0.00,,,,,,,,,,,,,,,,,,,-3.200269700744623,118,58
2025-26,wlax,College Conference of Illinois and Wisconsin (CCIW),cciw,Augustana,Taylor Ackland,Taylor,Ackland,,40,Taylor Ackland,"ACKLAND,TAYLOR",ACKLANDTAYLORAUGUSTAN,11,3,,,Augustana,AUGUSTAN,0,0,0,0,0,0,0,0,0,0,0,0,0,0,1,0,0,0,0,0,0,0,0,0,1,0,8,0,184:00,16,0,1.000,,3,3,1,0,0,0,1.000,0.00,,,,,,,,,,,,,,,,,,,-3.200269700744623,119,58
2025-26,wlax,College Conference of Illinois and Wisconsin (CCIW),cciw,Illinois Wesleyan,"Busby, Liv",Liv,Busby,,300,"Busby, Liv","BUSBY,LIV",BUSBYLIVIWU,0,0,,,Illinois Wesleyan,IWU,0,0,0,0,0,0,0,0,0,0,0,0,0,0,0,0,0,0,0,0,0,0,0,0,0,0,0,0,00:00,0,0,1.000,,0,0,0,0,0,0,.000,0,,,,,,,,,,,,,,,,,,,-3.2519992863370106,120,57
2025-26,wlax,College Conference of Illinois and Wisconsin (CCIW),cciw,Augustana,Calla Al Taani,Calla Al,Taani,,40,Calla Al Taani,"TAANI,CALLA AL",TAANICALLAALAUGUSTAN,1,0,,,Augustana,AUGUSTAN,0,0,0,0,0,0,0,0,0,0,0,0,0,0,0,0,0,0,0,0,0,0,0,0,0,0,0,0,00:00,0,0,1.000,,0,0,0,0,0,0,.000,0.00,,,,,,,,,,,,,,,,,,,-3.2519992863370106,121,57
2025-26,wlax,College Conference of Illinois and Wisconsin (CCIW),cciw,Elmhurst,Contessa Szymczak,Contessa,Szymczak,,212,Contessa Szymczak,"SZYMCZAK,CONTESSA",SZYMCZAKCONTESSAELMHURST,5,3,,,Elmhurst,ELMHURST,0,0,0,0,0,0,0,0,0,0,0,0,0,0,0,0,0,0,0,0,0,0,0,0,0,0,1,0,182:00,46,0,1.000,,1,1,0,0,0,0,1.000,0.00,,,,,,,,,,,,,,,,,,,-3.2519992863370106,122,57
2025-26,wlax,College Conference of Illinois and Wisconsin (CCIW),cciw,North Central,Daniela Rosales,Daniela,Rosales,,492,Daniela Rosales,"ROSALES,DANIELA",ROSALESDANIELANCC,1,0,,,North Central,NCC,0,0,0,0,0,0,0,0,0,0,0,0,0,0,0,0,0,0,0,0,0,0,0,0,0,0,0,0,00:00,0,0,1.000,,0,0,0,0,0,0,.000,0.00,,,,,,,,,,,,,,,,,,,-3.2519992863370106,123,56
2025-26,wlax,College Conference of Illinois and Wisconsin (CCIW),cciw,Augustana,Darby Conerly,Darby,Conerly,,40,Darby Conerly,"CONERLY,DARBY",CONERLYDARBYAUGUSTAN,1,1,,,Augustana,AUGUSTAN,0,0,0,0,0,0,0,0,0,0,0,0,0,0,0,0,0,0,0,0,0,0,0,0,0,0,0,0,60:00,0,0,1.000,,0,0,0,0,0,0,.000,0.00,,,,,,,,,,,,,,,,,,,-3.2519992863370106,124,56
2025-26,wlax,College Conference of Illinois and Wisconsin (CCIW),cciw,Elmhurst,"Delgado-Claudio, Nit",Nit,Delgado-Claudio,,212,"Delgado-Claudio, Nit","DELGADO-CLAUDIO,NIT",DELGADO-CLAUDIONITELMHURST,1,0,,,Elmhurst,ELMHURST,0,0,0,0,0,0,0,0,0,0,0,0,0,0,1,0,0,0,0,0,0,0,0,0,0,0,0,0,00:00,0,0,1.000,,0,0,0,0,0,0,.000,0.00,,,,,,,,,,,,,,,,,,,-3.2519992863370106,125,56
2025-26,wlax,College Conference of Illinois and Wisconsin (CCIW),cciw,Augustana,Em Dornbusch,Em,Dornbusch,,40,Em Dornbusch,"DORNBUSCH,EM",DORNBUSCHEMAUGUSTAN,1,0,,,Augustana,AUGUSTAN,0,0,0,0,0,0,0,0,0,0,0,0,0,0,0,0,0,0,0,0,0,0,0,0,0,0,1,0,00:00,0,0,1.000,,0,0,0,0,0,0,.000,0.00,,,,,,,,,,,,,,,,,,,-3.2519992863370106,126,55
2025-26,wlax,College Conference of Illinois and Wisconsin (CCIW),cciw,North Central,Emma James,Emma,James,,492,Emma James,"JAMES,EMMA",JAMESEMMANCC,6,0,,,North Central,NCC,0,0,0,0,0,0,0,0,0,0,0,0,0,0,0,0,0,0,0,0,0,0,0,0,0,0,2,0,00:00,0,0,1.000,,0,0,0,0,0,0,.000,0.00,,,,,,,,,,,,,,,,,,,-3.2519992863370106,127,55
2025-26,wlax,College Conference of Illinois and Wisconsin (CCIW),cciw,Augustana,Grace Danek,Grace,Danek,,40,Grace Danek,"DANEK,GRACE",DANEKGRACEAUGUSTAN,4,0,,,Augustana,AUGUSTAN,0,0,0,0,0,0,0,0,0,0,0,0,0,0,0,0,0,0,0,0,0,0,0,0,0,0,1,0,00:00,0,0,1.000,,0,0,0,0,0,0,.000,0.00,,,,,,,,,,,,,,,,,,,-3.2519992863370106,128,55
2025-26,wlax,College Conference of Illinois and Wisconsin (CCIW),cciw,Augustana,Karli Borsch,Karli,Borsch,,40,Karli Borsch,"BORSCH,KARLI",BORSCHKARLIAUGUSTAN,2,2,,,Augustana,AUGUSTAN,0,0,0,0,0,0,0,0,0,0,0,0,0,0,0,0,0,0,0,0,0,0,0,0,0,0,0,0,120:00,0,0,1.000,,0,0,0,0,0,0,.000,0.00,,,,,,,,,,,,,,,,,,,-3.2519992863370106,129,54
2025-26,wlax,College Conference of Illinois and Wisconsin (CCIW),cciw,Elmhurst,Kathlynn Johnson,Kathlynn,Johnson,,212,Kathlynn Johnson,"JOHNSON,KATHLYNN",JOHNSONKATHLYNNELMHURST,1,0,,,Elmhurst,ELMHURST,0,0,0,0,0,0,0,0,0,0,0,0,0,0,0,0,0,0,0,0,0,0,0,0,0,0,0,0,0,0,0,1.000,,1,1,1,0,0,0,1.000,0.00,,,,,,,,,,,,,,,,,,,-3.2519992863370106,130,54
2025-26,wlax,College Conference of Illinois and Wisconsin (CCIW),cciw,Illinois Wesleyan,"Kiser, Bri",Bri,Kiser,,300,"Kiser, Bri","KISER,BRI",KISERBRIIWU,1,0,,,Illinois Wesleyan,IWU,0,0,0,0,0,0,0,0,0,0,0,0,0,0,0,0,0,0,0,0,0,0,0,0,0,0,0,0,0,0,0,1.000,,0,0,0,0,0,0,.000,0.00,,,,,,,,,,,,,,,,,,,-3.2519992863370106,131,54
2025-26,wlax,College Conference of Illinois and Wisconsin (CCIW),cciw,North Central,Maddy Gutzmer,Maddy,Gutzmer,,492,Maddy Gutzmer,"GUTZMER,MADDY",GUTZMERMADDYNCC,7,0,,,North Central,NCC,0,0,0,0,0,0,0,0,0,0,0,0,0,0,0,0,0,0,0,0,0,0,0,0,0,0,0,0,00:00,0,0,1.000,,1,1,0,0,0,0,1.000,0.00,,,,,,,,,,,,,,,,,,,-3.2519992863370106,132,53
2025-26,wlax,College Conference of Illinois and Wisconsin (CCIW),cciw,Augustana,McKenna Shearer,McKenna,Shearer,,40,McKenna Shearer,"SHEARER,MCKENNA",SHEARERMCKENNAAUGUSTAN,1,1,,,Augustana,AUGUSTAN,0,0,0,0,0,0,0,0,0,0,0,0,0,0,0,0,0,0,0,0,0,0,0,0,0,0,0,0,60:00,0,0,1.000,,0,0,0,0,0,0,.000,0.00,,,,,,,,,,,,,,,,,,,-3.2519992863370106,133,53
2025-26,wlax,College Conference of Illinois and Wisconsin (CCIW),cciw,Elmhurst,Nitxana Delgado-Clau,Nitxana,Delgado-Clau,,212,Nitxana Delgado-Clau,"DELGADO-CLAU,NITXANA",DELGADO-CLAUNITXANAELMHURST,1,0,,,Elmhurst,ELMHURST,0,0,0,0,0,0,0,0,0,0,0,0,0,0,0,0,0,0,0,0,0,0,0,0,0,0,0,0,00:00,0,0,1.000,,0,0,0,0,0,0,.000,0.00,,,,,,,,,,,,,,,,,,,-3.2519992863370106,134,52
2025-26,wlax,College Conference of Illinois and Wisconsin (CCIW),cciw,Augustana,Unknown,,Unknown,,40,Unknown,UNKNOWN,UNKNOWNAUGUSTAN,1,1,,,Augustana,AUGUSTAN,0,0,0,0,0,0,0,0,0,0,0,0,0,0,0,0,0,0,0,0,0,0,0,0,0,0,0,0,64,16,0,1.000,,0,0,0,0,0,0,.000,0.00,,,,,,,,,,,,,,,,,,,-3.2519992863370106,135,52
2025-26,wlax,College Conference of Illinois and Wisconsin (CCIW),cciw,Illinois Wesleyan,"Brown, Marli",Marli,Brown,,300,"Brown, Marli","BROWN,MARLI",BROWNMARLIIWU,6,0,,,Illinois Wesleyan,IWU,0,0,0,0,0,0,0,0,0,0,0,0,0,0,0,0,0,0,0,0,0,0,0,0,2,0,2,0,15:00,0,0,1.000,,0,0,0,0,0,0,.000,0.00,6,107:45,12,9,0,0,0,0,0,0,0,31,6.68,.429,,,,,-3.337850989386672,136,52
2025-26,wlax,College Conference of Illinois and Wisconsin (CCIW),cciw,Augustana,Dylon Karjalahi,Dylon,Karjalahi,,40,Dylon Karjalahi,"KARJALAHI,DYLON",KARJALAHIDYLONAUGUSTAN,10,9,,,Augustana,AUGUSTAN,0,0,0,0,0,0,0,0,0,0,0,0,0,0,0,0,0,0,0,0,0,0,0,0,19,0,16,2,523:00,75,0,1.000,,0,0,0,0,0,0,.000,0.00,10,391:56,103,69,0,4,6,0,0,0,0,239,15.77,.401,,,,,-3.68806213543544,137,51
2025-26,wlax,College Conference of Illinois and Wisconsin (CCIW),cciw,Augustana,Lanie Cecala,Lanie,Cecala,,40,Lanie Cecala,"CECALA,LANIE",CECALALANIEAUGUSTAN,10,5,,,Augustana,AUGUSTAN,0,0,0,0,0,0,0,0,0,0,0,0,0,0,0,0,0,0,0,0,0,0,0,0,25,0,16,1,315:00,0,0,1.000,,0,0,0,0,0,0,.000,0.00,10,443:03,101,57,0,3,5,0,4,0,0,209,13.68,.361,,,,,-3.697505718773521,138,51
2025-26,wlax,College Conference of Illinois and Wisconsin (CCIW),cciw,Augustana,Nicole Miller,Nicole,Miller,,40,Nicole Miller,"MILLER,NICOLE",MILLERNICOLEAUGUSTAN,1,1,,,Augustana,AUGUSTAN,0,0,0,0,0,0,0,0,0,0,0,0,0,0,0,0,0,0,0,0,0,0,0,0,3,0,3,0,60:00,0,0,1.000,,0,0,0,0,0,0,.000,0.00,1,45:00,10,5,0,2,0,0,0,0,0,22,13.33,.333,,,,,-5.834841079324742,139,51
2025-26,wlax,College Conference of Illinois and Wisconsin (CCIW),cciw,Augustana,Kyleigh Johnson,Kyleigh,Johnson,,40,Kyleigh Johnson,"JOHNSON,KYLEIGH",JOHNSONKYLEIGHAUGUSTAN,1,0,,,Augustana,AUGUSTAN,0,0,0,0,0,0,0,0,0,0,0,0,0,0,0,0,0,0,0,0,0,0,0,0,0,0,1,0,00:00,0,0,1.000,,0,0,0,0,0,0,.000,0.00,1,15:00,5,4,0,0,0,0,0,0,0,11,20.00,.444,,,,,-5.89232836574269,140,50
