season,sport,conference,conference_code,team,player_name,first_name,last_name,position,team_code,name,checkname,team_name,team_id,sdrm_id,games_played,games_started,uniform,year,code,matches_played,attack_stats_hitting_pct,attack_stats_attempts,attack_stats_errors,attack_stats_kills,set_stats_assists,set_stats_errors,set_stats_attempts,set_stats_set_pct,serve_stats_aces,serve_stats_errors,serve_stats_attempts,serve_stats_serve_pct,defense_stats_defense_pct,defense_stats_attempts,defense_stats_receptions,defense_stats_digs,block_stats_total,block_stats_errors,block_stats_assists,block_stats_solos,misc_stats_points,misc_stats_ball_handling_errors,per_set_stats_kills,per_set_stats_assists,per_set_stats_digs,per_set_stats_blocks,per_set_stats_aces,per_set_stats_points,attack_stats,set_stats,serve_stats,defense_stats,block_stats,misc_stats
2025-26,wvball,Michigan Intercollegiate Athletic Association (MIAA),miaa,Calvin,"Wiersema, Madison",Madison,Wiersema,,114,"Wiersema, Madison","WIERSEMA, MADISON",Calvin,Calvin,1086-2835,111,1,25,0,25,0,.194,509,72,171,6,1,26,0,0,0,0,0,0,2,0,63,72,6,64,8,211,0,1.54,0.05,0.57,0.65,0.00,1.90,,,,,,
2025-26,wvball,Michigan Intercollegiate Athletic Association (MIAA),miaa,Calvin,"Baker, Aerin",Aerin,Baker,,114,"Baker, Aerin","BAKER, AERIN",Calvin,Calvin,1086-1817,101,42,5,0,5,0,.229,936,138,352,9,4,71,0,27,15,206,0,0,605,35,155,45,6,41,4,403.5,1,3.49,0.09,1.53,0.45,0.27,4.00,,,,,,
2025-26,wvball,Michigan Intercollegiate Athletic Association (MIAA),miaa,Calvin,"Ekblaw, Emma",Emma,Ekblaw,,114,"Ekblaw, Emma","EKBLAW, EMMA",Calvin,Calvin,1086-1820,110,48,18,0,18,0,.327,535,63,238,13,2,53,0,34,61,402,0,0,1,1,72,127,17,108,19,345,0,2.16,0.12,0.65,1.15,0.31,3.14,,,,,,
2025-26,wvball,Michigan Intercollegiate Athletic Association (MIAA),miaa,Calvin,"Steen, Jordan",Jordan,Steen,,114,"Steen, Jordan","STEEN, JORDAN",Calvin,Calvin,1086-2117,35,0,7,0,7,0,1.000,2,0,2,1,1,6,0,8,6,48,0,0,34,4,26,0,0,0,0,10,0,0.06,0.03,0.74,0.00,0.23,0.29,,,,,,
2025-26,wvball,Michigan Intercollegiate Athletic Association (MIAA),miaa,Calvin,"Namminga, Jasmine",Jasmine,Namminga,,114,"Namminga, Jasmine","NAMMINGA, JASMINE",Calvin,Calvin,1086-2118,0,0,10,0,10,0,,,,,,,,,,,,,,,,,,,,,,,0,0,0,0,0,0,,,,,,
2025-26,wvball,Michigan Intercollegiate Athletic Association (MIAA),miaa,Calvin,"Moore, Allison",Allison,Moore,,114,"Moore, Allison","MOORE, ALLISON",Calvin,Calvin,1086-2120,16,6,14,0,14,0,.171,76,11,24,0,0,4,0,0,0,1,0,0,33,3,8,6,0,6,0,27,0,1.50,0.00,0.50,0.38,0.00,1.69,,,,,,
2025-26,wvball,Michigan Intercollegiate Athletic Association (MIAA),miaa,Calvin,"Vander Zwaag, Tryna",Tryna,Vander Zwaag,,114,"Vander Zwaag, Tryna","VANDER ZWAAG, TRYNA",Calvin,Calvin,1086-2122,109,0,19,0,19,0,.114,35,1,5,124,4,429,0,27,23,362,0,0,443,35,422,0,0,0,0,32,0,0.05,1.14,3.87,0.00,0.25,0.29,,,,,,
2025-26,wvball,Michigan Intercollegiate Athletic Association (MIAA),miaa,Calvin,"Boa, Mary",Mary,Boa,,114,"Boa, Mary","BOA, MARY",Calvin,Calvin,1086-2123,97,42,20,0,20,0,.236,276,42,107,7,1,30,0,0,2,3,0,0,9,1,12,120,11,106,14,174,1,1.10,0.07,0.12,1.24,0.00,1.79,,,,,,
2025-26,wvball,Michigan Intercollegiate Athletic Association (MIAA),miaa,Calvin,"Spoelma, Grace",Grace,Spoelma,,114,"Spoelma, Grace","SPOELMA, GRACE",Calvin,Calvin,1086-2505,104,0,6,0,6,0,.273,44,2,14,460,7,1218,0,19,34,406,0,0,2,0,199,0,0,0,0,33,0,0.13,4.42,1.91,0.00,0.18,0.32,,,,,,
2025-26,wvball,Michigan Intercollegiate Athletic Association (MIAA),miaa,Calvin,"Kemp, Delaney",Delaney,Kemp,,114,"Kemp, Delaney","KEMP, DELANEY",Calvin,Calvin,1086-2507,111,47,12,0,12,0,.188,64,3,15,587,23,1565,0,41,27,426,0,0,5,0,261,0,1,0,0,56,0,0.14,5.29,2.35,0.00,0.37,0.50,,,,,,
2025-26,wvball,Michigan Intercollegiate Athletic Association (MIAA),miaa,Calvin,"Wiersum, Ellie",Ellie,Wiersum,,114,"Wiersum, Ellie","WIERSUM, ELLIE",Calvin,Calvin,1086-2509,4,0,11,0,11,0,.500,6,1,4,0,0,0,0,0,0,2,0,0,1,0,3,0,0,0,0,4,0,1.00,0.00,0.75,0.00,0.00,1.00,,,,,,
2025-26,wvball,Michigan Intercollegiate Athletic Association (MIAA),miaa,Calvin,"Jensen, Sarah",Sarah,Jensen,,114,"Jensen, Sarah","JENSEN, SARAH",Calvin,Calvin,1086-2510,53,0,16,0,16,0,.000,1,0,0,2,0,5,0,0,0,7,0,0,10,1,4,0,0,0,0,0,0,0.00,0.04,0.08,0.00,0.00,0.00,,,,,,
2025-26,wvball,Michigan Intercollegiate Athletic Association (MIAA),miaa,Calvin,"O'Connor, Emma",Emma,O'Connor,,114,"O'Connor, Emma","O'CONNOR, EMMA",Calvin,Calvin,1086-2511,17,6,17,0,17,0,.244,45,7,18,0,0,3,0,1,1,5,0,0,1,0,2,8,2,6,2,24,0,1.06,0.00,0.12,0.47,0.06,1.41,,,,,,
2025-26,wvball,Michigan Intercollegiate Athletic Association (MIAA),miaa,Calvin,"Kasuboski, Lina",Lina,Kasuboski,,114,"Kasuboski, Lina","KASUBOSKI, LINA",Calvin,Calvin,1086-2513,106,0,22,0,22,0,-.214,14,4,1,22,0,88,0,51,38,389,0,0,190,24,196,1,0,1,0,52.5,0,0.01,0.21,1.85,0.01,0.48,0.50,,,,,,
2025-26,wvball,Michigan Intercollegiate Athletic Association (MIAA),miaa,Calvin,"Epley, Ava",Ava,Epley,,114,"Epley, Ava","EPLEY, AVA",Calvin,Calvin,1086-2514,8,1,24,0,24,0,.143,7,0,1,29,2,83,0,0,7,19,0,0,0,0,12,0,0,0,0,1,0,0.13,3.63,1.50,0.00,0.00,0.13,,,,,,
2025-26,wvball,Michigan Intercollegiate Athletic Association (MIAA),miaa,Calvin,"Stygstra, Tianna",Tianna,Stygstra,,114,"Stygstra, Tianna","STYGSTRA, TIANNA",Calvin,Calvin,1086-2516,0,0,23,0,23,0,,,,,,,,,,,,,,,,,,,,,,,0,0,0,0,0,0,,,,,,
2025-26,wvball,Michigan Intercollegiate Athletic Association (MIAA),miaa,Calvin,"Sienko, Alyssa",Alyssa,Sienko,,114,"Sienko, Alyssa","SIENKO, ALYSSA",Calvin,Calvin,1086-2517,0,0,26,0,26,0,,,,,,,,,,,,,,,,,,,,,,,0,0,0,0,0,0,,,,,,
2025-26,wvball,Michigan Intercollegiate Athletic Association (MIAA),miaa,Calvin,"Schipper, Caralee",Caralee,Schipper,,114,"Schipper, Caralee","SCHIPPER, CARALEE",Calvin,Calvin,1086-2833,111,47,13,0,13,0,.197,466,70,162,3,2,40,0,0,0,1,0,0,3,0,47,65,3,63,2,195.5,1,1.46,0.03,0.42,0.59,0.00,1.76,,,,,,
2025-26,wvball,Michigan Intercollegiate Athletic Association (MIAA),miaa,Calvin,"Knuckles, Maklyn",Maklyn,Knuckles,,114,"Knuckles, Maklyn","KNUCKLES, MAKLYN",Calvin,Calvin,1086-2830,0,0,4,0,4,0,,,,,,,,,,,,,,,,,,,,,,,0,0,0,0,0,0,,,,,,
2025-26,wvball,Michigan Intercollegiate Athletic Association (MIAA),miaa,Calvin,"Bradley, Sarah",Sarah,Bradley,,114,"Bradley, Sarah","BRADLEY, SARAH",Calvin,Calvin,1086-2831,111,48,8,0,8,0,.248,779,104,297,19,0,111,0,37,25,315,0,0,601,35,196,61,7,54,7,368,0,2.68,0.17,1.77,0.55,0.33,3.32,,,,,,
2025-26,wvball,Michigan Intercollegiate Athletic Association (MIAA),miaa,Calvin,"Viola, Amara",Amara,Viola,,114,"Viola, Amara","VIOLA, AMARA",Calvin,Calvin,1086-2832,0,0,9,0,9,0,,,,,,,,,,,,,,,,,,,,,,,0,0,0,0,0,0,,,,,,
2025-26,wvball,Michigan Intercollegiate Athletic Association (MIAA),miaa,Calvin,"Smithers, Jasmin",Jasmin,Smithers,,114,"Smithers, Jasmin","SMITHERS, JASMIN",Calvin,Calvin,1086-2834,0,0,15,0,15,0,,,,,,,,,,,,,,,,,,,,,,,0,0,0,0,0,0,,,,,,
2025-26,wvball,Michigan Intercollegiate Athletic Association (MIAA),miaa,Hope,"Fox, Brooke",Brooke,Fox,,286,"Fox, Brooke","FOX, BROOKE",Hope,Hope,1087-2940,107,42,21,0,21,0,.179,933,103,270,34,4,162,0,37,26,395,0,0,673,46,287,33,0,30,3,325,0,2.52,0.32,2.68,0.31,0.35,3.04,,,,,,
2025-26,wvball,Michigan Intercollegiate Athletic Association (MIAA),miaa,Hope,"Lee, Lauren",Lauren,Lee,,286,"Lee, Lauren","LEE, LAUREN",Hope,Hope,1087-2942,109,42,11,0,11,0,.219,338,26,100,1123,24,2878,0,19,28,363,0,0,11,1,263,49,2,44,5,146,0,0.92,10.30,2.41,0.45,0.17,1.34,,,,,,
2025-26,wvball,Michigan Intercollegiate Athletic Association (MIAA),miaa,Hope,"Luurtsema, Kate",Kate,Luurtsema,,286,"Luurtsema, Kate","LUURTSEMA, KATE",Hope,Hope,1087-2944,66,15,1,0,1,0,.125,432,72,126,3,0,19,0,0,0,3,0,0,49,5,30,16,2,16,0,134,0,1.91,0.05,0.45,0.24,0.00,2.03,,,,,,
2025-26,wvball,Michigan Intercollegiate Athletic Association (MIAA),miaa,Hope,"James, Jenna",Jenna,James,,286,"James, Jenna","JAMES, JENNA",Hope,Hope,1087-2941,10,4,9,0,9,0,.143,14,4,6,0,0,2,0,0,0,0,0,0,0,0,0,5,0,4,1,9,0,0.60,0.00,0.00,0.50,0.00,0.90,,,,,,
2025-26,wvball,Michigan Intercollegiate Athletic Association (MIAA),miaa,Hope,"Allen, Gracie",Gracie,Allen,,286,"Allen, Gracie","ALLEN, GRACIE",Hope,Hope,1087-2938,8,0,5,0,5,0,.200,5,0,1,15,2,57,0,0,1,11,0,0,0,0,10,0,0,0,0,1,0,0.13,1.88,1.25,0.00,0.00,0.13,,,,,,
2025-26,wvball,Michigan Intercollegiate Athletic Association (MIAA),miaa,Hope,"Contant, Ella",Ella,Contant,,286,"Contant, Ella","CONTANT, ELLA",Hope,Hope,1087-2939,106,27,10,0,10,0,.215,470,72,173,5,0,46,0,0,0,1,0,0,1,1,50,45,6,42,3,197,1,1.63,0.05,0.47,0.42,0.00,1.86,,,,,,
2025-26,wvball,Michigan Intercollegiate Athletic Association (MIAA),miaa,Hope,"Burbridge, Kamryn",Kamryn,Burbridge,,286,"Burbridge, Kamryn","BURBRIDGE, KAMRYN",Hope,Hope,1087-3196,106,38,6,0,6,0,.347,616,73,287,10,1,45,0,18,54,199,0,0,10,5,38,90,11,73,17,358.5,0,2.71,0.09,0.36,0.85,0.17,3.38,,,,,,
2025-26,wvball,Michigan Intercollegiate Athletic Association (MIAA),miaa,Hope,"Oates, Kathryn",Kathryn,Oates,,286,"Oates, Kathryn","OATES, KATHRYN",Hope,Hope,1087-3219,102,0,12,0,12,0,-.074,54,7,3,82,3,363,0,42,41,348,0,0,391,26,479,0,0,0,0,45,1,0.03,0.80,4.70,0.00,0.41,0.44,,,,,,
2025-26,wvball,Michigan Intercollegiate Athletic Association (MIAA),miaa,Hope,"Pannucci, Natalie",Natalie,Pannucci,,286,"Pannucci, Natalie","PANNUCCI, NATALIE",Hope,Hope,1087-3220,5,0,3,0,3,0,.333,12,1,5,0,0,1,0,0,0,2,0,0,0,0,1,2,0,2,0,6,0,1.00,0.00,0.20,0.40,0.00,1.20,,,,,,
2025-26,wvball,Michigan Intercollegiate Athletic Association (MIAA),miaa,Hope,"Samol, Abby",Abby,Samol,,286,"Samol, Abby","SAMOL, ABBY",Hope,Hope,1087-3574,8,0,7,0,7,0,.111,18,4,6,0,0,0,0,0,2,4,0,0,0,0,2,4,0,4,0,8,0,0.75,0.00,0.25,0.50,0.00,1.00,,,,,,
2025-26,wvball,Michigan Intercollegiate Athletic Association (MIAA),miaa,Hope,"Butler, Angie",Angie,Butler,,286,"Butler, Angie","BUTLER, ANGIE",Hope,Hope,1087-3575,28,0,14,0,14,0,.000,1,0,0,1,0,5,0,3,8,77,0,0,0,0,11,0,0,0,0,3,0,0.00,0.04,0.39,0.00,0.11,0.11,,,,,,
2025-26,wvball,Michigan Intercollegiate Athletic Association (MIAA),miaa,Hope,"Wyma, Olivia",Olivia,Wyma,,286,"Wyma, Olivia","WYMA, OLIVIA",Hope,Hope,1087-3576,108,42,16,0,16,0,.380,603,63,292,5,1,40,0,0,4,14,0,0,4,1,18,106,5,70,36,363,0,2.70,0.05,0.17,0.98,0.00,3.36,,,,,,
2025-26,wvball,Michigan Intercollegiate Athletic Association (MIAA),miaa,Hope,"Herendeen, Tess",Tess,Herendeen,,286,"Herendeen, Tess","HERENDEEN, TESS",Hope,Hope,1087-3577,102,17,19,0,19,0,.100,40,4,8,20,0,82,0,17,34,282,0,0,280,30,206,0,0,0,0,25,1,0.08,0.20,2.02,0.00,0.17,0.25,,,,,,
2025-26,wvball,Michigan Intercollegiate Athletic Association (MIAA),miaa,Hope,"Gagnon, Amelia",Amelia,Gagnon,,286,"Gagnon, Amelia","GAGNON, AMELIA",Hope,Hope,1087-3845,80,12,2,0,2,0,.088,34,5,8,17,4,87,0,36,11,351,0,0,255,12,220,1,0,1,0,44.5,0,0.10,0.21,2.75,0.01,0.45,0.56,,,,,,
2025-26,wvball,Michigan Intercollegiate Athletic Association (MIAA),miaa,Hope,"Hehl, Brooke",Brooke,Hehl,,286,"Hehl, Brooke","HEHL, BROOKE",Hope,Hope,1087-3846,1,0,4,0,4,0,.000,0,0,0,1,0,9,0,0,0,1,0,0,0,0,1,0,0,0,0,0.0,0,0.00,1.00,1.00,0.00,0.00,0.00,,,,,,
2025-26,wvball,Michigan Intercollegiate Athletic Association (MIAA),miaa,Hope,"Deklyen, Ella",Ella,Deklyen,,286,"Deklyen, Ella","DEKLYEN, ELLA",Hope,Hope,1087-3844,5,0,13,0,13,0,.000,7,2,2,0,0,0,0,0,1,2,0,0,3,1,2,0,0,0,0,2,0,0.40,0.00,0.40,0.00,0.00,0.40,,,,,,
2025-26,wvball,Michigan Intercollegiate Athletic Association (MIAA),miaa,Hope,"VanderHill, Kate",Kate,VanderHill,,286,"VanderHill, Kate","VANDERHILL, KATE",Hope,Hope,1087-3848,5,0,15,0,15,0,.056,18,5,6,0,0,0,0,0,0,0,0,0,0,0,1,2,0,2,0,7,0,1.20,0.00,0.20,0.40,0.00,1.40,,,,,,
2025-26,wvball,Michigan Intercollegiate Athletic Association (MIAA),miaa,Hope,"Collins, Jillian",Jillian,Collins,,286,"Collins, Jillian","COLLINS, JILLIAN",Hope,Hope,1087-3843,72,6,17,0,17,0,.067,15,0,1,10,0,34,0,12,15,163,0,0,166,13,95,0,0,0,0,13,0,0.01,0.14,1.32,0.00,0.17,0.18,,,,,,
2025-26,wvball,Michigan Intercollegiate Athletic Association (MIAA),miaa,Hope,"Morrison, Kiera",Kiera,Morrison,,286,"Morrison, Kiera","MORRISON, KIERA",Hope,Hope,1087-3847,74,7,18,0,18,0,.182,450,69,151,2,4,36,0,34,39,202,0,0,79,7,64,14,0,14,0,192,0,2.04,0.03,0.86,0.19,0.46,2.59,,,,,,
2025-26,wvball,Michigan Intercollegiate Athletic Association (MIAA),miaa,Albion,"Jones, Margaret",Margaret,Jones,,15,"Jones, Margaret","JONES, MARGARET",Albion,Albion,1084-3474,107,46,5,0,5,0,.272,555,65,216,5,1,71,0,39,25,332,0,0,10,2,89,74,4,64,10,297,1,2.02,0.05,0.83,0.69,0.36,2.78,,,,,,
2025-26,wvball,Michigan Intercollegiate Athletic Association (MIAA),miaa,Albion,"Hosler, Melia",Melia,Hosler,,15,"Hosler, Melia","HOSLER, MELIA",Albion,Albion,1084-3476,12,0,9,0,9,0,.000,0,0,0,0,0,4,0,0,1,19,0,0,4,0,11,0,0,0,0,0,0,0.00,0.00,0.92,0.00,0.00,0.00,,,,,,
2025-26,wvball,Michigan Intercollegiate Athletic Association (MIAA),miaa,Albion,"Williamson, Paige",Paige,Williamson,,15,"Williamson, Paige","WILLIAMSON, PAIGE",Albion,Albion,1084-3477,107,0,11,0,11,0,.036,56,5,7,91,4,390,0,44,32,451,0,0,435,27,497,0,0,0,0,51,0,0.07,0.85,4.64,0.00,0.41,0.48,,,,,,
2025-26,wvball,Michigan Intercollegiate Athletic Association (MIAA),miaa,Albion,"Ferguson, Rylie",Rylie,Ferguson,,15,"Ferguson, Rylie","FERGUSON, RYLIE",Albion,Albion,1084-3479,3,1,21,0,21,0,.000,0,0,0,0,0,0,0,0,0,0,0,0,0,0,0,0,0,0,0,0,0,0.00,0.00,0.00,0.00,0.00,0.00,,,,,,
2025-26,wvball,Michigan Intercollegiate Athletic Association (MIAA),miaa,Albion,"Frank, Carly",Carly,Frank,,15,"Frank, Carly","FRANK, CARLY",Albion,Albion,1084-3481,107,43,27,0,27,0,.291,1068,118,429,2,2,56,0,6,13,88,0,0,59,5,77,34,3,34,0,452,1,4.01,0.02,0.72,0.32,0.06,4.22,,,,,,
2025-26,wvball,Michigan Intercollegiate Athletic Association (MIAA),miaa,Albion,"Herrick, Kayda",Kayda,Herrick,,15,"Herrick, Kayda","HERRICK, KAYDA",Albion,Albion,1084-3690,107,45,1,0,1,0,.169,1032,179,353,15,3,105,0,59,67,465,0,0,445,45,296,29,2,28,1,427,0,3.30,0.14,2.77,0.27,0.55,3.99,,,,,,
2025-26,wvball,Michigan Intercollegiate Athletic Association (MIAA),miaa,Albion,"Boeskool, Joelle",Joelle,Boeskool,,15,"Boeskool, Joelle","BOESKOOL, JOELLE",Albion,Albion,1084-3691,0,0,3,0,3,0,,,,,,,,,,,,,,,,,,,,,,,0,0,0,0,0,0,,,,,,
2025-26,wvball,Michigan Intercollegiate Athletic Association (MIAA),miaa,Albion,"Edmunds, Molly",Molly,Edmunds,,15,"Edmunds, Molly","EDMUNDS, MOLLY",Albion,Albion,1084-3692,107,46,7,0,7,0,.208,212,19,63,1090,27,2950,0,22,24,357,0,0,4,0,319,46,2,44,2,109,0,0.59,10.19,2.98,0.43,0.21,1.02,,,,,,
2025-26,wvball,Michigan Intercollegiate Athletic Association (MIAA),miaa,Albion,"Hendrix, Elaina",Elaina,Hendrix,,15,"Hendrix, Elaina","HENDRIX, ELAINA",Albion,Albion,1084-3694,4,0,13,0,13,0,.500,2,0,1,0,0,0,0,0,0,0,0,0,0,0,0,0,0,0,0,1,0,0.25,0.00,0.00,0.00,0.00,0.25,,,,,,
2025-26,wvball,Michigan Intercollegiate Athletic Association (MIAA),miaa,Albion,"Wilcox, Ava",Ava,Wilcox,,15,"Wilcox, Ava","WILCOX, AVA",Albion,Albion,1084-3695,107,46,15,0,15,0,-.087,23,7,5,22,1,73,0,48,31,384,0,0,437,28,210,0,0,0,0,53,0,0.05,0.21,1.96,0.00,0.45,0.50,,,,,,
2025-26,wvball,Michigan Intercollegiate Athletic Association (MIAA),miaa,Albion,"Jones, Hailey",Hailey,Jones,,15,"Jones, Hailey","JONES, HAILEY",Albion,Albion,1084-3697,1,0,18,0,18,0,.000,0,0,0,0,0,0,0,0,0,0,0,0,0,0,0,0,0,0,0,0.0,0,0.00,0.00,0.00,0.00,0.00,0.00,,,,,,
2025-26,wvball,Michigan Intercollegiate Athletic Association (MIAA),miaa,Albion,"Reeves, Zoe",Zoe,Reeves,,15,"Reeves, Zoe","REEVES, ZOE",Albion,Albion,1084-3698,1,0,19,0,19,0,.000,0,0,0,0,0,0,0,0,1,1,0,0,0,0,0,0,0,0,0,0.0,0,0.00,0.00,0.00,0.00,0.00,0.00,,,,,,
2025-26,wvball,Michigan Intercollegiate Athletic Association (MIAA),miaa,Albion,"Whitfield, Bri",Bri,Whitfield,,15,"Whitfield, Bri","WHITFIELD, BRI",Albion,Albion,1084-3699,106,0,6,0,6,0,.116,653,109,185,11,2,71,0,1,0,5,0,0,154,16,125,27,1,27,0,199.5,0,1.75,0.10,1.18,0.25,0.01,1.88,,,,,,
2025-26,wvball,Michigan Intercollegiate Athletic Association (MIAA),miaa,Albion,"Mann, Annalynn",Annalynn,Mann,,15,"Mann, Annalynn","MANN, ANNALYNN",Albion,Albion,1084-3701,1,0,4,0,4,0,.000,0,0,0,0,0,2,0,0,0,0,0,0,0,0,0,0,0,0,0,0.0,0,0.00,0.00,0.00,0.00,0.00,0.00,,,,,,
2025-26,wvball,Michigan Intercollegiate Athletic Association (MIAA),miaa,Albion,"Pagliarella, Emma",Emma,Pagliarella,,15,"Pagliarella, Emma","PAGLIARELLA, EMMA",Albion,Albion,1084-3702,107,46,8,0,8,0,.188,250,35,82,5,0,33,0,0,0,0,0,0,8,0,21,78,2,67,11,126.5,1,0.77,0.05,0.20,0.73,0.00,1.18,,,,,,
2025-26,wvball,Michigan Intercollegiate Athletic Association (MIAA),miaa,Albion,"Brookbank, Kendall",Kendall,Brookbank,,15,"Brookbank, Kendall","BROOKBANK, KENDALL",Albion,Albion,1084-3983,1,0,22,0,22,0,.000,0,0,0,0,0,0,0,0,0,0,0,0,0,0,0,0,0,0,0,0.0,0,0.00,0.00,0.00,0.00,0.00,0.00,,,,,,
2025-26,wvball,Michigan Intercollegiate Athletic Association (MIAA),miaa,Albion,"Garrett, Ryan",Ryan,Garrett,,15,"Garrett, Ryan","GARRETT, RYAN",Albion,Albion,1084-3980,1,0,12,0,12,0,.000,0,0,0,0,0,0,0,0,0,0,0,0,0,0,0,0,0,0,0,0.0,0,0.00,0.00,0.00,0.00,0.00,0.00,,,,,,
2025-26,wvball,Michigan Intercollegiate Athletic Association (MIAA),miaa,Albion,"Howard, Carson",Carson,Howard,,15,"Howard, Carson","HOWARD, CARSON",Albion,Albion,1084-3984,2,0,25,0,25,0,.000,1,0,0,0,0,1,0,0,0,0,0,0,0,0,1,0,0,0,0,0,0,0.00,0.00,0.50,0.00,0.00,0.00,,,,,,
2025-26,wvball,Michigan Intercollegiate Athletic Association (MIAA),miaa,Albion,"Oxley, Camille",Camille,Oxley,,15,"Oxley, Camille","OXLEY, CAMILLE",Albion,Albion,1084-3978,106,3,2,0,2,0,.222,9,0,2,13,0,52,0,23,13,309,0,0,289,20,211,0,1,0,0,25,0,0.02,0.12,1.99,0.00,0.22,0.24,,,,,,
2025-26,wvball,Michigan Intercollegiate Athletic Association (MIAA),miaa,Albion,"Pardon, Hanna",Hanna,Pardon,,15,"Pardon, Hanna","PARDON, HANNA",Albion,Albion,1084-3982,2,0,16,0,16,0,.000,0,0,0,1,0,2,0,0,0,0,0,0,0,0,1,0,0,0,0,0,0,0.00,0.50,0.50,0.00,0.00,0.00,,,,,,
2025-26,wvball,Michigan Intercollegiate Athletic Association (MIAA),miaa,Albion,"Russ, Chelsea",Chelsea,Russ,,15,"Russ, Chelsea","RUSS, CHELSEA",Albion,Albion,1084-3985,3,0,28,0,28,0,-.125,8,3,2,0,0,0,0,0,0,0,0,0,1,0,0,0,0,0,0,2,0,0.67,0.00,0.00,0.00,0.00,0.67,,,,,,
2025-26,wvball,Michigan Intercollegiate Athletic Association (MIAA),miaa,Albion,"Smith, Cameron",Cameron,Smith,,15,"Smith, Cameron","SMITH, CAMERON",Albion,Albion,1084-3979,1,0,10,0,10,0,1.000,1,0,1,0,0,0,0,0,0,0,0,0,0,0,1,0,0,0,0,1.0,0,1.00,0.00,1.00,0.00,0.00,1.00,,,,,,
2025-26,wvball,Michigan Intercollegiate Athletic Association (MIAA),miaa,Albion,"Wourman, Malea",Malea,Wourman,,15,"Wourman, Malea","WOURMAN, MALEA",Albion,Albion,1084-3981,0,0,14,0,14,0,,,,,,,,,,,,,,,,,,,,,,,0,0,0,0,0,0,,,,,,
2025-26,wvball,Michigan Intercollegiate Athletic Association (MIAA),miaa,Albion,"Lewis, Jynelle",Jynelle,Lewis,,15,"Lewis, Jynelle","LEWIS, JYNELLE",Albion,Albion,1084-4077,2,0,31,0,31,0,.000,0,0,0,0,0,0,0,0,0,1,0,0,0,0,3,0,0,0,0,0,0,0.00,0.00,1.50,0.00,0.00,0.00,,,,,,
2025-26,wvball,Michigan Intercollegiate Athletic Association (MIAA),miaa,Albion,"Vesper, Aliyah",Aliyah,Vesper,,15,"Vesper, Aliyah","VESPER, ALIYAH",Albion,Albion,1084-3143,11,0,24,0,24,0,.000,1,0,0,0,1,10,0,0,4,18,0,0,0,0,0,0,0,0,0,0,0,0.00,0.00,0.00,0.00,0.00,0.00,,,,,,
2025-26,wvball,Michigan Intercollegiate Athletic Association (MIAA),miaa,Kalamazoo,"Cooke, Josee",Josee,Cooke,,326,"Cooke, Josee","COOKE, JOSEE",Kalamazoo,KZoo,1088-1227,17,3,11,0,11,0,-.095,74,14,7,1,0,12,0,0,0,2,0,0,5,2,14,7,0,7,0,10.5,0,0.41,0.06,0.82,0.41,0.00,0.62,,,,,,
2025-26,wvball,Michigan Intercollegiate Athletic Association (MIAA),miaa,Kalamazoo,"Meston, Rachel",Rachel,Meston,,326,"Meston, Rachel","MESTON, RACHEL",Kalamazoo,KZoo,1088-1679,97,0,4,0,4,0,.025,40,3,4,48,6,355,0,33,23,350,0,0,648,39,458,0,0,0,0,37,0,0.04,0.49,4.72,0.00,0.34,0.38,,,,,,
2025-26,wvball,Michigan Intercollegiate Athletic Association (MIAA),miaa,Kalamazoo,"Miller, Brittany",Brittany,Miller,,326,"Miller, Brittany","MILLER, BRITTANY",Kalamazoo,KZoo,1088-1680,97,48,19,0,19,0,.189,739,94,234,14,6,145,0,50,37,316,0,0,530,22,278,35,5,31,4,303.5,1,2.41,0.14,2.87,0.36,0.52,3.13,,,,,,
2025-26,wvball,Michigan Intercollegiate Athletic Association (MIAA),miaa,Kalamazoo,"Bournay, Juliette",Juliette,Bournay,,326,"Bournay, Juliette","BOURNAY, JULIETTE",Kalamazoo,KZoo,1088-1888,40,12,3,0,3,0,.095,201,42,61,1,2,9,0,0,0,0,0,0,0,0,21,17,2,17,0,69.5,0,1.53,0.03,0.53,0.43,0.00,1.74,,,,,,
2025-26,wvball,Michigan Intercollegiate Athletic Association (MIAA),miaa,Kalamazoo,"Chapie, Savannah",Savannah,Chapie,,326,"Chapie, Savannah","CHAPIE, SAVANNAH",Kalamazoo,KZoo,1088-1889,92,47,9,0,9,0,.363,361,41,172,2,4,29,0,0,0,0,0,0,7,0,15,63,4,57,6,206.5,0,1.87,0.02,0.16,0.68,0.00,2.24,,,,,,
2025-26,wvball,Michigan Intercollegiate Athletic Association (MIAA),miaa,Kalamazoo,"Stephens, Taylor",Taylor,Stephens,,326,"Stephens, Taylor","STEPHENS, TAYLOR",Kalamazoo,KZoo,1088-1890,83,42,16,0,16,0,.044,545,120,144,4,7,44,0,1,2,10,0,0,254,19,72,19,2,18,1,155,0,1.73,0.05,0.87,0.23,0.01,1.87,,,,,,
2025-26,wvball,Michigan Intercollegiate Athletic Association (MIAA),miaa,Kalamazoo,"Bechler, Ava",Ava,Bechler,,326,"Bechler, Ava","BECHLER, AVA",Kalamazoo,KZoo,1088-1904,11,5,2,0,2,0,.342,38,5,18,0,0,0,0,0,3,14,0,0,0,0,2,12,0,11,1,24.5,0,1.64,0.00,0.18,1.09,0.00,2.23,,,,,,
2025-26,wvball,Michigan Intercollegiate Athletic Association (MIAA),miaa,Kalamazoo,"Casper, Tatum",Tatum,Casper,,326,"Casper, Tatum","CASPER, TATUM",Kalamazoo,KZoo,1088-1908,79,32,6,0,6,0,.168,571,76,172,3,2,44,0,0,0,5,0,0,7,1,57,39,0,38,1,192,1,2.18,0.04,0.72,0.49,0.00,2.43,,,,,,
2025-26,wvball,Michigan Intercollegiate Athletic Association (MIAA),miaa,Kalamazoo,"Arensman, Emerson",Emerson,Arensman,,326,"Arensman, Emerson","ARENSMAN, EMERSON",Kalamazoo,KZoo,1088-1905,1,0,12,0,12,0,.000,0,0,0,0,0,0,0,0,0,1,0,0,0,0,0,0,0,0,0,0,0,0.00,0.00,0.00,0.00,0.00,0.00,,,,,,
2025-26,wvball,Michigan Intercollegiate Athletic Association (MIAA),miaa,Kalamazoo,"Goddard, Makala",Makala,Goddard,,326,"Goddard, Makala","GODDARD, MAKALA",Kalamazoo,KZoo,1088-1909,97,48,15,0,15,0,-.024,42,4,3,516,16,1519,0,29,17,339,0,0,7,1,149,0,0,0,0,32,1,0.03,5.32,1.54,0.00,0.30,0.33,,,,,,
2025-26,wvball,Michigan Intercollegiate Athletic Association (MIAA),miaa,Kalamazoo,"Ryder, Olive",Olive,Ryder,,326,"Ryder, Olive","RYDER, OLIVE",Kalamazoo,KZoo,1088-1907,10,0,17,0,17,0,.000,0,0,0,1,0,1,0,5,0,18,0,0,13,1,15,0,0,0,0,5,0,0.00,0.10,1.50,0.00,0.50,0.50,,,,,,
2025-26,wvball,Michigan Intercollegiate Athletic Association (MIAA),miaa,Kalamazoo,"Lewis, Bella",Bella,Lewis,,326,"Lewis, Bella","LEWIS, BELLA",Kalamazoo,KZoo,1088-2096,96,0,1,0,1,0,-.125,24,4,1,370,23,1224,0,27,28,278,0,0,3,2,152,2,0,2,0,29,2,0.01,3.85,1.58,0.02,0.28,0.30,,,,,,
2025-26,wvball,Michigan Intercollegiate Athletic Association (MIAA),miaa,Kalamazoo,"Zollman, Ashley",Ashley,Zollman,,326,"Zollman, Ashley","ZOLLMAN, ASHLEY",Kalamazoo,KZoo,1088-2098,93,1,5,0,5,0,-.300,20,7,1,12,2,82,0,49,27,405,0,0,275,31,201,0,0,0,0,50,1,0.01,0.13,2.16,0.00,0.53,0.54,,,,,,
2025-26,wvball,Michigan Intercollegiate Athletic Association (MIAA),miaa,Kalamazoo,"Dillard, Quaneice",Quaneice,Dillard,,326,"Dillard, Quaneice","DILLARD, QUANEICE",Kalamazoo,KZoo,1088-2093,26,5,10,0,10,0,-.006,161,34,33,2,1,13,0,0,1,1,0,0,73,13,20,6,4,6,0,36,0,1.27,0.08,0.77,0.23,0.00,1.38,,,,,,
2025-26,wvball,Michigan Intercollegiate Athletic Association (MIAA),miaa,Kalamazoo,"Hursey, Rachel",Rachel,Hursey,,326,"Hursey, Rachel","HURSEY, RACHEL",Kalamazoo,KZoo,1088-2095,12,0,21,0,21,0,.000,2,0,0,1,0,8,0,2,4,24,0,0,28,3,17,0,0,0,0,2,0,0.00,0.08,1.42,0.00,0.17,0.17,,,,,,
2025-26,wvball,Michigan Intercollegiate Athletic Association (MIAA),miaa,Kalamazoo,"Parks, Mya",Mya,Parks,,326,"Parks, Mya","PARKS, MYA",Kalamazoo,KZoo,1088-2097,91,43,23,0,23,0,.090,332,75,105,7,3,32,0,19,40,211,0,0,8,3,52,77,6,68,9,167,0,1.15,0.08,0.57,0.85,0.21,1.84,,,,,,
2025-26,wvball,Michigan Intercollegiate Athletic Association (MIAA),miaa,Kalamazoo,"Hosner, Scarlett",Scarlett,Hosner,,326,"Hosner, Scarlett","HOSNER, SCARLETT",Kalamazoo,KZoo,1088-2094,56,2,24,0,24,0,.101,355,62,98,2,0,20,0,0,0,1,0,0,9,0,44,19,3,19,0,107.5,0,1.75,0.04,0.79,0.34,0.00,1.92,,,,,,
2025-26,wvball,Michigan Intercollegiate Athletic Association (MIAA),miaa,Saint Mary's,"Braselton, Grace",Grace,Braselton,,8688,"Braselton, Grace","BRASELTON, GRACE",Saint Mary's,SMC-IN,0,97,15,11,0,11,0,.153,464,74,145,4,6,49,0,1,1,18,0,0,33,1,57,40,5,34,6,169,2,1.49,0.04,0.59,0.41,0.01,1.74,,,,,,
2025-26,wvball,Michigan Intercollegiate Athletic Association (MIAA),miaa,Saint Mary's,"Martin, Delaney",Delaney,Martin,,8688,"Martin, Delaney","MARTIN, DELANEY",Saint Mary's,SMC-IN,0,100,55,3,0,3,0,.152,638,76,173,49,6,279,0,22,30,371,0,0,519,52,194,16,0,13,3,204.5,2,1.73,0.49,1.94,0.16,0.22,2.05,,,,,,
2025-26,wvball,Michigan Intercollegiate Athletic Association (MIAA),miaa,Saint Mary's,"Reese, Abby",Abby,Reese,,8688,"Reese, Abby","REESE, ABBY",Saint Mary's,SMC-IN,0,89,36,4,0,4,0,.094,319,35,65,345,12,1014,0,12,38,232,0,0,19,2,187,26,1,22,4,92,0,0.73,3.88,2.10,0.29,0.13,1.03,,,,,,
2025-26,wvball,Michigan Intercollegiate Athletic Association (MIAA),miaa,Saint Mary's,"Fegan, Karli",Karli,Fegan,,8688,"Fegan, Karli","FEGAN, KARLI",Saint Mary's,SMC-IN,0,102,0,9,0,9,0,-.130,23,3,0,12,8,156,0,29,19,337,0,0,609,46,392,0,0,0,0,29,0,0.00,0.12,3.84,0.00,0.28,0.28,,,,,,
2025-26,wvball,Michigan Intercollegiate Athletic Association (MIAA),miaa,Saint Mary's,"Carens, Caroline",Caroline,Carens,,8688,"Carens, Caroline","CARENS, CAROLINE",Saint Mary's,SMC-IN,0,104,55,10,0,10,0,.313,675,104,315,9,6,66,0,8,11,224,0,0,12,2,58,100,6,68,32,389,0,3.03,0.09,0.56,0.96,0.08,3.74,,,,,,
2025-26,wvball,Michigan Intercollegiate Athletic Association (MIAA),miaa,Saint Mary's,"Bradley, Anna",Anna,Bradley,,8688,"Bradley, Anna","BRADLEY, ANNA",Saint Mary's,SMC-IN,0,0,0,6,0,6,0,,,,,,,,,,,,,,,,,,,,,,,0,0,0,0,0,0,,,,,,
2025-26,wvball,Michigan Intercollegiate Athletic Association (MIAA),miaa,Saint Mary's,"Beeler, Brooklyn",Brooklyn,Beeler,,8688,"Beeler, Brooklyn","BEELER, BROOKLYN",Saint Mary's,SMC-IN,0,1,0,7,0,7,0,.000,0,0,0,0,0,0,0,0,1,1,0,0,2,1,0,0,0,0,0,0,0,0.00,0.00,0.00,0.00,0.00,0.00,,,,,,
2025-26,wvball,Michigan Intercollegiate Athletic Association (MIAA),miaa,Saint Mary's,"Graczyk, Giuliana",Giuliana,Graczyk,,8688,"Graczyk, Giuliana","GRACZYK, GIULIANA",Saint Mary's,SMC-IN,0,104,55,13,0,13,0,.100,70,4,11,543,26,1521,0,48,35,376,0,0,9,0,207,0,1,0,0,59,1,0.11,5.22,1.99,0.00,0.46,0.57,,,,,,
2025-26,wvball,Michigan Intercollegiate Athletic Association (MIAA),miaa,Saint Mary's,"Lewkowski, Kalli",Kalli,Lewkowski,,8688,"Lewkowski, Kalli","LEWKOWSKI, KALLI",Saint Mary's,SMC-IN,0,97,53,8,0,8,0,.265,577,65,218,5,6,65,0,16,12,123,0,0,26,2,39,36,4,30,6,255,0,2.25,0.05,0.40,0.37,0.16,2.63,,,,,,
2025-26,wvball,Michigan Intercollegiate Athletic Association (MIAA),miaa,Saint Mary's,"Rigan, Katerina",Katerina,Rigan,,8688,"Rigan, Katerina","RIGAN, KATERINA",Saint Mary's,SMC-IN,0,1,0,15,0,15,0,.000,0,0,0,0,0,0,0,0,0,3,0,0,2,0,0,0,0,0,0,0,0,0.00,0.00,0.00,0.00,0.00,0.00,,,,,,
2025-26,wvball,Michigan Intercollegiate Athletic Association (MIAA),miaa,Saint Mary's,"Szymanski, Lexi",Lexi,Szymanski,,8688,"Szymanski, Lexi","SZYMANSKI, LEXI",Saint Mary's,SMC-IN,0,31,0,1,0,1,0,-.308,26,10,2,7,0,29,0,6,7,39,0,0,59,4,40,0,0,0,0,8,0,0.06,0.23,1.29,0.00,0.19,0.26,,,,,,
2025-26,wvball,Michigan Intercollegiate Athletic Association (MIAA),miaa,Saint Mary's,"Uphold, Livi",Livi,Uphold,,8688,"Uphold, Livi","UPHOLD, LIVI",Saint Mary's,SMC-IN,0,0,0,2,0,2,0,,,,,,,,,,,,,,,,,,,,,,,0,0,0,0,0,0,,,,,,
2025-26,wvball,Michigan Intercollegiate Athletic Association (MIAA),miaa,Saint Mary's,"Rudge, Shannon",Shannon,Rudge,,8688,"Rudge, Shannon","RUDGE, SHANNON",Saint Mary's,SMC-IN,0,104,55,5,0,5,0,.169,700,102,220,61,7,285,0,29,13,358,0,0,575,47,280,19,0,18,1,259,1,2.12,0.59,2.69,0.18,0.28,2.49,,,,,,
2025-26,wvball,Michigan Intercollegiate Athletic Association (MIAA),miaa,Saint Mary's,"Taitano, Maddie",Maddie,Taitano,,8688,"Taitano, Maddie","TAITANO, MADDIE",Saint Mary's,SMC-IN,0,40,6,12,0,12,0,.179,117,19,40,77,6,239,0,6,5,63,0,0,7,1,47,18,2,17,1,55.5,0,1.00,1.93,1.18,0.45,0.15,1.39,,,,,,
2025-26,wvball,Michigan Intercollegiate Athletic Association (MIAA),miaa,Saint Mary's,"Aalfs, Chloe",Chloe,Aalfs,,8688,"Aalfs, Chloe","AALFS, CHLOE",Saint Mary's,SMC-IN,0,5,0,14,0,14,0,.059,17,3,4,1,4,10,0,2,1,11,0,0,25,2,12,0,0,0,0,6,0,0.80,0.20,2.40,0.00,0.40,1.20,,,,,,
2025-26,wvball,Michigan Intercollegiate Athletic Association (MIAA),miaa,Saint Mary's,"Funk, Jane",Jane,Funk,,8688,"Funk, Jane","FUNK, JANE",Saint Mary's,SMC-IN,0,1,0,16,0,16,0,.000,0,0,0,0,0,0,0,0,0,0,0,0,0,0,0,0,0,0,0,0.0,0,0.00,0.00,0.00,0.00,0.00,0.00,,,,,,
2025-26,wvball,Michigan Intercollegiate Athletic Association (MIAA),miaa,Trine,"Zellers, Anna",Anna,Zellers,,30037,"Zellers, Anna","ZELLERS, ANNA",Trine,Trine,0,90,54,10,0,10,0,.062,81,3,8,446,9,1386,0,33,19,347,0,0,2,0,219,0,1,0,0,41,1,0.09,4.96,2.43,0.00,0.37,0.46,,,,,,
2025-26,wvball,Michigan Intercollegiate Athletic Association (MIAA),miaa,Trine,"Rowland, Kylie",Kylie,Rowland,,30037,"Rowland, Kylie","ROWLAND, KYLIE",Trine,Trine,0,87,54,5,0,5,0,.125,240,29,59,8,2,60,0,26,30,245,0,0,9,1,57,44,2,37,7,110.5,0,0.68,0.09,0.66,0.51,0.30,1.27,,,,,,
2025-26,wvball,Michigan Intercollegiate Athletic Association (MIAA),miaa,Trine,"Budzinski, Jordan",Jordan,Budzinski,,30037,"Budzinski, Jordan","BUDZINSKI, JORDAN",Trine,Trine,0,90,0,2,0,2,0,-.029,35,5,4,85,2,425,0,30,25,284,0,0,378,32,379,0,0,0,0,34,0,0.04,0.94,4.21,0.00,0.33,0.38,,,,,,
2025-26,wvball,Michigan Intercollegiate Athletic Association (MIAA),miaa,Trine,"Maggio, Julia",Julia,Maggio,,30037,"Maggio, Julia","MAGGIO, JULIA",Trine,Trine,0,89,54,14,0,14,0,.106,865,122,214,12,6,126,0,32,12,331,0,0,603,39,273,21,0,20,1,257,0,2.40,0.13,3.07,0.24,0.36,2.89,,,,,,
2025-26,wvball,Michigan Intercollegiate Athletic Association (MIAA),miaa,Trine,"Leatherman, Emmaline",Emmaline,Leatherman,,30037,"Leatherman, Emmaline","LEATHERMAN, EMMALINE",Trine,Trine,0,89,54,17,0,17,0,.252,520,88,219,1,3,37,0,1,1,8,0,0,15,1,37,62,7,51,11,256.5,3,2.46,0.01,0.42,0.70,0.01,2.88,,,,,,
2025-26,wvball,Michigan Intercollegiate Athletic Association (MIAA),miaa,Trine,"Felber, Sky",Sky,Felber,,30037,"Felber, Sky","FELBER, SKY",Trine,Trine,0,2,0,22,0,22,0,.000,4,0,0,6,1,24,0,1,1,10,0,0,0,0,0,0,0,0,0,1,0,0.00,3.00,0.00,0.00,0.50,0.50,,,,,,
2025-26,wvball,Michigan Intercollegiate Athletic Association (MIAA),miaa,Trine,"Holmberg, Mallory",Mallory,Holmberg,,30037,"Holmberg, Mallory","HOLMBERG, MALLORY",Trine,Trine,0,0,0,8,0,8,0,,,,,,,,,,,,,,,,,,,,,,,0,0,0,0,0,0,,,,,,
2025-26,wvball,Michigan Intercollegiate Athletic Association (MIAA),miaa,Trine,"Kuzma, Addyson",Addyson,Kuzma,,30037,"Kuzma, Addyson","KUZMA, ADDYSON",Trine,Trine,0,71,37,24,0,24,0,.034,176,43,49,0,1,14,0,0,0,0,0,0,5,1,41,37,3,31,6,70.5,1,0.69,0.00,0.58,0.52,0.00,0.99,,,,,,
2025-26,wvball,Michigan Intercollegiate Athletic Association (MIAA),miaa,Trine,"Steenwyk, Reese",Reese,Steenwyk,,30037,"Steenwyk, Reese","STEENWYK, REESE",Trine,Trine,0,81,8,19,0,19,0,.158,488,86,163,5,5,36,0,0,0,1,0,0,4,0,36,22,3,19,3,175.5,0,2.01,0.06,0.44,0.27,0.00,2.17,,,,,,
2025-26,wvball,Michigan Intercollegiate Athletic Association (MIAA),miaa,Trine,"Nordmann, Regan",Regan,Nordmann,,30037,"Nordmann, Regan","NORDMANN, REGAN",Trine,Trine,0,4,0,38,0,38,0,.000,6,1,1,0,0,0,0,0,0,0,0,0,0,0,0,2,0,2,0,2,0,0.25,0.00,0.00,0.50,0.00,0.50,,,,,,
2025-26,wvball,Michigan Intercollegiate Athletic Association (MIAA),miaa,Trine,"Hughes, Abigail",Abigail,Hughes,,30037,"Hughes, Abigail","HUGHES, ABIGAIL",Trine,Trine,0,37,0,1,0,1,0,-.250,4,1,0,1,0,19,0,2,4,58,0,0,97,13,49,0,0,0,0,2,0,0.00,0.03,1.32,0.00,0.05,0.05,,,,,,
2025-26,wvball,Michigan Intercollegiate Athletic Association (MIAA),miaa,Trine,"Mullins, Isabella",Isabella,Mullins,,30037,"Mullins, Isabella","MULLINS, ISABELLA",Trine,Trine,0,2,0,3,0,3,0,.000,0,0,0,0,0,1,0,0,0,2,0,0,2,0,1,0,0,0,0,0,0,0.00,0.00,0.50,0.00,0.00,0.00,,,,,,
2025-26,wvball,Michigan Intercollegiate Athletic Association (MIAA),miaa,Trine,"Gehl, Davanee",Davanee,Gehl,,30037,"Gehl, Davanee","GEHL, DAVANEE",Trine,Trine,0,30,9,4,0,4,0,-.013,80,16,15,1,1,11,0,0,1,3,0,0,17,1,14,6,1,4,2,19,0,0.50,0.03,0.47,0.20,0.00,0.63,,,,,,
2025-26,wvball,Michigan Intercollegiate Athletic Association (MIAA),miaa,Trine,"Barnett, Ella",Ella,Barnett,,30037,"Barnett, Ella","BARNETT, ELLA",Trine,Trine,0,6,0,6,0,6,0,.000,1,0,0,0,0,1,0,0,2,4,0,0,8,0,1,0,0,0,0,0,0,0.00,0.00,0.17,0.00,0.00,0.00,,,,,,
2025-26,wvball,Michigan Intercollegiate Athletic Association (MIAA),miaa,Trine,"Dunn, Hailey",Hailey,Dunn,,30037,"Dunn, Hailey","DUNN, HAILEY",Trine,Trine,0,6,0,7,0,7,0,.000,10,2,2,0,0,3,0,0,0,0,0,0,2,1,2,1,2,1,0,2.5,0,0.33,0.00,0.33,0.17,0.00,0.42,,,,,,
2025-26,wvball,Michigan Intercollegiate Athletic Association (MIAA),miaa,Trine,"Hagelskamp, Ashley",Ashley,Hagelskamp,,30037,"Hagelskamp, Ashley","HAGELSKAMP, ASHLEY",Trine,Trine,0,13,2,9,0,9,0,.189,37,4,11,1,2,9,0,3,3,21,0,0,33,4,12,0,1,0,0,14,0,0.85,0.08,0.92,0.00,0.23,1.08,,,,,,
2025-26,wvball,Michigan Intercollegiate Athletic Association (MIAA),miaa,Trine,"Gochenour, Paige",Paige,Gochenour,,30037,"Gochenour, Paige","GOCHENOUR, PAIGE",Trine,Trine,0,2,0,11,0,11,0,1.000,1,0,1,0,0,1,0,0,0,0,0,0,0,0,0,0,0,0,0,1,0,0.50,0.00,0.00,0.00,0.00,0.50,,,,,,
2025-26,wvball,Michigan Intercollegiate Athletic Association (MIAA),miaa,Trine,"Morgan, Trisha",Trisha,Morgan,,30037,"Morgan, Trisha","MORGAN, TRISHA",Trine,Trine,0,3,0,12,0,12,0,.000,1,0,0,1,0,2,0,0,1,2,0,0,4,0,1,0,0,0,0,0,0,0.00,0.33,0.33,0.00,0.00,0.00,,,,,,
2025-26,wvball,Michigan Intercollegiate Athletic Association (MIAA),miaa,Trine,"Hubbell, Zella",Zella,Hubbell,,30037,"Hubbell, Zella","HUBBELL, ZELLA",Trine,Trine,0,0,0,13,0,13,0,,,,,,,,,,,,,,,,,,,,,,,0,0,0,0,0,0,,,,,,
2025-26,wvball,Michigan Intercollegiate Athletic Association (MIAA),miaa,Trine,"Gibboney, Shyanne",Shyanne,Gibboney,,30037,"Gibboney, Shyanne","GIBBONEY, SHYANNE",Trine,Trine,0,26,0,15,0,15,0,.000,2,0,0,1,0,11,0,1,3,16,0,0,63,10,13,0,0,0,0,1,0,0.00,0.04,0.50,0.00,0.04,0.04,,,,,,
2025-26,wvball,Michigan Intercollegiate Athletic Association (MIAA),miaa,Trine,"Stevons, Cali",Cali,Stevons,,30037,"Stevons, Cali","STEVONS, CALI",Trine,Trine,0,89,0,16,0,16,0,.093,43,6,10,339,11,1090,0,38,27,327,0,0,7,0,173,1,1,1,0,48.5,0,0.11,3.81,1.94,0.01,0.43,0.54,,,,,,
2025-26,wvball,Michigan Intercollegiate Athletic Association (MIAA),miaa,Trine,"Kelly, Reese",Reese,Kelly,,30037,"Kelly, Reese","KELLY, REESE",Trine,Trine,0,7,0,18,0,18,0,-.138,29,8,4,0,2,5,0,0,0,0,0,0,0,0,4,1,0,1,0,4.5,0,0.57,0.00,0.57,0.14,0.00,0.64,,,,,,
2025-26,wvball,Michigan Intercollegiate Athletic Association (MIAA),miaa,Trine,"Baker, Elli",Elli,Baker,,30037,"Baker, Elli","BAKER, ELLI",Trine,Trine,0,83,52,20,0,20,0,.178,692,107,230,14,3,90,0,28,41,212,0,0,503,43,171,24,4,19,5,272.5,0,2.77,0.17,2.06,0.29,0.34,3.28,,,,,,
2025-26,wvball,Michigan Intercollegiate Athletic Association (MIAA),miaa,Trine,"Espect, Mckelvey",Mckelvey,Espect,,30037,"Espect, Mckelvey","ESPECT, MCKELVEY",Trine,Trine,0,0,0,28,0,28,0,,,,,,,,,,,,,,,,,,,,,,,0,0,0,0,0,0,,,,,,
2025-26,wvball,Michigan Intercollegiate Athletic Association (MIAA),miaa,Trine,"Hildebrand, Adison",Adison,Hildebrand,,30037,"Hildebrand, Adison","HILDEBRAND, ADISON",Trine,Trine,0,7,0,80,0,80,0,.333,18,3,9,0,1,6,0,0,1,3,0,0,0,0,1,5,0,4,1,12,0,1.29,0.00,0.14,0.71,0.00,1.71,,,,,,
2025-26,wvball,Michigan Intercollegiate Athletic Association (MIAA),miaa,Trine,"Schrock, Annika",Annika,Schrock,,30037,"Schrock, Annika","SCHROCK, ANNIKA",Trine,Trine,0,1,0,23,0,23,0,-.500,2,1,0,3,0,9,0,0,1,2,0,0,0,0,1,0,0,0,0,0,0,0.00,3.00,1.00,0.00,0.00,0.00,,,,,,
2025-26,wvball,Michigan Intercollegiate Athletic Association (MIAA),miaa,Trine,McKelvey Espeset,McKelvey,Espeset,,30037,McKelvey Espeset,"ESPESET,MCKELVEY",Trine,Trine,1091-5000,0,0,28,0,28,0,,,,,,,,,,,,,,,,,,,,,,,0,0,0,0,0,0,,,,,,
2025-26,wvball,Michigan Intercollegiate Athletic Association (MIAA),miaa,Olivet,"Chamberlin, Ryley",Ryley,Chamberlin,,525,"Chamberlin, Ryley","CHAMBERLIN, RYLEY",Olivet,Olivet,0,8,4,6,0,6,0,-.018,55,15,14,1,0,0,0,0,0,0,0,0,1,0,2,0,0,0,0,14,1,1.75,0.13,0.25,0.00,0.00,1.75,,,,,,
2025-26,wvball,Michigan Intercollegiate Athletic Association (MIAA),miaa,Olivet,"Wagasy, Isabella",Isabella,Wagasy,,525,"Wagasy, Isabella","WAGASY, ISABELLA",Olivet,Olivet,0,34,22,13,0,13,0,.014,148,39,41,0,0,5,0,0,0,5,0,0,1,0,21,8,0,6,2,46,0,1.21,0.00,0.62,0.24,0.00,1.35,,,,,,
2025-26,wvball,Michigan Intercollegiate Athletic Association (MIAA),miaa,Olivet,"Porter, Violet",Violet,Porter,,525,"Porter, Violet","PORTER, VIOLET",Olivet,Olivet,0,92,48,24,0,24,0,.138,435,73,133,3,1,17,0,11,4,100,0,0,2,0,31,41,7,33,8,168.5,0,1.45,0.03,0.34,0.45,0.12,1.83,,,,,,
2025-26,wvball,Michigan Intercollegiate Athletic Association (MIAA),miaa,Olivet,"Good, Morgan",Morgan,Good,,525,"Good, Morgan","GOOD, MORGAN",Olivet,Olivet,0,60,16,26,0,26,0,.061,426,83,109,2,0,19,0,0,0,1,0,0,20,6,30,12,6,9,3,116.5,0,1.82,0.03,0.50,0.20,0.00,1.94,,,,,,
2025-26,wvball,Michigan Intercollegiate Athletic Association (MIAA),miaa,Olivet,"Cary, Jaydn",Jaydn,Cary,,525,"Cary, Jaydn","CARY, JAYDN",Olivet,Olivet,0,95,0,1,0,1,0,.200,15,0,3,58,3,224,0,24,31,203,0,0,368,33,454,0,0,0,0,27,0,0.03,0.61,4.78,0.00,0.25,0.28,,,,,,
2025-26,wvball,Michigan Intercollegiate Athletic Association (MIAA),miaa,Olivet,"Wilson, Joey",Joey,Wilson,,525,"Wilson, Joey","WILSON, JOEY",Olivet,Olivet,0,1,0,2,0,2,0,.000,0,0,0,0,0,0,0,0,0,0,0,0,1,0,0,0,0,0,0,0.0,0,0.00,0.00,0.00,0.00,0.00,0.00,,,,,,
2025-26,wvball,Michigan Intercollegiate Athletic Association (MIAA),miaa,Olivet,"Hall, Julia",Julia,Hall,,525,"Hall, Julia","HALL, JULIA",Olivet,Olivet,0,94,48,5,0,5,0,.249,542,73,208,7,3,29,0,11,24,90,0,0,6,1,36,72,13,51,21,265.5,0,2.21,0.07,0.38,0.77,0.12,2.82,,,,,,
2025-26,wvball,Michigan Intercollegiate Athletic Association (MIAA),miaa,Olivet,"Grew, Grace",Grace,Grew,,525,"Grew, Grace","GREW, GRACE",Olivet,Olivet,0,10,3,22,0,22,0,.000,2,0,0,32,3,129,0,6,1,27,0,0,1,1,14,0,0,0,0,6,0,0.00,3.20,1.40,0.00,0.60,0.60,,,,,,
2025-26,wvball,Michigan Intercollegiate Athletic Association (MIAA),miaa,Olivet,"Chapman, Abby",Abby,Chapman,,525,"Chapman, Abby","CHAPMAN, ABBY",Olivet,Olivet,0,23,9,4,0,4,0,-.222,9,3,1,130,9,320,0,7,3,47,0,0,3,0,40,3,0,3,0,9.5,1,0.04,5.65,1.74,0.13,0.30,0.41,,,,,,
2025-26,wvball,Michigan Intercollegiate Athletic Association (MIAA),miaa,Olivet,"Baynes, Ellie",Ellie,Baynes,,525,"Baynes, Ellie","BAYNES, ELLIE",Olivet,Olivet,0,8,2,10,0,10,0,.154,39,8,14,1,1,6,0,0,0,1,0,0,4,0,2,2,0,2,0,15,0,1.75,0.13,0.25,0.25,0.00,1.88,,,,,,
2025-26,wvball,Michigan Intercollegiate Athletic Association (MIAA),miaa,Olivet,"Giannunzio, Ashlynn",Ashlynn,Giannunzio,,525,"Giannunzio, Ashlynn","GIANNUNZIO, ASHLYNN",Olivet,Olivet,0,95,45,7,0,7,0,.000,38,5,5,11,1,71,0,28,19,236,0,0,332,40,301,1,0,1,0,33.5,0,0.05,0.12,3.17,0.01,0.29,0.35,,,,,,
2025-26,wvball,Michigan Intercollegiate Athletic Association (MIAA),miaa,Olivet,"Elkins, Laynie",Laynie,Elkins,,525,"Elkins, Laynie","ELKINS, LAYNIE",Olivet,Olivet,0,0,0,16,0,16,0,,,,,,,,,,,,,,,,,,,,,,,0,0,0,0,0,0,,,,,,
2025-26,wvball,Michigan Intercollegiate Athletic Association (MIAA),miaa,Olivet,"Ketchum, Riley",Riley,Ketchum,,525,"Ketchum, Riley","KETCHUM, RILEY",Olivet,Olivet,0,0,0,8,0,8,0,.000,0,0,0,0,0,0,0,0,0,0,0,0,0,0,0,0,0,0,0,0,0,0,0,0,0,0,0,,,,,,
2025-26,wvball,Michigan Intercollegiate Athletic Association (MIAA),miaa,Olivet,"Smith, Jordyn",Jordyn,Smith,,525,"Smith, Jordyn","SMITH, JORDYN",Olivet,Olivet,0,81,36,19,0,19,0,.075,161,22,34,677,10,1243,0,17,10,101,0,0,0,0,153,22,2,21,1,62.5,0,0.42,8.36,1.89,0.27,0.21,0.77,,,,,,
2025-26,wvball,Michigan Intercollegiate Athletic Association (MIAA),miaa,Olivet,"Sting, Brittney",Brittney,Sting,,525,"Sting, Brittney","STING, BRITTNEY",Olivet,Olivet,0,5,0,27,0,27,0,.000,0,0,0,3,0,4,0,0,3,5,0,0,12,1,5,0,0,0,0,0,0,0.00,0.60,1.00,0.00,0.00,0.00,,,,,,
2025-26,wvball,Michigan Intercollegiate Athletic Association (MIAA),miaa,Olivet,"Gordon, Carley",Carley,Gordon,,525,"Gordon, Carley","GORDON, CARLEY",Olivet,Olivet,0,0,0,28,0,28,0,,,,,,,,,,,,,,,,,,,,,,,0,0,0,0,0,0,,,,,,
2025-26,wvball,Michigan Intercollegiate Athletic Association (MIAA),miaa,Olivet,"Rumsey, Adalynn",Adalynn,Rumsey,,525,"Rumsey, Adalynn","RUMSEY, ADALYNN",Olivet,Olivet,0,0,0,29,0,29,0,,,,,,,,,,,,,,,,,,,,,,,0,0,0,0,0,0,,,,,,
2025-26,wvball,Michigan Intercollegiate Athletic Association (MIAA),miaa,Olivet,"McDaniel, Kaylee",Kaylee,McDaniel,,525,"McDaniel, Kaylee","MCDANIEL, KAYLEE",Olivet,Olivet,0,94,0,3,0,3,0,-.190,21,7,3,32,4,102,0,32,26,231,0,0,235,26,225,0,0,0,0,35,0,0.03,0.34,2.39,0.00,0.34,0.37,,,,,,
2025-26,wvball,Michigan Intercollegiate Athletic Association (MIAA),miaa,Olivet,"Day, Hailey",Hailey,Day,,525,"Day, Hailey","DAY, HAILEY",Olivet,Olivet,0,79,9,9,0,9,0,.075,549,102,143,4,1,18,0,1,0,3,0,0,29,5,26,29,12,27,2,159.5,1,1.81,0.05,0.33,0.37,0.01,2.02,,,,,,
2025-26,wvball,Michigan Intercollegiate Athletic Association (MIAA),miaa,Olivet,"Merrill, Macie",Macie,Merrill,,525,"Merrill, Macie","MERRILL, MACIE",Olivet,Olivet,0,0,0,11,0,11,0,,,,,,,,,,,,,,,,,,,,,,,0,0,0,0,0,0,,,,,,
2025-26,wvball,Michigan Intercollegiate Athletic Association (MIAA),miaa,Olivet,"Smith, Payton",Payton,Smith,,525,"Smith, Payton","SMITH, PAYTON",Olivet,Olivet,0,93,44,12,0,12,0,.107,990,203,309,4,1,25,0,0,1,0,0,0,49,9,64,31,1,24,7,328,1,3.32,0.04,0.69,0.33,0.00,3.53,,,,,,
2025-26,wvball,Michigan Intercollegiate Athletic Association (MIAA),miaa,Olivet,"Hartzell, Cailynn",Cailynn,Hartzell,,525,"Hartzell, Cailynn","HARTZELL, CAILYNN",Olivet,Olivet,0,0,0,14,0,14,0,,,,,,,,,,,,,,,,,,,,,,,0,0,0,0,0,0,,,,,,
2025-26,wvball,Michigan Intercollegiate Athletic Association (MIAA),miaa,Olivet,"Tennant, Peyton",Peyton,Tennant,,525,"Tennant, Peyton","TENNANT, PEYTON",Olivet,Olivet,0,15,2,15,0,15,0,-.082,97,30,22,0,1,6,0,0,0,0,0,0,18,2,7,1,0,0,1,23,0,1.47,0.00,0.47,0.07,0.00,1.53,,,,,,
2025-26,wvball,Michigan Intercollegiate Athletic Association (MIAA),miaa,Olivet,"Paul, Grace",Grace,Paul,,525,"Paul, Grace","PAUL, GRACE",Olivet,Olivet,0,0,0,17,0,17,0,,,,,,,,,,,,,,,,,,,,,,,0,0,0,0,0,0,,,,,,
2025-26,wvball,Michigan Intercollegiate Athletic Association (MIAA),miaa,Olivet,"Still, Olivia",Olivia,Still,,525,"Still, Olivia","STILL, OLIVIA",Olivet,Olivet,0,75,0,18,0,18,0,.000,24,4,4,9,2,26,0,20,22,152,0,0,206,23,191,0,0,0,0,24,1,0.05,0.12,2.55,0.00,0.27,0.32,,,,,,
2025-26,wvball,Michigan Intercollegiate Athletic Association (MIAA),miaa,Olivet,"Martinez-Vega, Vanessa",Vanessa,Martinez-Vega,,525,"Martinez-Vega, Vanessa","MARTINEZ-VEGA, VANESSA",Olivet,Olivet,0,0,0,21,0,21,0,,,,,,,,,,,,,,,,,,,,,,,0,0,0,0,0,0,,,,,,
2025-26,wvball,Michigan Intercollegiate Athletic Association (MIAA),miaa,Olivet,"Reed, Jordan",Jordan,Reed,,525,"Reed, Jordan","REED, JORDAN",Olivet,Olivet,0,0,0,23,0,23,0,,,,,,,,,,,,,,,,,,,,,,,0,0,0,0,0,0,,,,,,
2025-26,wvball,Michigan Intercollegiate Athletic Association (MIAA),miaa,Olivet,"Bentz, Brianna",Brianna,Bentz,,525,"Bentz, Brianna","BENTZ, BRIANNA",Olivet,Olivet,0,0,0,33,0,33,0,,,,,,,,,,,,,,,,,,,,,,,0,0,0,0,0,0,,,,,,
2025-26,wvball,Michigan Intercollegiate Athletic Association (MIAA),miaa,Olivet,"Williams, Claire",Claire,Williams,,525,"Williams, Claire","WILLIAMS, CLAIRE",Olivet,Olivet,0,0,0,34,0,34,0,,,,,,,,,,,,,,,,,,,,,,,0,0,0,0,0,0,,,,,,
2025-26,wvball,Michigan Intercollegiate Athletic Association (MIAA),miaa,Olivet,"Hock, Sara",Sara,Hock,,525,"Hock, Sara","HOCK, SARA",Olivet,Olivet,0,19,0,20,0,20,0,-.250,4,1,0,1,0,1,0,2,4,49,0,0,70,6,38,0,0,0,0,2,0,0.00,0.05,2.00,0.00,0.11,0.11,,,,,,
2025-26,wvball,Michigan Intercollegiate Athletic Association (MIAA),miaa,Alma,"Dutton, Natalie",Natalie,Dutton,,21,"Dutton, Natalie","DUTTON, NATALIE",Alma,ALMA,1085-3070,79,1,14,0,14,0,.167,436,75,148,2,1,30,0,0,0,5,0,0,50,3,29,27,2,21,6,164.5,0,1.87,0.03,0.37,0.34,0.00,2.08,,,,,,
2025-26,wvball,Michigan Intercollegiate Athletic Association (MIAA),miaa,Alma,"Smith, Courtney",Courtney,Smith,,21,"Smith, Courtney","SMITH, COURTNEY",Alma,ALMA,1085-3076,0,0,5,0,5,0,,,,,,,,,,,,,,,,,,,,,,,0,0,0,0,0,0,,,,,,
2025-26,wvball,Michigan Intercollegiate Athletic Association (MIAA),miaa,Alma,"Villarosa, Vicky",Vicky,Villarosa,,21,"Villarosa, Vicky","VILLAROSA, VICKY",Alma,ALMA,1085-3077,41,0,28,0,28,0,.000,49,7,7,169,7,533,0,17,8,157,0,0,4,0,92,0,0,0,0,24,2,0.17,4.12,2.24,0.00,0.41,0.59,,,,,,
2025-26,wvball,Michigan Intercollegiate Athletic Association (MIAA),miaa,Alma,"Munley, Madison",Madison,Munley,,21,"Munley, Madison","MUNLEY, MADISON",Alma,ALMA,1085-3074,85,39,12,0,12,0,.206,349,59,131,11,4,79,0,15,16,249,0,0,24,2,76,38,1,31,7,168.5,1,1.54,0.13,0.89,0.45,0.18,1.98,,,,,,
2025-26,wvball,Michigan Intercollegiate Athletic Association (MIAA),miaa,Alma,"Gleason, Reagan",Reagan,Gleason,,21,"Gleason, Reagan","GLEASON, REAGAN",Alma,ALMA,1085-3226,6,0,16,0,16,0,.000,1,0,0,0,0,2,0,2,3,24,0,0,0,0,4,0,0,0,0,2,0,0.00,0.00,0.67,0.00,0.33,0.33,,,,,,
2025-26,wvball,Michigan Intercollegiate Athletic Association (MIAA),miaa,Alma,"Bush, Nevea",Nevea,Bush,,21,"Bush, Nevea","BUSH, NEVEA",Alma,ALMA,1085-3264,40,2,6,0,6,0,.126,175,24,46,2,0,15,0,0,0,1,0,0,20,1,26,13,1,11,2,53.5,0,1.15,0.05,0.65,0.33,0.00,1.34,,,,,,
2025-26,wvball,Michigan Intercollegiate Athletic Association (MIAA),miaa,Alma,"Calcamuggio, Addisyn",Addisyn,Calcamuggio,,21,"Calcamuggio, Addisyn","CALCAMUGGIO, ADDISYN",Alma,ALMA,1085-3223,17,1,7,0,7,0,-.031,32,6,5,4,0,11,0,3,5,32,0,0,57,9,22,0,0,0,0,8,0,0.29,0.24,1.29,0.00,0.18,0.47,,,,,,
2025-26,wvball,Michigan Intercollegiate Athletic Association (MIAA),miaa,Alma,"Stevenson, Madison",Madison,Stevenson,,21,"Stevenson, Madison","STEVENSON, MADISON",Alma,ALMA,1085-3287,7,0,9,0,9,0,.088,57,10,15,0,0,3,0,0,0,5,0,0,30,1,2,0,0,0,0,15,0,2.14,0.00,0.29,0.00,0.00,2.14,,,,,,
2025-26,wvball,Michigan Intercollegiate Athletic Association (MIAA),miaa,Alma,"Schell, Katelyn",Katelyn,Schell,,21,"Schell, Katelyn","SCHELL, KATELYN",Alma,ALMA,1085-3178,53,23,13,0,13,0,.171,175,31,61,8,4,35,0,0,1,27,0,0,1,0,16,49,6,37,12,91.5,0,1.15,0.15,0.30,0.92,0.00,1.73,,,,,,
2025-26,wvball,Michigan Intercollegiate Athletic Association (MIAA),miaa,Alma,"Fish, Allie",Allie,Fish,,21,"Fish, Allie","FISH, ALLIE",Alma,ALMA,1085-3359,42,16,2,0,2,0,.159,107,20,37,2,1,20,0,0,0,4,0,0,2,1,14,12,1,9,3,44.5,1,0.88,0.05,0.33,0.29,0.00,1.06,,,,,,
2025-26,wvball,Michigan Intercollegiate Athletic Association (MIAA),miaa,Alma,"Aprati, Kendelle",Kendelle,Aprati,,21,"Aprati, Kendelle","APRATI, KENDELLE",Alma,ALMA,1085-3187,0,0,27,0,27,0,,,,,,,,,,,,,,,,,,,,,,,0,0,0,0,0,0,,,,,,
2025-26,wvball,Michigan Intercollegiate Athletic Association (MIAA),miaa,Alma,"Deeb, Olivia",Olivia,Deeb,,21,"Deeb, Olivia","DEEB, OLIVIA",Alma,ALMA,1085-3697,85,39,3,0,3,0,.195,87,2,19,360,19,1222,0,29,16,266,0,0,8,0,171,2,0,2,0,49,5,0.22,4.24,2.01,0.02,0.34,0.58,,,,,,
2025-26,wvball,Michigan Intercollegiate Athletic Association (MIAA),miaa,Alma,"Johnson, Makenna",Makenna,Johnson,,21,"Johnson, Makenna","JOHNSON, MAKENNA",Alma,ALMA,1085-3813,39,20,11,0,11,0,-.400,5,2,0,5,2,33,0,7,5,120,0,0,161,23,97,0,0,0,0,7,0,0.00,0.13,2.49,0.00,0.18,0.18,,,,,,
2025-26,wvball,Michigan Intercollegiate Athletic Association (MIAA),miaa,Alma,"McGlothin, Rachel",Rachel,McGlothin,,21,"McGlothin, Rachel","MCGLOTHIN, RACHEL",Alma,ALMA,1085-3814,52,11,20,0,20,0,.119,219,26,52,4,3,60,0,10,5,143,0,0,233,19,121,4,1,3,1,64.5,0,1.00,0.08,2.33,0.08,0.19,1.24,,,,,,
2025-26,wvball,Michigan Intercollegiate Athletic Association (MIAA),miaa,Alma,"Herzberger, Madelyn",Madelyn,Herzberger,,21,"Herzberger, Madelyn","HERZBERGER, MADELYN",Alma,ALMA,1085-3811,0,0,4,0,4,0,,,,,,,,,,,,,,,,,,,,,,,0,0,0,0,0,0,,,,,,
2025-26,wvball,Michigan Intercollegiate Athletic Association (MIAA),miaa,Alma,"Steiner, Grace",Grace,Steiner,,21,"Steiner, Grace","STEINER, GRACE",Alma,ALMA,1085-3817,88,0,26,0,26,0,.053,57,1,4,53,7,357,0,21,18,288,0,0,641,60,384,0,0,0,0,25,0,0.05,0.60,4.36,0.00,0.24,0.28,,,,,,
2025-26,wvball,Michigan Intercollegiate Athletic Association (MIAA),miaa,Alma,"Munn, Christa",Christa,Munn,,21,"Munn, Christa","MUNN, CHRISTA",Alma,ALMA,1085-3815,0,0,23,0,23,0,,,,,,,,,,,,,,,,,,,,,,,0,0,0,0,0,0,,,,,,
2025-26,wvball,Michigan Intercollegiate Athletic Association (MIAA),miaa,Alma,"Lang, Arianna",Arianna,Lang,,21,"Lang, Arianna","LANG, ARIANNA",Alma,ALMA,1085-4005,5,3,1,0,1,0,.000,1,0,0,0,0,2,0,0,1,10,0,0,13,3,7,0,0,0,0,0,0,0.00,0.00,1.40,0.00,0.00,0.00,,,,,,
2025-26,wvball,Michigan Intercollegiate Athletic Association (MIAA),miaa,Alma,"Nevadomski, Mallorie",Mallorie,Nevadomski,,21,"Nevadomski, Mallorie","NEVADOMSKI, MALLORIE",Alma,ALMA,1085-4116,38,4,8,0,8,0,.118,228,40,67,2,2,18,0,1,1,13,0,0,57,2,28,8,0,7,1,72.5,1,1.76,0.05,0.74,0.21,0.03,1.91,,,,,,
2025-26,wvball,Michigan Intercollegiate Athletic Association (MIAA),miaa,Alma,"Maynard, Rudy",Rudy,Maynard,,21,"Maynard, Rudy","MAYNARD, RUDY",Alma,ALMA,1085-4077,53,0,10,0,10,0,.077,26,1,3,191,4,659,0,4,4,179,0,0,3,0,84,0,0,0,0,7,0,0.06,3.60,1.58,0.00,0.08,0.13,,,,,,
2025-26,wvball,Michigan Intercollegiate Athletic Association (MIAA),miaa,Alma,"Gray, Kacee",Kacee,Gray,,21,"Gray, Kacee","GRAY, KACEE",Alma,ALMA,1085-4065,0,0,17,0,17,0,,,,,,,,,,,,,,,,,,,,,,,0,0,0,0,0,0,,,,,,
2025-26,wvball,Michigan Intercollegiate Athletic Association (MIAA),miaa,Alma,"Weston, Kennedy",Kennedy,Weston,,21,"Weston, Kennedy","WESTON, KENNEDY",Alma,ALMA,1085-4028,0,0,18,0,18,0,,,,,,,,,,,,,,,,,,,,,,,0,0,0,0,0,0,,,,,,
2025-26,wvball,Michigan Intercollegiate Athletic Association (MIAA),miaa,Alma,"McKale, Maggie",Maggie,McKale,,21,"McKale, Maggie","MCKALE, MAGGIE",Alma,ALMA,1085-4159,82,36,19,0,19,0,.132,424,71,127,1,3,36,0,0,0,0,0,0,3,0,30,29,0,24,5,144,0,1.55,0.01,0.37,0.35,0.00,1.76,,,,,,
2025-26,wvball,Michigan Intercollegiate Athletic Association (MIAA),miaa,Alma,"Alverez, Hannah",Hannah,Alverez,,21,"Alverez, Hannah","ALVEREZ, HANNAH",Alma,ALMA,1085-4119,6,0,21,0,21,0,.000,1,0,0,1,0,1,0,1,0,5,0,0,2,0,4,0,0,0,0,1,0,0.00,0.17,0.67,0.00,0.17,0.17,,,,,,
2025-26,wvball,Michigan Intercollegiate Athletic Association (MIAA),miaa,Alma,"Rees, Cassidy",Cassidy,Rees,,21,"Rees, Cassidy","REES, CASSIDY",Alma,ALMA,1085-4114,0,0,24,0,24,0,,,,,,,,,,,,,,,,,,,,,,,0,0,0,0,0,0,,,,,,
2025-26,wvball,Michigan Intercollegiate Athletic Association (MIAA),miaa,Alma,"Carling, Emily",Emily,Carling,,21,"Carling, Emily","CARLING, EMILY",Alma,ALMA,1085-4128,88,39,29,0,29,0,.083,723,118,178,18,7,115,0,43,26,318,0,0,480,28,226,14,0,13,1,228.5,1,2.02,0.20,2.57,0.16,0.49,2.60,,,,,,
2025-26,wvball,Michigan Intercollegiate Athletic Association (MIAA),miaa,Adrian,"Chan, Kayla",Kayla,Chan,,4,"Chan, Kayla","CHAN, KAYLA",Adrian,ADRIAN,1083-5396,71,30,5,0,5,0,.165,272,33,78,1,0,22,0,8,20,137,0,0,10,1,37,74,3,62,12,129,0,1.10,0.01,0.52,1.04,0.11,1.82,,,,,,
2025-26,wvball,Michigan Intercollegiate Athletic Association (MIAA),miaa,Adrian,"McCombs, Amelia",Amelia,McCombs,,4,"McCombs, Amelia","MCCOMBS, AMELIA",Adrian,ADRIAN,1083-5407,60,9,11,0,11,0,-.308,13,4,0,10,1,51,0,6,6,101,0,0,161,13,102,0,0,0,0,6,0,0.00,0.17,1.70,0.00,0.10,0.10,,,,,,
2025-26,wvball,Michigan Intercollegiate Athletic Association (MIAA),miaa,Adrian,"Reckling, Megan",Megan,Reckling,,4,"Reckling, Megan","RECKLING, MEGAN",Adrian,ADRIAN,1083-5400,22,4,22,0,22,0,.000,10,0,0,67,3,212,0,1,5,29,0,0,0,0,20,0,0,0,0,1,0,0.00,3.05,0.91,0.00,0.05,0.05,,,,,,
2025-26,wvball,Michigan Intercollegiate Athletic Association (MIAA),miaa,Adrian,"Scott, Phoebe",Phoebe,Scott,,4,"Scott, Phoebe","SCOTT, PHOEBE",Adrian,ADRIAN,1083-5406,33,5,25,0,25,0,-.500,2,1,0,2,0,6,0,2,3,25,0,0,65,8,25,0,0,0,0,2,0,0.00,0.06,0.76,0.00,0.06,0.06,,,,,,
2025-26,wvball,Michigan Intercollegiate Athletic Association (MIAA),miaa,Adrian,"Feldmann, Megan",Megan,Feldmann,,4,"Feldmann, Megan","FELDMANN, MEGAN",Adrian,ADRIAN,1083-5408,71,29,33,0,33,0,.158,486,77,154,6,4,54,0,2,6,47,0,0,101,7,86,48,5,42,6,183,3,2.17,0.08,1.21,0.68,0.03,2.58,,,,,,
2025-26,wvball,Michigan Intercollegiate Athletic Association (MIAA),miaa,Adrian,"Sullivan, Kendall",Kendall,Sullivan,,4,"Sullivan, Kendall","SULLIVAN, KENDALL",Adrian,ADRIAN,1083-6268,55,13,3,0,3,0,-.111,36,8,4,54,3,247,0,8,24,144,0,0,119,14,84,0,0,0,0,12,0,0.07,0.98,1.53,0.00,0.15,0.22,,,,,,
2025-26,wvball,Michigan Intercollegiate Athletic Association (MIAA),miaa,Adrian,"Boehmer, Lauren",Lauren,Boehmer,,4,"Boehmer, Lauren","BOEHMER, LAUREN",Adrian,ADRIAN,1083-6260,68,8,6,0,6,0,.130,414,66,120,3,2,19,0,1,0,46,0,0,8,2,41,36,2,29,7,142.5,0,1.76,0.04,0.60,0.53,0.01,2.10,,,,,,
2025-26,wvball,Michigan Intercollegiate Athletic Association (MIAA),miaa,Adrian,"Kruse, Apryl",Apryl,Kruse,,4,"Kruse, Apryl","KRUSE, APRYL",Adrian,ADRIAN,1083-6263,8,0,23,0,23,0,.235,17,2,6,0,1,1,0,0,0,0,0,0,0,0,0,0,0,0,0,6,0,0.75,0.00,0.00,0.00,0.00,0.75,,,,,,
2025-26,wvball,Michigan Intercollegiate Athletic Association (MIAA),miaa,Adrian,"Kiser, Chloe",Chloe,Kiser,,4,"Kiser, Chloe","KISER, CHLOE",Adrian,ADRIAN,1083-6261,44,6,2,0,2,0,.050,40,5,7,134,9,499,0,2,3,67,0,0,1,0,50,9,2,8,1,14,1,0.16,3.05,1.14,0.20,0.05,0.32,,,,,,
2025-26,wvball,Michigan Intercollegiate Athletic Association (MIAA),miaa,Adrian,"Denny, Kaiya",Kaiya,Denny,,4,"Denny, Kaiya","DENNY, KAIYA",Adrian,ADRIAN,1083-13551,3,0,7,0,7,0,.000,0,0,0,0,0,0,0,0,0,2,0,0,9,0,2,0,0,0,0,0,0,0.00,0.00,0.67,0.00,0.00,0.00,,,,,,
2025-26,wvball,Michigan Intercollegiate Athletic Association (MIAA),miaa,Adrian,"Nicolanti, Kora",Kora,Nicolanti,,4,"Nicolanti, Kora","NICOLANTI, KORA",Adrian,ADRIAN,1083-6798,65,14,10,0,10,0,.043,256,32,43,6,3,61,0,15,14,207,0,0,360,23,161,1,0,1,0,58.5,1,0.66,0.09,2.48,0.02,0.23,0.90,,,,,,
2025-26,wvball,Michigan Intercollegiate Athletic Association (MIAA),miaa,Adrian,"Sipila, Lili",Lili,Sipila,,4,"Sipila, Lili","SIPILA, LILI",Adrian,ADRIAN,1083-6799,22,0,13,0,13,0,.000,1,0,0,5,0,19,0,0,2,30,0,0,26,2,20,0,0,0,0,0,0,0.00,0.23,0.91,0.00,0.00,0.00,,,,,,
2025-26,wvball,Michigan Intercollegiate Athletic Association (MIAA),miaa,Adrian,"Acre, Ava",Ava,Acre,,4,"Acre, Ava","ACRE, AVA",Adrian,ADRIAN,1083-6800,5,1,1,0,1,0,.167,12,3,5,3,0,5,0,1,0,7,0,0,0,0,3,0,0,0,0,6,0,1.00,0.60,0.60,0.00,0.20,1.20,,,,,,
2025-26,wvball,Michigan Intercollegiate Athletic Association (MIAA),miaa,Adrian,"Shaw, Laci",Laci,Shaw,,4,"Shaw, Laci","SHAW, LACI",Adrian,ADRIAN,1083-7098,2,0,14,0,14,0,.000,0,0,0,0,0,2,0,0,1,3,0,0,0,0,0,0,0,0,0,0,0,0.00,0.00,0.00,0.00,0.00,0.00,,,,,,
2025-26,wvball,Michigan Intercollegiate Athletic Association (MIAA),miaa,Adrian,"Smith, Kendall",Kendall,Smith,,4,"Smith, Kendall","SMITH, KENDALL",Adrian,ADRIAN,1083-13560,5,0,9,0,9,0,.000,0,0,0,0,0,1,0,1,1,8,0,0,0,0,1,0,0,0,0,1,0,0.00,0.00,0.20,0.00,0.20,0.20,,,,,,
2025-26,wvball,Michigan Intercollegiate Athletic Association (MIAA),miaa,Adrian,"Oertel, Peyton",Peyton,Oertel,,4,"Oertel, Peyton","OERTEL, PEYTON",Adrian,ADRIAN,1083-6803,22,8,34,0,34,0,.020,51,12,13,2,0,8,0,0,0,0,0,0,2,0,3,12,1,10,2,20,1,0.59,0.09,0.14,0.55,0.00,0.91,,,,,,
2025-26,wvball,Michigan Intercollegiate Athletic Association (MIAA),miaa,Adrian,"Atherton, Rainie",Rainie,Atherton,,4,"Atherton, Rainie","ATHERTON, RAINIE",Adrian,ADRIAN,1083-6804,73,1,8,0,8,0,-.087,23,4,2,32,4,184,0,11,20,167,0,0,313,20,245,0,0,0,0,13,0,0.03,0.44,3.36,0.00,0.15,0.18,,,,,,
2025-26,wvball,Michigan Intercollegiate Athletic Association (MIAA),miaa,Adrian,"Hendricks, Addison",Addison,Hendricks,,4,"Hendricks, Addison","HENDRICKS, ADDISON",Adrian,ADRIAN,1083-13556,11,6,12,0,12,0,-.067,15,5,4,0,0,1,0,0,0,0,0,0,3,0,1,6,1,5,1,7.5,1,0.36,0.00,0.09,0.55,0.00,0.68,,,,,,
2025-26,wvball,Michigan Intercollegiate Athletic Association (MIAA),miaa,Adrian,"Gramlich, Julia",Julia,Gramlich,,4,"Gramlich, Julia","GRAMLICH, JULIA",Adrian,ADRIAN,1083-13552,1,0,15,0,15,0,.000,0,0,0,0,0,0,0,0,0,0,0,0,0,0,0,0,0,0,0,0.0,0,0.00,0.00,0.00,0.00,0.00,0.00,,,,,,
2025-26,wvball,Michigan Intercollegiate Athletic Association (MIAA),miaa,Adrian,"Heath, Clara",Clara,Heath,,4,"Heath, Clara","HEATH, CLARA",Adrian,ADRIAN,1083-13555,0,0,16,0,16,0,,,,,,,,,,,,,,,,,,,,,,,0,0,0,0,0,0,,,,,,
2025-26,wvball,Michigan Intercollegiate Athletic Association (MIAA),miaa,Adrian,"Brooks, Morgan",Morgan,Brooks,,4,"Brooks, Morgan","BROOKS, MORGAN",Adrian,ADRIAN,1083-13549,1,1,17,0,17,0,.000,1,0,0,1,0,1,0,0,1,1,0,0,8,1,1,0,0,0,0,0.0,0,0.00,1.00,1.00,0.00,0.00,0.00,,,,,,
2025-26,wvball,Michigan Intercollegiate Athletic Association (MIAA),miaa,Adrian,"Bouma, Hope",Hope,Bouma,,4,"Bouma, Hope","BOUMA, HOPE",Adrian,ADRIAN,1083-13548,20,0,20,0,20,0,.000,2,0,0,5,0,22,0,4,0,33,0,0,29,2,11,0,0,0,0,4,0,0.00,0.25,0.55,0.00,0.20,0.20,,,,,,
2025-26,wvball,Michigan Intercollegiate Athletic Association (MIAA),miaa,Adrian,"Haddad, Sasha",Sasha,Haddad,,4,"Haddad, Sasha","HADDAD, SASHA",Adrian,ADRIAN,1083-13553,0,0,24,0,24,0,,,,,,,,,,,,,,,,,,,,,,,0,0,0,0,0,0,,,,,,
2025-26,wvball,Michigan Intercollegiate Athletic Association (MIAA),miaa,Adrian,"Leinberger, Emma",Emma,Leinberger,,4,"Leinberger, Emma","LEINBERGER, EMMA",Adrian,ADRIAN,1083-13559,52,19,26,0,26,0,.106,85,8,17,319,17,1158,0,15,9,179,0,0,2,0,109,6,0,6,0,35,3,0.33,6.13,2.10,0.12,0.29,0.67,,,,,,
2025-26,wvball,Michigan Intercollegiate Athletic Association (MIAA),miaa,Adrian,"Kilbarger, Lauren",Lauren,Kilbarger,,4,"Kilbarger, Lauren","KILBARGER, LAUREN",Adrian,ADRIAN,1083-13557,9,4,28,0,28,0,.188,32,5,11,0,0,4,0,0,0,1,0,0,0,0,2,6,0,5,1,14.5,0,1.22,0.00,0.22,0.67,0.00,1.61,,,,,,
2025-26,wvball,Michigan Intercollegiate Athletic Association (MIAA),miaa,Adrian,"Budzynski, Khloe",Khloe,Budzynski,,4,"Budzynski, Khloe","BUDZYNSKI, KHLOE",Adrian,ADRIAN,1083-13550,42,8,4,0,4,0,.076,316,72,96,3,2,36,0,7,13,100,0,0,125,9,56,9,0,7,2,108.5,1,2.29,0.07,1.33,0.21,0.17,2.58,,,,,,
2025-26,wvball,Michigan Intercollegiate Athletic Association (MIAA),miaa,Adrian,"O'Shaughnessy, Avery",Avery,O'Shaughnessy,,4,"O'Shaughnessy, Avery","O'SHAUGHNESSY, AVERY",Adrian,ADRIAN,1083-13558,42,15,31,0,31,0,.161,137,26,48,0,3,14,0,1,3,15,0,0,0,0,10,27,6,22,5,65,0,1.14,0.00,0.24,0.64,0.02,1.55,,,,,,
2025-26,wvball,Michigan Intercollegiate Athletic Association (MIAA),miaa,Adrian,"Rowan, Virginia",Virginia,Rowan,,4,"Rowan, Virginia","ROWAN, VIRGINIA",Adrian,ADRIAN,1083-6267,56,11,18,0,18,0,.093,461,79,122,4,1,41,0,8,13,97,0,0,208,12,113,15,3,11,4,139.5,0,2.18,0.07,2.02,0.27,0.14,2.49,,,,,,
