season,sport,conference,conference_code,team,player_name,first_name,last_name,position,team_code,name,checkname,linkup_name,games_played,games_started,uniform,year,team_name,team_id,sdrm_id,goal_stats_shootout_goals,goal_stats_free_positiong_goals,goal_stats_game_tying_goals,goal_stats_empty_net_goals,goal_stats_overtime_goals,goal_stats_first_goals,goal_stats_unassisted_goals,goal_stats_short_handed_goals,goal_stats_power_play_goals,goal_stats_game_winning_goals,goal_stats_hat_tricks,penalty_stats_number,penalty_stats_minutes,penalty_stats_fouls,penalty_stats_misc10,penalty_stats_miscgame,penalty_stats_miscgross,penalty_stats_match,penalty_stats_major,penalty_stats_minor,misc_stats_faceoffs_won,misc_stats_faceoffs_lost,misc_stats_total_faceoffs,misc_stats_faceoff_win_pct,misc_stats_faceoffs_won_pct,misc_stats_plus,misc_stats_minus,misc_stats_plusminus,misc_stats_blocks,goalie_stats,shot_stats_shots_on_goal,shot_stats_shots,shot_stats_points,shot_stats_assists,shot_stats_goals,shot_stats_shots_pct,shot_stats_penalty_shot_goals,shot_stats_penalty_shots_attempted,is_goalie,game,goalie_stats_games_played,goalie_stats_minutes,goalie_stats_goals_allowed,goalie_stats_saves,goalie_stats_saves_by_prd,goalie_stats_shutouts,goalie_stats_win,goalie_stats_loss,goalie_stats_tie,goalie_stats_powerplay_goals_allowed,goalie_stats_shorthanded_goals_allowed,goalie_stats_emptynet_goals_allowed,goalie_stats_save_pct,goalie_stats_games_started,goalie_stats_penalty_shot_goals_allowed,goalie_stats_shootout_goals_allowed,goalie_stats_goals_against_avg
2025-26,whockey,Minnesota Intercollegiate Athletic Conference (MIAC),miac,Augsburg,"Milota, Adelyn",Adelyn,Milota,0,38,"Milota, Adelyn","Milota,Adelyn",MilotaAdelynAUG,27,6,2,,Augsburg,AUG,1103-13266,0,,0,0,0,0,1,0,0,1,0,6,12:00,0,0,0,0,0,0,6,144,159,303,.475,1.10,17,9,8,6,,0,60,6,3,3,0.05,0,0,False,,,,,,,,,,,,,,,,,,
2025-26,whockey,Minnesota Intercollegiate Athletic Conference (MIAC),miac,Augsburg,"Olson, Ella",Ella,Olson,0,38,"Olson, Ella","Olson,Ella",OlsonEllaAUG,27,7,3,,Augsburg,AUG,1103-13104,0,,0,1,0,2,1,0,0,3,0,2,04:00,0,0,0,0,0,0,2,7,4,11,.636,0.57,26,5,21,24,,0,96,23,11,12,0.13,0,0,False,,,,,,,,,,,,,,,,,,
2025-26,whockey,Minnesota Intercollegiate Athletic Conference (MIAC),miac,Augsburg,"Wold, Lilli",Lilli,Wold,0,38,"Wold, Lilli","Wold,Lilli",WoldLilliAUG,26,1,5,,Augsburg,AUG,1103-13271,0,,0,0,0,1,0,0,0,1,0,3,06:00,0,0,0,0,0,0,3,0,1,1,.000,0,11,9,2,5,,0,21,3,2,1,0.05,0,0,False,,,,,,,,,,,,,,,,,,
2025-26,whockey,Minnesota Intercollegiate Athletic Conference (MIAC),miac,Augsburg,"Behr, Payton",Payton,Behr,0,38,"Behr, Payton","Behr,Payton",BehrPaytonAUG,27,13,6,,Augsburg,AUG,1103-13450,0,,0,0,0,2,0,0,3,1,0,1,02:00,0,0,0,0,0,0,1,0,0,0,NaN,0,34,10,24,17,,0,37,6,3,3,0.08,0,0,False,,,,,,,,,,,,,,,,,,
2025-26,whockey,Minnesota Intercollegiate Athletic Conference (MIAC),miac,Augsburg,"Mielke, Annika",Annika,Mielke,0,38,"Mielke, Annika","Mielke,Annika",MielkeAnnikaAUG,19,2,7,,Augsburg,AUG,1103-13265,0,,0,0,0,0,0,0,1,0,0,3,06:00,0,0,0,0,0,0,3,5,4,9,.556,0.80,6,6,0,8,,0,23,6,5,1,0.04,0,0,False,,,,,,,,,,,,,,,,,,
2025-26,whockey,Minnesota Intercollegiate Athletic Conference (MIAC),miac,Augsburg,"Simons, Abby",Abby,Simons,0,38,"Simons, Abby","Simons,Abby",SimonsAbbyAUG,23,0,8,,Augsburg,AUG,1103-13269,0,,0,0,0,0,0,0,0,0,0,2,04:00,0,0,0,0,0,0,2,0,0,0,NaN,0,8,2,6,4,,0,16,3,3,0,0.00,0,0,False,,,,,,,,,,,,,,,,,,
2025-26,whockey,Minnesota Intercollegiate Athletic Conference (MIAC),miac,Augsburg,"Brehm, Livia",Livia,Brehm,0,38,"Brehm, Livia","Brehm,Livia",BrehmLiviaAUG,20,2,9,,Augsburg,AUG,1103-13102,0,,0,0,0,0,0,0,0,0,0,0,00:00,0,0,0,0,0,0,0,87,90,177,.492,1.03,4,7,-3,5,,0,5,1,1,0,0.00,0,0,False,,,,,,,,,,,,,,,,,,
2025-26,whockey,Minnesota Intercollegiate Athletic Conference (MIAC),miac,Augsburg,"Allen, Jenna",Jenna,Allen,0,38,"Allen, Jenna","Allen,Jenna",AllenJennaAUG,25,5,10,,Augsburg,AUG,1103-13260,0,,0,1,1,3,2,0,1,1,0,0,00:00,0,0,0,0,0,0,0,0,0,0,NaN,0,20,7,13,19,,0,63,18,10,8,0.13,0,0,False,,,,,,,,,,,,,,,,,,
2025-26,whockey,Minnesota Intercollegiate Athletic Conference (MIAC),miac,Augsburg,"Eskin, Ruby",Ruby,Eskin,0,38,"Eskin, Ruby","Eskin,Ruby",EskinRubyAUG,27,10,11,,Augsburg,AUG,1103-13272,0,,0,0,0,0,0,0,1,1,0,5,10:00,0,0,0,0,0,0,5,241,182,423,.570,0.76,24,5,19,23,,0,54,13,10,3,0.06,0,0,False,,,,,,,,,,,,,,,,,,
2025-26,whockey,Minnesota Intercollegiate Athletic Conference (MIAC),miac,Augsburg,"Ries, Kelsi",Kelsi,Ries,0,38,"Ries, Kelsi","Ries,Kelsi",RiesKelsiAUG,26,1,12,,Augsburg,AUG,1103-13267,0,,0,0,0,0,0,0,0,0,0,0,00:00,0,0,0,0,0,0,0,0,0,0,NaN,0,10,17,-7,5,,0,21,4,4,0,0.00,0,0,False,,,,,,,,,,,,,,,,,,
2025-26,whockey,Minnesota Intercollegiate Athletic Conference (MIAC),miac,Augsburg,"Meier, Kennedy",Kennedy,Meier,0,38,"Meier, Kennedy","Meier,Kennedy",MeierKennedyAUG,0,0,13,,Augsburg,AUG,1103-13453,0,,0,0,0,0,0,0,0,0,0,0,00:00,0,0,0,0,0,0,0,0,0,0,NaN,0,0,0,0,0,,0,0,0,0,0,0.00,0,0,False,,,,,,,,,,,,,,,,,,
2025-26,whockey,Minnesota Intercollegiate Athletic Conference (MIAC),miac,Augsburg,"Grundhoffer, Molly",Molly,Grundhoffer,0,38,"Grundhoffer, Molly","Grundhoffer,Molly",GrundhofferMollyAUG,26,5,14,,Augsburg,AUG,1103-13263,0,,0,0,0,0,0,0,0,1,0,5,10:00,0,0,0,0,0,0,5,0,3,3,.000,0,11,8,3,11,,0,44,4,3,1,0.02,0,0,False,,,,,,,,,,,,,,,,,,
2025-26,whockey,Minnesota Intercollegiate Athletic Conference (MIAC),miac,Augsburg,"Stewart, Tenley",Tenley,Stewart,0,38,"Stewart, Tenley","Stewart,Tenley",StewartTenleyAUG,27,9,15,,Augsburg,AUG,1103-12902,0,,0,0,0,0,0,0,1,2,0,1,02:00,0,0,0,0,0,0,1,0,0,0,NaN,0,11,14,-3,29,,0,42,4,2,2,0.05,0,0,False,,,,,,,,,,,,,,,,,,
2025-26,whockey,Minnesota Intercollegiate Athletic Conference (MIAC),miac,Augsburg,"Haug, Kate",Kate,Haug,0,38,"Haug, Kate","Haug,Kate",HaugKateAUG,26,13,16,,Augsburg,AUG,1103-13264,0,,0,1,0,1,1,0,2,2,0,1,02:00,0,0,0,0,0,0,1,1,1,2,.500,1.00,23,13,10,7,,0,70,20,9,11,0.16,0,0,False,,,,,,,,,,,,,,,,,,
2025-26,whockey,Minnesota Intercollegiate Athletic Conference (MIAC),miac,Augsburg,"Schoeberl, Emily",Emily,Schoeberl,0,38,"Schoeberl, Emily","Schoeberl,Emily",SchoeberlEmilyAUG,27,7,17,,Augsburg,AUG,1103-12900,0,,0,0,0,0,0,0,0,1,1,2,04:00,0,0,0,0,0,0,2,201,185,386,.521,0.92,18,10,8,25,,0,33,6,2,4,0.12,0,0,False,,,,,,,,,,,,,,,,,,
2025-26,whockey,Minnesota Intercollegiate Athletic Conference (MIAC),miac,Augsburg,"Matson, Gaby",Gaby,Matson,0,38,"Matson, Gaby","Matson,Gaby",MatsonGabyAUG,23,3,18,,Augsburg,AUG,1103-13452,0,,0,0,0,0,0,0,0,0,0,2,04:00,0,0,0,0,0,0,2,46,54,100,.460,1.17,8,6,2,7,,0,17,1,0,1,0.06,0,0,False,,,,,,,,,,,,,,,,,,
2025-26,whockey,Minnesota Intercollegiate Athletic Conference (MIAC),miac,Augsburg,"Abrahamson, Emma",Emma,Abrahamson,0,38,"Abrahamson, Emma","Abrahamson,Emma",AbrahamsonEmmaAUG,27,11,20,,Augsburg,AUG,1103-13100,0,,0,0,1,4,1,0,1,1,0,8,16:00,0,0,0,0,0,0,8,70,33,103,.680,0.47,17,9,8,5,,0,67,16,10,6,0.09,0,0,False,,,,,,,,,,,,,,,,,,
2025-26,whockey,Minnesota Intercollegiate Athletic Conference (MIAC),miac,Augsburg,"Stepan, Nora",Nora,Stepan,0,38,"Stepan, Nora","Stepan,Nora",StepanNoraAUG,27,15,21,,Augsburg,AUG,1103-12901,0,,0,0,0,4,2,0,4,4,0,5,10:00,0,0,0,0,0,0,5,1,1,2,.500,1.00,41,14,27,18,,0,128,32,15,17,0.13,0,0,False,,,,,,,,,,,,,,,,,,
2025-26,whockey,Minnesota Intercollegiate Athletic Conference (MIAC),miac,Augsburg,"Schulte, Aunna",Aunna,Schulte,0,38,"Schulte, Aunna","Schulte,Aunna",SchulteAunnaAUG,27,9,22,,Augsburg,AUG,1103-13268,0,,0,0,0,0,1,0,3,2,0,2,04:00,0,0,0,0,0,0,2,4,3,7,.571,0.75,19,10,9,5,,0,77,23,13,10,0.13,0,0,False,,,,,,,,,,,,,,,,,,
2025-26,whockey,Minnesota Intercollegiate Athletic Conference (MIAC),miac,Augsburg,"Brandenburger, Emma",Emma,Brandenburger,0,38,"Brandenburger, Emma","Brandenburger,Emma",BrandenburgerEmmaAUG,27,12,23,,Augsburg,AUG,1103-13261,0,,0,0,0,0,0,0,0,0,0,3,06:00,0,0,0,0,0,0,3,0,0,0,NaN,0,12,6,6,7,,0,32,6,5,1,0.03,0,0,False,,,,,,,,,,,,,,,,,,
2025-26,whockey,Minnesota Intercollegiate Athletic Conference (MIAC),miac,Augsburg,"Diesing, Mei",Mei,Diesing,0,38,"Diesing, Mei","Diesing,Mei",DiesingMeiAUG,27,4,27,,Augsburg,AUG,1103-13262,0,,0,0,0,0,0,0,0,0,0,6,12:00,0,0,0,0,0,0,6,0,0,0,NaN,0,10,3,7,14,,0,20,2,2,0,0.00,0,0,False,,,,,,,,,,,,,,,,,,
2025-26,whockey,Minnesota Intercollegiate Athletic Conference (MIAC),miac,Augsburg,"Lafferty, Lauren",Lauren,Lafferty,0,38,"Lafferty, Lauren","Lafferty,Lauren",LaffertyLaurenAUG,7,2,1,,Augsburg,AUG,1103-13451,0,,0,0,0,0,0,0,0,0,0,0,00:00,0,0,0,0,0,0,0,0,0,0,NaN,0,0,0,0,0,,0,0,0,0,0,0.00,0,0,True,,7,125:00,2,25,0000,0,1,0,1,1,0,0,.926,2,0,0,0.96
2025-26,whockey,Minnesota Intercollegiate Athletic Conference (MIAC),miac,Augsburg,"Simonson, Kayla",Kayla,Simonson,0,38,"Simonson, Kayla","Simonson,Kayla",SimonsonKaylaAUG,15,11,30,,Augsburg,AUG,1103-13270,0,,0,0,0,0,0,0,0,0,0,0,00:00,0,0,0,0,0,0,0,0,0,0,NaN,0,0,0,0,0,,0,0,0,0,0,0.00,0,0,True,,15,710:48,25,256,0000,0,1,1,0,5,1,0,.911,11,0,0,2.11
2025-26,whockey,Minnesota Intercollegiate Athletic Conference (MIAC),miac,Augsburg,"Paaske, Marissa",Marissa,Paaske,0,38,"Paaske, Marissa","Paaske,Marissa",PaaskeMarissaAUG,15,14,35,,Augsburg,AUG,1103-12899,0,,0,0,0,0,0,0,0,0,0,0,00:00,0,0,0,0,0,0,0,0,0,0,NaN,0,0,0,0,0,,0,0,1,1,0,0.00,0,0,True,,15,785:03,16,279,556396396,5,1,1,0,4,1,0,.946,14,0,0,1.22
2025-26,whockey,Minnesota Intercollegiate Athletic Conference (MIAC),miac,Bethel,"O'Connor, Maddi",Maddi,O'Connor,0,60,"O'Connor, Maddi","O'Connor,Maddi",O'ConnorMaddiBET,26,14,2,,Bethel,BET,1104-7518,0,,0,1,0,1,2,1,0,1,0,7,14:00,0,0,0,0,0,0,7,259,203,462,.561,0.78,17,11,6,11,,0,54,9,4,5,0.09,0,0,False,,,,,,,,,,,,,,,,,,
2025-26,whockey,Minnesota Intercollegiate Athletic Conference (MIAC),miac,Bethel,"Kissell, Rylen",Rylen,Kissell,0,60,"Kissell, Rylen","Kissell,Rylen",KissellRylenBET,26,2,3,,Bethel,BET,1104-8050,0,,1,0,0,2,0,0,1,2,0,2,04:00,0,0,0,0,0,0,2,1,5,6,.167,5.00,16,8,8,2,,0,76,15,8,7,0.09,0,0,False,,,,,,,,,,,,,,,,,,
2025-26,whockey,Minnesota Intercollegiate Athletic Conference (MIAC),miac,Bethel,"Hoerer, Alison",Alison,Hoerer,0,60,"Hoerer, Alison","Hoerer,Alison",HoererAlisonBET,26,5,4,,Bethel,BET,1104-7664,0,,0,0,0,0,0,0,0,0,0,0,00:00,0,0,0,0,0,0,0,14,20,34,.412,1.43,5,12,-7,5,,0,16,3,1,2,0.13,0,0,False,,,,,,,,,,,,,,,,,,
2025-26,whockey,Minnesota Intercollegiate Athletic Conference (MIAC),miac,Bethel,"Helget, Julia",Julia,Helget,0,60,"Helget, Julia","Helget,Julia",HelgetJuliaBET,26,13,5,,Bethel,BET,1104-7520,0,,0,0,0,0,0,0,1,2,0,6,12:00,0,0,0,0,0,0,6,0,0,0,NaN,0,19,14,5,13,,0,39,7,3,4,0.10,0,0,False,,,,,,,,,,,,,,,,,,
2025-26,whockey,Minnesota Intercollegiate Athletic Conference (MIAC),miac,Bethel,"Tinkle, Maddie",Maddie,Tinkle,0,60,"Tinkle, Maddie","Tinkle,Maddie",TinkleMaddieBET,25,0,6,,Bethel,BET,1104-7854,0,,0,0,0,0,0,0,0,0,0,1,02:00,0,0,0,0,0,0,1,0,0,0,NaN,0,6,9,-3,8,,0,14,1,0,1,0.07,0,0,False,,,,,,,,,,,,,,,,,,
2025-26,whockey,Minnesota Intercollegiate Athletic Conference (MIAC),miac,Bethel,"Sellner, Evie",Evie,Sellner,0,60,"Sellner, Evie","Sellner,Evie",SellnerEvieBET,25,7,7,,Bethel,BET,1104-7668,0,,0,0,0,0,0,0,0,0,0,2,04:00,0,0,0,0,0,0,2,6,30,36,.167,5.00,9,15,-6,19,,0,29,4,4,0,0.00,0,0,False,,,,,,,,,,,,,,,,,,
2025-26,whockey,Minnesota Intercollegiate Athletic Conference (MIAC),miac,Bethel,"Hulke, Afton",Afton,Hulke,0,60,"Hulke, Afton","Hulke,Afton",HulkeAftonBET,26,11,9,,Bethel,BET,1104-8049,0,,0,0,0,0,0,0,0,0,0,3,06:00,0,0,0,0,0,0,3,0,0,0,NaN,0,22,10,12,21,,0,61,8,7,1,0.02,0,0,False,,,,,,,,,,,,,,,,,,
2025-26,whockey,Minnesota Intercollegiate Athletic Conference (MIAC),miac,Bethel,"Baillif, Kristi",Kristi,Baillif,0,60,"Baillif, Kristi","Baillif,Kristi",BaillifKristiBET,26,4,12,,Bethel,BET,1104-8047,0,,0,0,0,0,0,0,0,0,0,12,24:00,0,0,0,0,0,0,12,57,44,101,.564,0.77,13,14,-1,6,,0,19,3,3,0,0.00,0,0,False,,,,,,,,,,,,,,,,,,
2025-26,whockey,Minnesota Intercollegiate Athletic Conference (MIAC),miac,Bethel,"Jackson, Trinity",Trinity,Jackson,0,60,"Jackson, Trinity","Jackson,Trinity",JacksonTrinityBET,25,9,13,,Bethel,BET,1104-7666,0,,0,0,0,0,0,0,0,0,0,6,12:00,0,0,0,0,0,0,6,1,0,1,1.000,100,16,19,-3,16,,0,44,6,5,1,0.02,0,0,False,,,,,,,,,,,,,,,,,,
2025-26,whockey,Minnesota Intercollegiate Athletic Conference (MIAC),miac,Bethel,"Martin, Olivia",Olivia,Martin,0,60,"Martin, Olivia","Martin,Olivia",MartinOliviaBET,26,11,14,,Bethel,BET,1104-8051,0,,0,0,0,0,0,0,0,1,0,7,14:00,0,0,0,0,0,0,7,0,0,0,NaN,0,24,8,16,18,,0,73,13,12,1,0.01,0,0,False,,,,,,,,,,,,,,,,,,
2025-26,whockey,Minnesota Intercollegiate Athletic Conference (MIAC),miac,Bethel,"Olson, Siri",Siri,Olson,0,60,"Olson, Siri","Olson,Siri",OlsonSiriBET,26,9,15,,Bethel,BET,1104-7852,0,,0,0,0,0,0,0,1,0,0,1,02:00,0,0,0,0,0,0,1,0,2,2,.000,0,16,13,3,34,,0,49,8,7,1,0.02,0,0,False,,,,,,,,,,,,,,,,,,
2025-26,whockey,Minnesota Intercollegiate Athletic Conference (MIAC),miac,Bethel,"Abrahamson Tibbetts, Kallie",Kallie,Abrahamson Tibbetts,0,60,"Abrahamson Tibbetts, Kallie","Abrahamson Tibbetts,Kallie",AbrahamsonTibbettsKallieBET,26,14,16,,Bethel,BET,1104-7523,0,,1,1,0,2,2,0,3,3,0,3,06:00,0,0,0,0,0,0,3,14,12,26,.538,0.86,20,8,12,8,,0,70,19,8,11,0.16,0,0,False,,,,,,,,,,,,,,,,,,
2025-26,whockey,Minnesota Intercollegiate Athletic Conference (MIAC),miac,Bethel,"Martin, Sophie",Sophie,Martin,0,60,"Martin, Sophie","Martin,Sophie",MartinSophieBET,24,2,17,,Bethel,BET,1104-8052,0,,0,0,0,3,0,0,2,1,1,4,08:00,0,0,0,0,0,0,4,0,1,1,.000,0,19,9,10,11,,0,73,16,8,8,0.11,0,0,False,,,,,,,,,,,,,,,,,,
2025-26,whockey,Minnesota Intercollegiate Athletic Conference (MIAC),miac,Bethel,"McKinnon, Malia",Malia,McKinnon,0,60,"McKinnon, Malia","McKinnon,Malia",McKinnonMaliaBET,26,2,20,,Bethel,BET,1104-7667,0,,0,0,0,2,0,1,1,1,0,2,04:00,0,0,0,0,0,0,2,220,215,435,.506,0.98,17,8,9,2,,0,51,9,3,6,0.12,0,0,False,,,,,,,,,,,,,,,,,,
2025-26,whockey,Minnesota Intercollegiate Athletic Conference (MIAC),miac,Bethel,"Schuster, Maddy",Maddy,Schuster,0,60,"Schuster, Maddy","Schuster,Maddy",SchusterMaddyBET,25,1,21,,Bethel,BET,1104-7860,0,,0,0,0,0,0,0,0,0,0,5,10:00,0,0,0,0,0,0,5,8,9,17,.471,1.13,2,12,-10,6,,0,23,0,0,0,0.00,0,0,False,,,,,,,,,,,,,,,,,,
2025-26,whockey,Minnesota Intercollegiate Athletic Conference (MIAC),miac,Bethel,"McQuay, Amelia",Amelia,McQuay,0,60,"McQuay, Amelia","McQuay,Amelia",McQuayAmeliaBET,26,9,25,,Bethel,BET,1104-8053,0,,0,1,0,2,2,1,1,1,1,6,12:00,0,0,0,0,0,0,6,1,6,7,.143,6.00,16,13,3,4,,0,51,11,4,7,0.14,0,0,False,,,,,,,,,,,,,,,,,,
2025-26,whockey,Minnesota Intercollegiate Athletic Conference (MIAC),miac,Bethel,"VanDenBerg, Brayley",Brayley,VanDenBerg,0,60,"VanDenBerg, Brayley","VanDenBerg,Brayley",VanDenBergBrayleyBET,23,0,26,,Bethel,BET,1104-8054,0,,0,0,0,0,0,0,0,0,0,0,00:00,0,0,0,0,0,0,0,0,4,4,.000,0,3,6,-3,2,,0,8,3,2,1,0.13,0,0,False,,,,,,,,,,,,,,,,,,
2025-26,whockey,Minnesota Intercollegiate Athletic Conference (MIAC),miac,Bethel,"Velasco Vincent, Beth",Beth,Velasco Vincent,0,60,"Velasco Vincent, Beth","Velasco Vincent,Beth",VelascoVincentBethBET,26,7,27,,Bethel,BET,1104-7514,0,,0,0,1,0,1,0,0,1,0,5,10:00,0,0,0,0,0,0,5,15,14,29,.517,0.93,14,9,5,1,,0,43,9,4,5,0.12,0,0,False,,,,,,,,,,,,,,,,,,
2025-26,whockey,Minnesota Intercollegiate Athletic Conference (MIAC),miac,Bethel,"Lubken, Myla",Myla,Lubken,0,60,"Lubken, Myla","Lubken,Myla",LubkenMylaBET,26,10,29,,Bethel,BET,1104-7851,0,,0,0,0,1,1,0,1,1,0,4,11:00,0,0,0,0,0,1,3,132,130,262,.504,0.98,17,6,11,4,,0,36,14,9,5,0.14,0,0,False,,,,,,,,,,,,,,,,,,
2025-26,whockey,Minnesota Intercollegiate Athletic Conference (MIAC),miac,Bethel,"Brennan, Ava",Ava,Brennan,0,60,"Brennan, Ava","Brennan,Ava",BrennanAvaBET,13,2,1,,Bethel,BET,1104-8048,0,,0,0,0,0,0,0,0,0,0,0,00:00,0,0,0,0,0,0,0,0,0,0,NaN,0,0,0,0,0,,0,0,0,0,0,0.00,0,0,True,,13,119:52,5,28,0000,0,1,0,0,1,0,0,.848,2,0,0,2.50
2025-26,whockey,Minnesota Intercollegiate Athletic Conference (MIAC),miac,Bethel,"Holman, Lexi",Lexi,Holman,0,60,"Holman, Lexi","Holman,Lexi",HolmanLexiBET,7,2,35,,Bethel,BET,1104-7665,0,,0,0,0,0,0,0,0,0,0,0,00:00,0,0,0,0,0,0,0,0,0,0,NaN,0,0,0,0,0,,0,0,0,0,0,0.00,0,0,True,,7,138:57,6,38,0000,0,1,1,0,1,0,0,.864,2,0,0,2.59
2025-26,whockey,Minnesota Intercollegiate Athletic Conference (MIAC),miac,Bethel,"Gustafson Hess, Ashley",Ashley,Gustafson Hess,0,60,"Gustafson Hess, Ashley","Gustafson Hess,Ashley",GustafsonHessAshleyBET,22,22,50,,Bethel,BET,1104-7519,0,,0,0,0,0,0,0,0,0,0,0,00:00,0,0,0,0,0,0,0,0,0,0,NaN,0,0,0,0,0,,0,0,1,1,0,0.00,0,0,True,,22,1303:48,38,545,521052105210,3,1,1,1,7,0,0,.935,22,0,0,1.75
2025-26,whockey,Minnesota Intercollegiate Athletic Conference (MIAC),miac,Bethel,"Doppelhammer, Rachel",Rachel,Doppelhammer,0,60,"Doppelhammer, Rachel","Doppelhammer,Rachel",DoppelhammerRachelBET,7,0,30,,Bethel,BET,1104-8111,0,,0,0,0,0,0,0,0,0,0,0,00:00,0,0,0,0,0,0,0,0,0,0,NaN,0,0,0,0,0,,0,0,0,0,0,0.00,0,0,True,,7,00:00,0,0,0000,0,0,0,0,0,0,0,.000,0,0,0,0.00
2025-26,whockey,Minnesota Intercollegiate Athletic Conference (MIAC),miac,Concordia,"Skogman, Madilyn",Madilyn,Skogman,0,161,"Skogman, Madilyn","Skogman,Madilyn",SkogmanMadilynCon,24,1,2,,Concordia,Con,0,0,,0,0,0,0,0,0,0,0,0,1,02:00,0,0,0,0,0,0,1,66,71,137,.482,1.08,9,18,-9,12,,0,27,3,2,1,0.04,0,0,False,,,,,,,,,,,,,,,,,,
2025-26,whockey,Minnesota Intercollegiate Athletic Conference (MIAC),miac,Concordia,"Hauskins, Keira",Keira,Hauskins,0,161,"Hauskins, Keira","Hauskins,Keira",HauskinsKeiraCon,23,1,3,,Concordia,Con,0,0,,0,0,0,0,0,0,0,0,0,2,04:00,0,0,0,0,0,0,2,0,0,0,NaN,0,5,11,-6,6,,0,16,3,2,1,0.06,0,0,False,,,,,,,,,,,,,,,,,,
2025-26,whockey,Minnesota Intercollegiate Athletic Conference (MIAC),miac,Concordia,"Huseth, Kylie",Kylie,Huseth,0,161,"Huseth, Kylie","Huseth,Kylie",HusethKylieCon,25,21,4,,Concordia,Con,0,0,,0,0,0,0,0,0,0,0,0,20,40:00,0,0,0,0,0,0,20,0,0,0,NaN,0,19,28,-9,21,,0,32,11,10,1,0.03,0,0,False,,,,,,,,,,,,,,,,,,
2025-26,whockey,Minnesota Intercollegiate Athletic Conference (MIAC),miac,Concordia,"Hentges, Molly",Molly,Hentges,0,161,"Hentges, Molly","Hentges,Molly",HentgesMollyCon,2,0,5,,Concordia,Con,0,0,,0,0,0,0,0,0,0,0,0,0,00:00,0,0,0,0,0,0,0,0,0,0,NaN,0,0,1,-1,0,,0,1,0,0,0,0.00,0,0,False,,,,,,,,,,,,,,,,,,
2025-26,whockey,Minnesota Intercollegiate Athletic Conference (MIAC),miac,Concordia,"Emineth, Allie",Allie,Emineth,0,161,"Emineth, Allie","Emineth,Allie",EminethAllieCon,25,15,6,,Concordia,Con,0,0,,0,0,0,0,0,0,0,0,0,2,04:00,0,0,0,0,0,0,2,0,1,1,.000,0,21,23,-2,20,,0,44,12,10,2,0.05,0,0,False,,,,,,,,,,,,,,,,,,
2025-26,whockey,Minnesota Intercollegiate Athletic Conference (MIAC),miac,Concordia,"Reule, Abbey",Abbey,Reule,0,161,"Reule, Abbey","Reule,Abbey",ReuleAbbeyCon,17,2,7,,Concordia,Con,0,0,,0,0,0,1,0,0,2,0,0,1,02:00,0,0,0,0,0,0,1,111,109,220,.505,0.98,6,14,-8,4,,0,31,3,1,2,0.06,0,0,False,,,,,,,,,,,,,,,,,,
2025-26,whockey,Minnesota Intercollegiate Athletic Conference (MIAC),miac,Concordia,"Nelson, Anna",Anna,Nelson,0,161,"Nelson, Anna","Nelson,Anna",NelsonAnnaCon,25,4,8,,Concordia,Con,0,0,,0,1,0,1,2,2,0,1,0,5,10:00,0,0,0,0,0,0,5,127,203,330,.385,1.60,18,22,-4,20,,0,56,14,7,7,0.13,0,0,False,,,,,,,,,,,,,,,,,,
2025-26,whockey,Minnesota Intercollegiate Athletic Conference (MIAC),miac,Concordia,"Mertens, Memphis",Memphis,Mertens,0,161,"Mertens, Memphis","Mertens,Memphis",MertensMemphisCon,25,10,9,,Concordia,Con,0,0,,0,1,0,1,1,0,2,0,0,10,20:00,0,0,0,0,0,0,10,17,16,33,.515,0.94,12,33,-21,9,,0,78,17,10,7,0.09,0,0,False,,,,,,,,,,,,,,,,,,
2025-26,whockey,Minnesota Intercollegiate Athletic Conference (MIAC),miac,Concordia,"Lanctot, Lila",Lila,Lanctot,0,161,"Lanctot, Lila","Lanctot,Lila",LanctotLilaCon,25,2,10,,Concordia,Con,0,0,,0,0,0,0,0,0,1,0,0,1,02:00,0,0,0,0,0,0,1,2,2,4,.500,1.00,4,14,-10,4,,0,20,2,1,1,0.05,0,0,False,,,,,,,,,,,,,,,,,,
2025-26,whockey,Minnesota Intercollegiate Athletic Conference (MIAC),miac,Concordia,"Lloyd, Jaclyn",Jaclyn,Lloyd,0,161,"Lloyd, Jaclyn","Lloyd,Jaclyn",LloydJaclynCon,25,17,11,,Concordia,Con,0,0,,0,0,0,0,0,0,0,1,0,18,36:00,0,0,0,0,0,0,18,0,0,0,NaN,0,16,28,-12,22,,0,41,13,9,4,0.10,0,0,False,,,,,,,,,,,,,,,,,,
2025-26,whockey,Minnesota Intercollegiate Athletic Conference (MIAC),miac,Concordia,"Novotny, Lily",Lily,Novotny,0,161,"Novotny, Lily","Novotny,Lily",NovotnyLilyCon,7,0,12,,Concordia,Con,0,0,,0,0,0,0,0,0,0,0,0,0,00:00,0,0,0,0,0,0,0,0,0,0,NaN,0,0,2,-2,1,,0,2,0,0,0,0.00,0,0,False,,,,,,,,,,,,,,,,,,
2025-26,whockey,Minnesota Intercollegiate Athletic Conference (MIAC),miac,Concordia,"Borreson, Keira",Keira,Borreson,0,161,"Borreson, Keira","Borreson,Keira",BorresonKeiraCon,23,1,14,,Concordia,Con,0,0,,0,0,0,0,0,0,0,0,0,9,18:00,0,0,0,0,0,0,9,0,2,2,.000,0,7,15,-8,14,,0,5,0,0,0,0.00,0,0,False,,,,,,,,,,,,,,,,,,
2025-26,whockey,Minnesota Intercollegiate Athletic Conference (MIAC),miac,Concordia,"Robinson, Mia",Mia,Robinson,0,161,"Robinson, Mia","Robinson,Mia",RobinsonMiaCon,0,0,15,,Concordia,Con,0,0,,0,0,0,0,0,0,0,0,0,0,00:00,0,0,0,0,0,0,0,0,0,0,NaN,0,0,0,0,0,,0,0,0,0,0,0.00,0,0,False,,,,,,,,,,,,,,,,,,
2025-26,whockey,Minnesota Intercollegiate Athletic Conference (MIAC),miac,Concordia,"Hoff, Livia",Livia,Hoff,0,161,"Hoff, Livia","Hoff,Livia",HoffLiviaCon,17,0,16,,Concordia,Con,0,0,,0,0,0,0,0,0,0,0,0,2,04:00,0,0,0,0,0,0,2,0,0,0,NaN,0,1,6,-5,1,,0,1,0,0,0,0.00,0,0,False,,,,,,,,,,,,,,,,,,
2025-26,whockey,Minnesota Intercollegiate Athletic Conference (MIAC),miac,Concordia,"Cope, Taylyn",Taylyn,Cope,0,161,"Cope, Taylyn","Cope,Taylyn",CopeTaylynCon,25,18,17,,Concordia,Con,0,0,,0,1,0,1,0,0,3,1,0,10,20:00,0,0,0,0,0,0,10,11,6,17,.647,0.55,16,23,-7,18,,0,82,21,9,12,0.15,0,0,False,,,,,,,,,,,,,,,,,,
2025-26,whockey,Minnesota Intercollegiate Athletic Conference (MIAC),miac,Concordia,"Moos, Addie",Addie,Moos,0,161,"Moos, Addie","Moos,Addie",MoosAddieCon,25,3,18,,Concordia,Con,0,0,,0,0,0,1,2,0,4,4,0,2,04:00,0,0,0,0,0,0,2,32,29,61,.525,0.91,16,18,-2,13,,0,74,17,7,10,0.14,0,0,False,,,,,,,,,,,,,,,,,,
2025-26,whockey,Minnesota Intercollegiate Athletic Conference (MIAC),miac,Concordia,"Kropp, Siena",Siena,Kropp,0,161,"Kropp, Siena","Kropp,Siena",KroppSienaCon,23,6,19,,Concordia,Con,0,0,,0,0,0,0,0,0,0,0,0,1,02:00,0,0,0,0,0,0,1,0,0,0,NaN,0,12,17,-5,16,,0,30,4,4,0,0.00,0,0,False,,,,,,,,,,,,,,,,,,
2025-26,whockey,Minnesota Intercollegiate Athletic Conference (MIAC),miac,Concordia,"Iverson, Camryn",Camryn,Iverson,0,161,"Iverson, Camryn","Iverson,Camryn",IversonCamrynCon,16,0,21,,Concordia,Con,0,0,,0,0,0,0,0,0,0,0,0,0,00:00,0,0,0,0,0,0,0,0,0,0,NaN,0,0,1,-1,1,,0,0,0,0,0,0.00,0,0,False,,,,,,,,,,,,,,,,,,
2025-26,whockey,Minnesota Intercollegiate Athletic Conference (MIAC),miac,Concordia,"Sauvageau, Morgan",Morgan,Sauvageau,0,161,"Sauvageau, Morgan","Sauvageau,Morgan",SauvageauMorganCon,25,20,22,,Concordia,Con,0,0,,0,0,0,2,0,0,4,1,0,4,08:00,0,0,0,0,0,0,4,269,261,530,.508,0.97,16,27,-11,25,,0,86,18,12,6,0.07,0,0,False,,,,,,,,,,,,,,,,,,
2025-26,whockey,Minnesota Intercollegiate Athletic Conference (MIAC),miac,Concordia,"Severson, Taylor",Taylor,Severson,0,161,"Severson, Taylor","Severson,Taylor",SeversonTaylorCon,25,2,23,,Concordia,Con,0,0,,0,0,0,1,0,0,0,0,0,4,08:00,0,0,0,0,0,0,4,1,1,2,.500,1.00,10,19,-9,11,,0,12,6,5,1,0.08,0,0,False,,,,,,,,,,,,,,,,,,
2025-26,whockey,Minnesota Intercollegiate Athletic Conference (MIAC),miac,Concordia,"Thoma, Brynn",Brynn,Thoma,0,161,"Thoma, Brynn","Thoma,Brynn",ThomaBrynnCon,16,0,25,,Concordia,Con,0,0,,0,0,0,0,0,0,0,0,0,0,00:00,0,0,0,0,0,0,0,0,7,7,.000,0,0,6,-6,0,,0,0,0,0,0,0.00,0,0,False,,,,,,,,,,,,,,,,,,
2025-26,whockey,Minnesota Intercollegiate Athletic Conference (MIAC),miac,Concordia,"Hauer, Sophie",Sophie,Hauer,0,161,"Hauer, Sophie","Hauer,Sophie",HauerSophieCon,23,2,26,,Concordia,Con,0,0,,0,0,0,0,0,0,0,0,0,0,00:00,0,0,0,0,0,0,0,0,0,0,NaN,0,5,17,-12,18,,0,11,0,0,0,0.00,0,0,False,,,,,,,,,,,,,,,,,,
2025-26,whockey,Minnesota Intercollegiate Athletic Conference (MIAC),miac,Concordia,"McClurg, Audrey",Audrey,McClurg,0,161,"McClurg, Audrey","McClurg,Audrey",McClurgAudreyCon,4,0,28,,Concordia,Con,0,0,,0,0,0,0,0,0,0,0,0,0,00:00,0,0,0,0,0,0,0,0,0,0,NaN,0,0,4,-4,4,,0,0,0,0,0,0.00,0,0,False,,,,,,,,,,,,,,,,,,
2025-26,whockey,Minnesota Intercollegiate Athletic Conference (MIAC),miac,Concordia,"Bailey, Hailee",Hailee,Bailey,0,161,"Bailey, Hailee","Bailey,Hailee",BaileyHaileeCon,11,5,1,,Concordia,Con,0,0,,0,0,0,0,0,0,0,0,0,1,02:00,0,0,0,0,0,0,1,0,0,0,NaN,0,0,0,0,0,,0,0,0,0,0,0.00,0,0,True,,11,309:53,20,137,1271012710127107116,0,1,1,0,3,0,0,.873,5,0,0,3.87
2025-26,whockey,Minnesota Intercollegiate Athletic Conference (MIAC),miac,Concordia,"Stephens, Kate",Kate,Stephens,0,161,"Stephens, Kate","Stephens,Kate",StephensKateCon,3,0,30,,Concordia,Con,0,0,,0,0,0,0,0,0,0,0,0,0,00:00,0,0,0,0,0,0,0,0,0,0,NaN,0,0,0,0,0,,0,0,0,0,0,0.00,0,0,True,,3,18:35,3,9,0000000,0,0,0,0,1,0,0,.750,0,0,0,9.69
2025-26,whockey,Minnesota Intercollegiate Athletic Conference (MIAC),miac,Concordia,"Kober, Grace",Grace,Kober,0,161,"Kober, Grace","Kober,Grace",KoberGraceCon,2,0,33,,Concordia,Con,0,0,,0,0,0,0,0,0,0,0,0,0,00:00,0,0,0,0,0,0,0,0,0,0,NaN,0,0,0,0,0,,0,0,0,0,0,0.00,0,0,True,,2,00:00,0,0,0000000,0,0,0,0,0,0,0,.000,0,0,0,0.00
2025-26,whockey,Minnesota Intercollegiate Athletic Conference (MIAC),miac,Concordia,"Huselid, Abby",Abby,Huselid,0,161,"Huselid, Abby","Huselid,Abby",HuselidAbbyCon,20,20,35,,Concordia,Con,0,0,,0,0,0,0,0,0,0,0,0,0,00:00,0,0,0,0,0,0,0,0,0,0,NaN,0,0,0,0,0,,0,0,0,0,0,0.00,0,0,True,,20,1162:24,60,590,0000000,0,1,1,0,12,1,0,.908,20,0,0,3.10
2025-26,whockey,Minnesota Intercollegiate Athletic Conference (MIAC),miac,Concordia,"Ruprecht, Teagan",Teagan,Ruprecht,0,161,"Ruprecht, Teagan","Ruprecht,Teagan",RuprechtTeaganCon,10,0,20,,Concordia,Con,0,0,,0,0,0,0,0,0,0,0,0,1,02:00,0,0,0,0,0,0,1,0,0,0,NaN,0,4,6,-2,5,,0,16,1,0,1,0.06,0,0,False,,,,,,,,,,,,,,,,,,
2025-26,whockey,Minnesota Intercollegiate Athletic Conference (MIAC),miac,Gustavus,"Mortenson, Lily",Lily,Mortenson,0,266,"Mortenson, Lily","Mortenson,Lily",MortensonLilyGAC,28,22,2,,Gustavus,GAC,1108-399,0,,0,2,2,3,1,1,4,3,0,11,22:00,0,0,0,0,0,0,11,312,211,523,.597,0.68,25,17,8,24,,0,127,28,17,11,0.09,0,0,False,,,,,,,,,,,,,,,,,,
2025-26,whockey,Minnesota Intercollegiate Athletic Conference (MIAC),miac,Gustavus,"Ackerman, Bauer",Bauer,Ackerman,0,266,"Ackerman, Bauer","Ackerman,Bauer",AckermanBauerGAC,12,0,3,,Gustavus,GAC,1108-9694,0,,0,0,0,0,1,0,0,1,0,3,06:00,0,0,0,0,0,0,3,0,0,0,NaN,0,11,3,8,5,,0,3,1,0,1,0.33,0,0,False,,,,,,,,,,,,,,,,,,
2025-26,whockey,Minnesota Intercollegiate Athletic Conference (MIAC),miac,Gustavus,"Woytcke, Kayla",Kayla,Woytcke,0,266,"Woytcke, Kayla","Woytcke,Kayla",WoytckeKaylaGAC,1,0,4,,Gustavus,GAC,1108-8708,0,,0,0,0,0,0,0,0,0,0,0,00:00,0,0,0,0,0,0,0,4,0,4,1.000,100,0,0,0,0,,0,0,0,0,0,0.00,0,0,False,,,,,,,,,,,,,,,,,,
2025-26,whockey,Minnesota Intercollegiate Athletic Conference (MIAC),miac,Gustavus,"Pizzimenti, Brooklyn",Brooklyn,Pizzimenti,0,266,"Pizzimenti, Brooklyn","Pizzimenti,Brooklyn",PizzimentiBrooklynGAC,0,0,5,,Gustavus,GAC,1108-9703,0,,0,0,0,0,0,0,0,0,0,0,00:00,0,0,0,0,0,0,0,0,0,0,NaN,0,0,0,0,0,,0,0,0,0,0,0.00,0,0,False,,,,,,,,,,,,,,,,,,
2025-26,whockey,Minnesota Intercollegiate Athletic Conference (MIAC),miac,Gustavus,"Bailey, Grace",Grace,Bailey,0,266,"Bailey, Grace","Bailey,Grace",BaileyGraceGAC,25,4,6,,Gustavus,GAC,1108-9695,0,,0,0,0,0,0,0,0,0,0,1,02:00,0,0,0,0,0,0,1,0,0,0,NaN,0,6,4,2,14,,0,14,0,0,0,0.00,0,0,False,,,,,,,,,,,,,,,,,,
2025-26,whockey,Minnesota Intercollegiate Athletic Conference (MIAC),miac,Gustavus,"Berggren, Lindsay",Lindsay,Berggren,0,266,"Berggren, Lindsay","Berggren,Lindsay",BerggrenLindsayGAC,26,2,7,,Gustavus,GAC,1108-404,0,,0,0,0,0,0,0,0,0,0,3,06:00,0,0,0,0,0,0,3,113,103,216,.523,0.91,8,9,-1,7,,0,39,1,1,0,0.00,0,0,False,,,,,,,,,,,,,,,,,,
2025-26,whockey,Minnesota Intercollegiate Athletic Conference (MIAC),miac,Gustavus,"Domschot, Talia",Talia,Domschot,0,266,"Domschot, Talia","Domschot,Talia",DomschotTaliaGAC,26,1,8,,Gustavus,GAC,1108-9647,0,,0,0,0,0,1,0,0,0,0,1,02:00,0,0,0,0,0,0,1,73,63,136,.537,0.86,6,9,-3,12,,0,32,3,2,1,0.03,0,0,False,,,,,,,,,,,,,,,,,,
2025-26,whockey,Minnesota Intercollegiate Athletic Conference (MIAC),miac,Gustavus,"Gasparini, Gianna",Gianna,Gasparini,0,266,"Gasparini, Gianna","Gasparini,Gianna",GaspariniGiannaGAC,23,0,9,,Gustavus,GAC,1108-406,0,,0,0,0,0,0,0,1,0,0,0,00:00,0,0,0,0,0,0,0,62,37,99,.626,0.60,3,4,-1,4,,0,20,2,1,1,0.05,0,0,False,,,,,,,,,,,,,,,,,,
2025-26,whockey,Minnesota Intercollegiate Athletic Conference (MIAC),miac,Gustavus,"Scott, Kylie",Kylie,Scott,0,266,"Scott, Kylie","Scott,Kylie",ScottKylieGAC,28,17,10,,Gustavus,GAC,1108-8697,0,,0,0,1,4,1,0,1,5,0,7,14:00,0,0,0,0,0,0,7,2,0,2,1.000,200,23,12,11,14,,0,85,18,8,10,0.12,0,0,False,,,,,,,,,,,,,,,,,,
2025-26,whockey,Minnesota Intercollegiate Athletic Conference (MIAC),miac,Gustavus,"Insley, Taylor",Taylor,Insley,0,266,"Insley, Taylor","Insley,Taylor",InsleyTaylorGAC,15,0,11,,Gustavus,GAC,1108-9698,0,,0,0,0,0,0,0,0,0,0,1,02:00,0,0,0,0,0,0,1,0,1,1,.000,0,4,5,-1,0,,0,19,4,2,2,0.11,0,0,False,,,,,,,,,,,,,,,,,,
2025-26,whockey,Minnesota Intercollegiate Athletic Conference (MIAC),miac,Gustavus,"Hemr, Noelle",Noelle,Hemr,0,266,"Hemr, Noelle","Hemr,Noelle",HemrNoelleGAC,28,12,12,,Gustavus,GAC,1108-9287,0,,0,0,1,3,1,1,2,2,0,1,02:00,0,0,0,0,0,0,1,5,7,12,.417,1.40,12,13,-1,11,,0,105,14,5,9,0.09,0,1,False,,,,,,,,,,,,,,,,,,
2025-26,whockey,Minnesota Intercollegiate Athletic Conference (MIAC),miac,Gustavus,"Landkammer, Roz",Roz,Landkammer,0,266,"Landkammer, Roz","Landkammer,Roz",LandkammerRozGAC,24,1,13,,Gustavus,GAC,1108-9700,0,,0,0,0,0,0,0,0,0,0,0,00:00,0,0,0,0,0,0,0,0,2,2,.000,0,5,5,0,2,,0,27,2,1,1,0.04,0,0,False,,,,,,,,,,,,,,,,,,
2025-26,whockey,Minnesota Intercollegiate Athletic Conference (MIAC),miac,Gustavus,"Perry, McKenzie",McKenzie,Perry,0,266,"Perry, McKenzie","Perry,McKenzie",PerryMcKenzieGAC,20,1,14,,Gustavus,GAC,1108-9702,0,,0,0,0,0,0,0,1,1,0,2,04:00,0,0,0,0,0,0,2,7,10,17,.412,1.43,1,2,-1,1,,0,15,2,1,1,0.07,0,0,False,,,,,,,,,,,,,,,,,,
2025-26,whockey,Minnesota Intercollegiate Athletic Conference (MIAC),miac,Gustavus,"Ligday, Kylie",Kylie,Ligday,0,266,"Ligday, Kylie","Ligday,Kylie",LigdayKylieGAC,28,20,15,,Gustavus,GAC,1108-8699,0,,0,0,0,0,0,0,1,0,0,5,10:00,0,0,0,0,0,0,5,1,2,3,.333,2.00,13,21,-8,20,,0,69,6,5,1,0.01,0,0,False,,,,,,,,,,,,,,,,,,
2025-26,whockey,Minnesota Intercollegiate Athletic Conference (MIAC),miac,Gustavus,"Schuck, Grace",Grace,Schuck,0,266,"Schuck, Grace","Schuck,Grace",SchuckGraceGAC,19,5,16,,Gustavus,GAC,1108-9290,0,,0,0,0,1,1,0,1,1,0,2,04:00,0,0,0,0,0,0,2,5,4,9,.556,0.80,6,5,1,3,,0,33,7,4,3,0.09,0,0,False,,,,,,,,,,,,,,,,,,
2025-26,whockey,Minnesota Intercollegiate Athletic Conference (MIAC),miac,Gustavus,"Nelson, Eva",Eva,Nelson,0,266,"Nelson, Eva","Nelson,Eva",NelsonEvaGAC,28,25,17,,Gustavus,GAC,1108-9291,0,,0,1,0,1,3,0,3,0,0,6,12:00,0,0,0,0,0,0,6,0,1,1,.000,0,13,11,2,11,,0,111,14,9,5,0.05,0,0,False,,,,,,,,,,,,,,,,,,
2025-26,whockey,Minnesota Intercollegiate Athletic Conference (MIAC),miac,Gustavus,"Roberts, Kaitlin",Kaitlin,Roberts,0,266,"Roberts, Kaitlin","Roberts,Kaitlin",RobertsKaitlinGAC,20,0,18,,Gustavus,GAC,1108-9292,0,,1,0,0,2,0,0,1,1,0,0,00:00,0,0,0,0,0,0,0,0,0,0,NaN,0,10,3,7,3,,0,39,7,4,3,0.08,0,0,False,,,,,,,,,,,,,,,,,,
2025-26,whockey,Minnesota Intercollegiate Athletic Conference (MIAC),miac,Gustavus,"Reinke, Makaela",Makaela,Reinke,0,266,"Reinke, Makaela","Reinke,Makaela",ReinkeMakaelaGAC,27,6,19,,Gustavus,GAC,1108-9704,0,,0,0,0,2,0,0,1,0,0,4,08:00,0,0,0,0,0,0,4,45,48,93,.484,1.07,3,5,-2,6,,0,67,4,2,2,0.03,0,0,False,,,,,,,,,,,,,,,,,,
2025-26,whockey,Minnesota Intercollegiate Athletic Conference (MIAC),miac,Gustavus,"Thompson, Hannah",Hannah,Thompson,0,266,"Thompson, Hannah","Thompson,Hannah",ThompsonHannahGAC,27,3,20,,Gustavus,GAC,1108-8701,0,,0,0,0,0,0,0,0,1,0,4,08:00,0,0,0,0,0,0,4,0,1,1,.000,0,13,19,-6,20,,0,34,1,0,1,0.03,0,0,False,,,,,,,,,,,,,,,,,,
2025-26,whockey,Minnesota Intercollegiate Athletic Conference (MIAC),miac,Gustavus,"Janssen, Macy",Macy,Janssen,0,266,"Janssen, Macy","Janssen,Macy",JanssenMacyGAC,28,5,21,,Gustavus,GAC,1108-8702,0,,0,0,0,0,0,0,0,0,0,6,12:00,0,0,0,0,0,0,6,0,1,1,.000,0,2,10,-8,8,,0,48,1,0,1,0.02,0,0,False,,,,,,,,,,,,,,,,,,
2025-26,whockey,Minnesota Intercollegiate Athletic Conference (MIAC),miac,Gustavus,"Braunshausen, Avery",Avery,Braunshausen,0,266,"Braunshausen, Avery","Braunshausen,Avery",BraunshausenAveryGAC,26,7,22,,Gustavus,GAC,1108-8703,0,,0,0,0,0,0,0,0,0,0,8,16:00,0,0,0,0,0,0,8,172,143,315,.546,0.83,9,11,-2,7,,0,30,7,6,1,0.03,0,0,False,,,,,,,,,,,,,,,,,,
2025-26,whockey,Minnesota Intercollegiate Athletic Conference (MIAC),miac,Gustavus,"Olson, Kayleigh",Kayleigh,Olson,0,266,"Olson, Kayleigh","Olson,Kayleigh",OlsonKayleighGAC,24,6,23,,Gustavus,GAC,1108-9701,0,,1,0,0,0,0,0,0,0,0,2,04:00,0,0,0,0,0,0,2,1,2,3,.333,2.00,8,14,-6,2,,0,39,4,2,2,0.05,0,0,False,,,,,,,,,,,,,,,,,,
2025-26,whockey,Minnesota Intercollegiate Athletic Conference (MIAC),miac,Gustavus,"Groebner, Ellie",Ellie,Groebner,0,266,"Groebner, Ellie","Groebner,Ellie",GroebnerEllieGAC,28,1,24,,Gustavus,GAC,1108-9293,0,,0,0,0,0,0,0,0,0,0,4,08:00,0,0,0,0,0,0,4,0,0,0,NaN,0,12,9,3,15,,0,20,2,2,0,0.00,0,0,False,,,,,,,,,,,,,,,,,,
2025-26,whockey,Minnesota Intercollegiate Athletic Conference (MIAC),miac,Gustavus,"Hansen, Aubrey",Aubrey,Hansen,0,266,"Hansen, Aubrey","Hansen,Aubrey",HansenAubreyGAC,18,2,25,,Gustavus,GAC,1108-9696,0,,0,0,0,0,0,0,0,0,0,0,00:00,0,0,0,0,0,0,0,62,37,99,.626,0.60,1,4,-3,2,,0,15,0,0,0,0.00,0,0,False,,,,,,,,,,,,,,,,,,
2025-26,whockey,Minnesota Intercollegiate Athletic Conference (MIAC),miac,Gustavus,"Horschel, Linnell",Linnell,Horschel,0,266,"Horschel, Linnell","Horschel,Linnell",HorschelLinnellGAC,0,0,26,,Gustavus,GAC,1108-9697,0,,0,0,0,0,0,0,0,0,0,0,00:00,0,0,0,0,0,0,0,0,0,0,NaN,0,0,0,0,0,,0,0,0,0,0,0.00,0,0,False,,,,,,,,,,,,,,,,,,
2025-26,whockey,Minnesota Intercollegiate Athletic Conference (MIAC),miac,Gustavus,"Bronson, Claire",Claire,Bronson,0,266,"Bronson, Claire","Bronson,Claire",BronsonClaireGAC,18,2,1,,Gustavus,GAC,1108-9286,0,,0,0,0,0,0,0,0,0,0,0,00:00,0,0,0,0,0,0,0,0,0,0,NaN,0,0,0,0,0,,0,0,0,0,0,0.00,0,0,True,,19,142:47,7,41,0000,0,0,1,0,3,0,0,.854,2,0,0,2.94
2025-26,whockey,Minnesota Intercollegiate Athletic Conference (MIAC),miac,Gustavus,"Timmons, Lily",Lily,Timmons,0,266,"Timmons, Lily","Timmons,Lily",TimmonsLilyGAC,24,24,31,,Gustavus,GAC,1108-9294,0,,0,0,0,0,0,0,0,0,0,0,00:00,0,0,0,0,0,0,0,0,0,0,NaN,0,0,0,0,0,,0,0,0,0,0,0.00,0,0,True,,24,1434:29,36,496,0548,7,1,1,1,7,0,0,.932,24,0,0,1.51
2025-26,whockey,Minnesota Intercollegiate Athletic Conference (MIAC),miac,Gustavus,"Jovan, Ava",Ava,Jovan,0,266,"Jovan, Ava","Jovan,Ava",JovanAvaGAC,14,2,35,,Gustavus,GAC,1108-9699,0,,0,0,0,0,0,0,0,0,0,0,00:00,0,0,0,0,0,0,0,0,0,0,NaN,0,0,0,0,0,,0,0,1,1,0,0.00,0,0,True,,14,121:55,3,18,0000,0,1,0,0,1,1,0,.857,2,0,0,1.48
2025-26,whockey,Minnesota Intercollegiate Athletic Conference (MIAC),miac,Hamline,"Ramstorf, Emma",Emma,Ramstorf,0,268,"Ramstorf, Emma","Ramstorf,Emma",RamstorfEmmaHAM,23,0,2,,Hamline,HAM,1109-4844,0,,0,0,0,0,0,0,0,0,0,0,00:00,0,0,0,0,0,0,0,0,0,0,NaN,0,6,4,2,3,,0,9,2,2,0,0.00,0,0,False,,,,,,,,,,,,,,,,,,
2025-26,whockey,Minnesota Intercollegiate Athletic Conference (MIAC),miac,Hamline,"Chamernick, Abigail",Abigail,Chamernick,0,268,"Chamernick, Abigail","Chamernick,Abigail",ChamernickAbigailHAM,28,21,3,,Hamline,HAM,1109-4290,0,,0,0,0,3,0,0,3,1,1,6,12:00,0,0,0,0,0,0,6,0,1,1,.000,0,47,17,30,41,,0,118,33,22,11,0.09,0,0,False,,,,,,,,,,,,,,,,,,
2025-26,whockey,Minnesota Intercollegiate Athletic Conference (MIAC),miac,Hamline,"Mehta, Annabel",Annabel,Mehta,0,268,"Mehta, Annabel","Mehta,Annabel",MehtaAnnabelHAM,28,3,4,,Hamline,HAM,1109-4339,0,,0,0,0,4,3,2,0,2,0,5,10:00,0,0,0,0,0,0,5,0,1,1,.000,0,26,11,15,12,,0,72,16,6,10,0.14,0,0,False,,,,,,,,,,,,,,,,,,
2025-26,whockey,Minnesota Intercollegiate Athletic Conference (MIAC),miac,Hamline,"Ryskamp, Iyla",Iyla,Ryskamp,0,268,"Ryskamp, Iyla","Ryskamp,Iyla",RyskampIylaHAM,28,19,5,,Hamline,HAM,1109-4474,0,,0,0,1,0,2,0,3,1,1,2,04:00,0,0,0,0,0,0,2,258,211,469,.550,0.82,25,14,11,18,,0,93,19,11,8,0.09,0,0,False,,,,,,,,,,,,,,,,,,
2025-26,whockey,Minnesota Intercollegiate Athletic Conference (MIAC),miac,Hamline,"Lindgren, Annika",Annika,Lindgren,0,268,"Lindgren, Annika","Lindgren,Annika",LindgrenAnnikaHAM,28,5,7,,Hamline,HAM,1109-4134,0,,0,0,0,1,0,0,0,0,0,5,10:00,0,0,0,0,0,0,5,20,57,77,.260,2.85,26,12,14,4,,0,32,12,5,7,0.22,0,0,False,,,,,,,,,,,,,,,,,,
2025-26,whockey,Minnesota Intercollegiate Athletic Conference (MIAC),miac,Hamline,"Newpower, Ellie",Ellie,Newpower,0,268,"Newpower, Ellie","Newpower,Ellie",NewpowerEllieHAM,28,7,8,,Hamline,HAM,1109-4845,0,,0,0,0,2,2,0,0,2,0,5,10:00,0,0,0,0,0,0,5,0,0,0,NaN,0,44,19,25,42,,0,75,19,12,7,0.09,0,0,False,,,,,,,,,,,,,,,,,,
2025-26,whockey,Minnesota Intercollegiate Athletic Conference (MIAC),miac,Hamline,"Abrahamson, Ashlyn",Ashlyn,Abrahamson,0,268,"Abrahamson, Ashlyn","Abrahamson,Ashlyn",AbrahamsonAshlynHAM,28,18,9,,Hamline,HAM,1109-4506,0,,0,2,1,1,4,0,5,2,0,0,00:00,0,0,0,0,0,0,0,36,16,52,.692,0.44,24,17,7,7,,0,108,28,15,13,0.12,0,0,False,,,,,,,,,,,,,,,,,,
2025-26,whockey,Minnesota Intercollegiate Athletic Conference (MIAC),miac,Hamline,"Martin, Averie",Averie,Martin,0,268,"Martin, Averie","Martin,Averie",MartinAverieHAM,28,21,10,,Hamline,HAM,1109-4501,0,,0,0,0,0,0,0,0,0,0,14,28:00,0,0,0,0,0,0,14,2,0,2,1.000,100,37,13,24,37,,0,29,10,10,0,0.00,0,0,False,,,,,,,,,,,,,,,,,,
2025-26,whockey,Minnesota Intercollegiate Athletic Conference (MIAC),miac,Hamline,"Hornung, Ella",Ella,Hornung,0,268,"Hornung, Ella","Hornung,Ella",HornungEllaHAM,4,0,11,,Hamline,HAM,1109-4846,0,,0,0,0,0,0,0,0,0,0,0,00:00,0,0,0,0,0,0,0,0,0,0,NaN,0,0,0,0,1,,0,6,0,0,0,0.00,0,0,False,,,,,,,,,,,,,,,,,,
2025-26,whockey,Minnesota Intercollegiate Athletic Conference (MIAC),miac,Hamline,"Peterson, Macy",Macy,Peterson,0,268,"Peterson, Macy","Peterson,Macy",PetersonMacyHAM,27,1,12,,Hamline,HAM,1109-4847,0,,0,0,0,0,0,0,0,1,0,4,08:00,0,0,0,0,0,0,4,152,125,277,.549,0.82,15,6,9,8,,0,18,8,7,1,0.06,0,0,False,,,,,,,,,,,,,,,,,,
2025-26,whockey,Minnesota Intercollegiate Athletic Conference (MIAC),miac,Hamline,"Svajgl, Lily",Lily,Svajgl,0,268,"Svajgl, Lily","Svajgl,Lily",SvajglLilyHAM,26,0,13,,Hamline,HAM,1109-4504,0,,0,0,0,0,0,0,0,0,0,9,18:00,0,0,0,0,0,0,9,0,0,0,NaN,0,22,7,15,5,,0,14,1,1,0,0.00,0,0,False,,,,,,,,,,,,,,,,,,
2025-26,whockey,Minnesota Intercollegiate Athletic Conference (MIAC),miac,Hamline,"Rothe, Ella",Ella,Rothe,0,268,"Rothe, Ella","Rothe,Ella",RotheEllaHAM,28,0,14,,Hamline,HAM,1109-4848,0,,0,0,0,2,1,0,4,1,0,6,12:00,0,0,0,0,0,0,6,65,54,119,.546,0.83,19,8,11,2,,0,55,16,6,10,0.18,0,0,False,,,,,,,,,,,,,,,,,,
2025-26,whockey,Minnesota Intercollegiate Athletic Conference (MIAC),miac,Hamline,"Sandy, Kaiya",Kaiya,Sandy,0,268,"Sandy, Kaiya","Sandy,Kaiya",SandyKaiyaHAM,28,4,15,,Hamline,HAM,1109-4849,0,,0,0,0,1,1,0,0,0,0,2,04:00,0,0,0,0,0,0,2,69,61,130,.531,0.88,31,6,25,13,,0,36,16,12,4,0.11,0,0,False,,,,,,,,,,,,,,,,,,
2025-26,whockey,Minnesota Intercollegiate Athletic Conference (MIAC),miac,Hamline,"Thorson, Nina",Nina,Thorson,0,268,"Thorson, Nina","Thorson,Nina",ThorsonNinaHAM,28,7,17,,Hamline,HAM,1109-4850,0,,0,0,0,2,2,0,3,5,0,3,06:00,0,0,0,0,0,0,3,14,15,29,.483,1.07,33,11,22,3,,0,84,26,10,16,0.19,0,0,False,,,,,,,,,,,,,,,,,,
2025-26,whockey,Minnesota Intercollegiate Athletic Conference (MIAC),miac,Hamline,"Hornstein, Lauren",Lauren,Hornstein,0,268,"Hornstein, Lauren","Hornstein,Lauren",HornsteinLaurenHAM,17,0,18,,Hamline,HAM,1109-4851,0,,0,0,0,0,0,0,0,0,0,0,00:00,0,0,0,0,0,0,0,0,0,0,NaN,0,1,0,1,0,,0,2,0,0,0,0.00,0,0,False,,,,,,,,,,,,,,,,,,
2025-26,whockey,Minnesota Intercollegiate Athletic Conference (MIAC),miac,Hamline,"Halweg, Emma",Emma,Halweg,0,268,"Halweg, Emma","Halweg,Emma",HalwegEmmaHAM,17,0,19,,Hamline,HAM,1109-4852,0,,0,0,0,0,0,0,0,0,0,0,00:00,0,0,0,0,0,0,0,0,0,0,NaN,0,1,0,1,1,,0,0,0,0,0,0.00,0,0,False,,,,,,,,,,,,,,,,,,
2025-26,whockey,Minnesota Intercollegiate Athletic Conference (MIAC),miac,Hamline,"Delmonico, Grace",Grace,Delmonico,0,268,"Delmonico, Grace","Delmonico,Grace",DelmonicoGraceHAM,28,15,22,,Hamline,HAM,1109-4853,0,,0,0,0,2,2,0,1,2,0,6,12:00,0,0,0,0,0,0,6,92,82,174,.529,0.89,27,13,14,7,,0,95,24,12,12,0.13,0,1,False,,,,,,,,,,,,,,,,,,
2025-26,whockey,Minnesota Intercollegiate Athletic Conference (MIAC),miac,Hamline,"Belisle, Maddy",Maddy,Belisle,0,268,"Belisle, Maddy","Belisle,Maddy",BelisleMaddyHAM,28,7,24,,Hamline,HAM,1109-4854,0,,0,1,0,1,2,1,0,1,0,5,10:00,0,0,0,0,0,0,5,0,0,0,NaN,0,33,19,14,26,,0,47,8,4,4,0.09,0,0,False,,,,,,,,,,,,,,,,,,
2025-26,whockey,Minnesota Intercollegiate Athletic Conference (MIAC),miac,Hamline,"Peterson, Calie",Calie,Peterson,0,268,"Peterson, Calie","Peterson,Calie",PetersonCalieHAM,28,7,26,,Hamline,HAM,1109-4545,0,,0,1,0,1,1,0,1,1,1,11,22:00,0,0,0,0,0,0,11,9,14,23,.391,1.56,15,11,4,7,,0,92,7,1,6,0.07,0,0,False,,,,,,,,,,,,,,,,,,
2025-26,whockey,Minnesota Intercollegiate Athletic Conference (MIAC),miac,Hamline,"Klemz, Brooke",Brooke,Klemz,0,268,"Klemz, Brooke","Klemz,Brooke",KlemzBrookeHAM,28,5,27,,Hamline,HAM,1109-4505,0,,0,1,0,1,1,1,0,2,0,10,20:00,0,0,0,0,0,0,10,152,166,318,.478,1.09,38,11,27,10,,0,60,24,15,9,0.15,0,0,False,,,,,,,,,,,,,,,,,,
2025-26,whockey,Minnesota Intercollegiate Athletic Conference (MIAC),miac,Hamline,"Peterson, Hannah",Hannah,Peterson,0,268,"Peterson, Hannah","Peterson,Hannah",PetersonHannahHAM,23,0,28,,Hamline,HAM,1109-4855,0,,0,0,0,0,0,0,0,0,0,1,02:00,0,0,0,0,0,0,1,10,5,15,.667,0.50,10,2,8,3,,0,14,3,3,0,0.00,0,0,False,,,,,,,,,,,,,,,,,,
2025-26,whockey,Minnesota Intercollegiate Athletic Conference (MIAC),miac,Hamline,"Marston, Maya",Maya,Marston,0,268,"Marston, Maya","Marston,Maya",MarstonMayaHAM,17,0,30,,Hamline,HAM,1109-4856,0,,0,0,0,0,0,0,0,0,0,0,00:00,0,0,0,0,0,0,0,0,0,0,NaN,0,0,0,0,0,,0,0,0,0,0,0.00,0,0,True,,17,25:28,1,9,0000000000,0,0,0,0,0,0,0,.900,0,0,0,2.36
2025-26,whockey,Minnesota Intercollegiate Athletic Conference (MIAC),miac,Hamline,"Nordick, Kendra",Kendra,Nordick,0,268,"Nordick, Kendra","Nordick,Kendra",NordickKendraHAM,23,18,33,,Hamline,HAM,1109-4139,0,,0,0,0,0,0,0,0,0,0,0,00:00,0,0,0,0,0,0,0,0,0,0,NaN,0,0,0,0,0,,0,0,0,0,0,0.00,0,0,True,,23,1077:49,34,382,0400388994,3,1,1,0,7,0,0,.918,18,0,0,1.89
2025-26,whockey,Minnesota Intercollegiate Athletic Conference (MIAC),miac,Hamline,"Powell, Harper",Harper,Powell,0,268,"Powell, Harper","Powell,Harper",PowellHarperHAM,22,10,35,,Hamline,HAM,1109-4502,0,,0,0,0,0,0,0,0,0,0,0,00:00,0,0,0,0,0,0,0,0,0,0,NaN,0,0,0,0,0,,0,0,0,0,0,0.00,0,0,True,,22,579:51,14,198,155155000000,2,1,1,1,1,0,0,.934,10,0,0,1.45
2025-26,whockey,Minnesota Intercollegiate Athletic Conference (MIAC),miac,Saint Benedict,"Pelton-Byce, Kaya",Kaya,Pelton-Byce,0,595,"Pelton-Byce, Kaya","Pelton-Byce,Kaya",Pelton-ByceKayaCSB,24,1,2,,Saint Benedict,CSB,1111-7793,0,,0,0,0,0,0,1,1,0,0,2,04:00,0,0,0,0,0,0,2,23,31,54,.426,1.35,7,4,3,1,,0,10,3,1,2,0.20,0,0,False,,,,,,,,,,,,,,,,,,
2025-26,whockey,Minnesota Intercollegiate Athletic Conference (MIAC),miac,Saint Benedict,"Hargreaves, Camryn",Camryn,Hargreaves,0,595,"Hargreaves, Camryn","Hargreaves,Camryn",HargreavesCamrynCSB,28,4,3,,Saint Benedict,CSB,1111-8309,0,,0,1,0,0,2,0,0,0,0,3,06:00,0,0,0,0,0,0,3,2,2,4,.500,1.00,19,14,5,11,,0,53,15,8,7,0.13,0,0,False,,,,,,,,,,,,,,,,,,
2025-26,whockey,Minnesota Intercollegiate Athletic Conference (MIAC),miac,Saint Benedict,"Siska, Helena",Helena,Siska,0,595,"Siska, Helena","Siska,Helena",SiskaHelenaCSB,28,3,4,,Saint Benedict,CSB,1111-8594,0,,0,1,0,3,1,1,1,2,1,6,12:00,0,0,0,0,0,0,6,236,258,494,.478,1.09,31,15,16,18,,0,77,22,10,12,0.16,0,0,False,,,,,,,,,,,,,,,,,,
2025-26,whockey,Minnesota Intercollegiate Athletic Conference (MIAC),miac,Saint Benedict,"Jusczak, Jorja",Jorja,Jusczak,0,595,"Jusczak, Jorja","Jusczak,Jorja",JusczakJorjaCSB,28,8,5,,Saint Benedict,CSB,1111-8312,0,,0,0,0,1,1,1,1,1,0,11,22:00,0,0,0,0,0,0,11,1,6,7,.143,6.00,17,9,8,11,,0,69,9,3,6,0.09,0,0,False,,,,,,,,,,,,,,,,,,
2025-26,whockey,Minnesota Intercollegiate Athletic Conference (MIAC),miac,Saint Benedict,"Delich, Merrill",Merrill,Delich,0,595,"Delich, Merrill","Delich,Merrill",DelichMerrillCSB,28,10,7,,Saint Benedict,CSB,1111-8475,0,,0,0,0,1,1,0,3,0,0,11,22:00,0,0,0,0,0,0,11,0,0,0,NaN,0,28,14,14,12,,0,51,14,10,4,0.08,0,0,False,,,,,,,,,,,,,,,,,,
2025-26,whockey,Minnesota Intercollegiate Athletic Conference (MIAC),miac,Saint Benedict,"Salscheider, Skylar",Skylar,Salscheider,0,595,"Salscheider, Skylar","Salscheider,Skylar",SalscheiderSkylarCSB,28,13,8,,Saint Benedict,CSB,1111-8327,0,,0,0,0,0,0,0,0,0,0,9,18:00,0,0,0,0,0,0,9,0,0,0,NaN,0,20,14,6,35,,0,40,6,6,0,0.00,0,0,False,,,,,,,,,,,,,,,,,,
2025-26,whockey,Minnesota Intercollegiate Athletic Conference (MIAC),miac,Saint Benedict,"Bimberg, Jamie",Jamie,Bimberg,0,595,"Bimberg, Jamie","Bimberg,Jamie",BimbergJamieCSB,28,10,9,,Saint Benedict,CSB,1111-7796,0,,0,0,0,0,0,0,0,0,0,1,02:00,0,0,0,0,0,0,1,0,0,0,NaN,0,22,11,11,15,,0,23,6,5,1,0.04,0,0,False,,,,,,,,,,,,,,,,,,
2025-26,whockey,Minnesota Intercollegiate Athletic Conference (MIAC),miac,Saint Benedict,"Bellmont, Charlotte",Charlotte,Bellmont,0,595,"Bellmont, Charlotte","Bellmont,Charlotte",BellmontCharlotteCSB,6,0,10,,Saint Benedict,CSB,1111-8586,0,,0,0,0,0,0,0,0,0,0,2,04:00,0,0,0,0,0,0,2,0,1,1,.000,0,0,1,-1,0,,0,0,0,0,0,0.00,0,0,False,,,,,,,,,,,,,,,,,,
2025-26,whockey,Minnesota Intercollegiate Athletic Conference (MIAC),miac,Saint Benedict,"Lopez, Mia",Mia,Lopez,0,595,"Lopez, Mia","Lopez,Mia",LopezMiaCSB,28,6,11,,Saint Benedict,CSB,1111-7797,0,,0,0,0,0,0,0,0,1,0,5,10:00,0,0,0,0,0,0,5,171,236,407,.420,1.38,15,13,2,8,,0,38,8,6,2,0.05,0,0,False,,,,,,,,,,,,,,,,,,
2025-26,whockey,Minnesota Intercollegiate Athletic Conference (MIAC),miac,Saint Benedict,"Lewis, Chloe",Chloe,Lewis,0,595,"Lewis, Chloe","Lewis,Chloe",LewisChloeCSB,22,19,12,,Saint Benedict,CSB,1111-7798,0,,0,0,0,1,0,0,2,1,0,3,06:00,0,0,0,0,0,0,3,222,210,432,.514,0.95,17,9,8,19,,0,31,9,6,3,0.10,0,0,False,,,,,,,,,,,,,,,,,,
2025-26,whockey,Minnesota Intercollegiate Athletic Conference (MIAC),miac,Saint Benedict,"Kraemer, Presley",Presley,Kraemer,0,595,"Kraemer, Presley","Kraemer,Presley",KraemerPresleyCSB,28,6,13,,Saint Benedict,CSB,1111-7799,0,,1,0,0,1,1,0,2,2,2,8,19:00,0,0,0,0,0,1,7,0,1,1,.000,0,19,13,6,30,,0,58,17,7,10,0.17,0,0,False,,,,,,,,,,,,,,,,,,
2025-26,whockey,Minnesota Intercollegiate Athletic Conference (MIAC),miac,Saint Benedict,"Hueller, Lexi",Lexi,Hueller,0,595,"Hueller, Lexi","Hueller,Lexi",HuellerLexiCSB,24,0,14,,Saint Benedict,CSB,1111-8590,0,,0,0,0,0,0,0,0,0,0,3,06:00,0,0,0,0,0,0,3,7,2,9,.778,0.29,5,3,2,0,,0,10,2,1,1,0.10,0,0,False,,,,,,,,,,,,,,,,,,
2025-26,whockey,Minnesota Intercollegiate Athletic Conference (MIAC),miac,Saint Benedict,"Vesper, Bailey",Bailey,Vesper,0,595,"Vesper, Bailey","Vesper,Bailey",VesperBaileyCSB,28,5,15,,Saint Benedict,CSB,1111-8595,0,,0,0,0,2,0,0,0,1,0,8,16:00,0,0,0,0,0,0,8,1,5,6,.167,5.00,19,10,9,12,,0,41,11,6,5,0.12,0,0,False,,,,,,,,,,,,,,,,,,
2025-26,whockey,Minnesota Intercollegiate Athletic Conference (MIAC),miac,Saint Benedict,"Robertson, Olivia",Olivia,Robertson,0,595,"Robertson, Olivia","Robertson,Olivia",RobertsonOliviaCSB,0,0,16,,Saint Benedict,CSB,1111-8593,0,,0,0,0,0,0,0,0,0,0,0,00:00,0,0,0,0,0,0,0,0,0,0,NaN,0,0,0,0,0,,0,0,0,0,0,0.00,0,0,False,,,,,,,,,,,,,,,,,,
2025-26,whockey,Minnesota Intercollegiate Athletic Conference (MIAC),miac,Saint Benedict,"Carlson, Tana",Tana,Carlson,0,595,"Carlson, Tana","Carlson,Tana",CarlsonTanaCSB,28,3,17,,Saint Benedict,CSB,1111-8587,0,,0,0,0,0,0,0,0,0,0,8,16:00,0,0,0,0,0,0,8,0,0,0,NaN,0,9,5,4,0,,0,20,4,3,1,0.05,0,0,False,,,,,,,,,,,,,,,,,,
2025-26,whockey,Minnesota Intercollegiate Athletic Conference (MIAC),miac,Saint Benedict,"Olson, Gabby",Gabby,Olson,0,595,"Olson, Gabby","Olson,Gabby",OlsonGabbyCSB,1,0,18,,Saint Benedict,CSB,1111-8592,0,,0,0,0,0,0,0,0,0,0,0,00:00,0,0,0,0,0,0,0,0,0,0,NaN,0,0,0,0,0,,0,0,0,0,0,0.00,0,0,False,,,,,,,,,,,,,,,,,,
2025-26,whockey,Minnesota Intercollegiate Athletic Conference (MIAC),miac,Saint Benedict,"Stinnett, Shae",Shae,Stinnett,0,595,"Stinnett, Shae","Stinnett,Shae",StinnettShaeCSB,28,19,20,,Saint Benedict,CSB,1111-8095,0,,0,0,0,4,2,0,0,4,0,4,08:00,0,0,0,0,0,0,4,11,7,18,.611,0.64,25,13,12,5,,0,80,18,8,10,0.13,0,0,False,,,,,,,,,,,,,,,,,,
2025-26,whockey,Minnesota Intercollegiate Athletic Conference (MIAC),miac,Saint Benedict,"Hardacre, Greer",Greer,Hardacre,0,595,"Hardacre, Greer","Hardacre,Greer",HardacreGreerCSB,22,1,22,,Saint Benedict,CSB,1111-8310,0,,0,0,0,0,0,0,0,0,0,2,04:00,0,0,0,0,0,0,2,0,1,1,.000,0,4,2,2,4,,0,7,1,1,0,0.00,0,0,False,,,,,,,,,,,,,,,,,,
2025-26,whockey,Minnesota Intercollegiate Athletic Conference (MIAC),miac,Saint Benedict,"Doyle, Renee",Renee,Doyle,0,595,"Doyle, Renee","Doyle,Renee",DoyleReneeCSB,13,0,23,,Saint Benedict,CSB,1111-8588,0,,0,0,0,0,0,0,0,1,0,4,08:00,0,0,0,0,0,0,4,25,32,57,.439,1.28,2,4,-2,1,,0,6,1,0,1,0.17,0,0,False,,,,,,,,,,,,,,,,,,
2025-26,whockey,Minnesota Intercollegiate Athletic Conference (MIAC),miac,Saint Benedict,"Flohrs, Regan",Regan,Flohrs,0,595,"Flohrs, Regan","Flohrs,Regan",FlohrsReganCSB,28,4,24,,Saint Benedict,CSB,1111-8589,0,,0,0,0,1,0,1,0,0,0,1,02:00,0,0,0,0,0,0,1,0,0,0,NaN,0,14,10,4,15,,0,21,7,6,1,0.05,0,0,False,,,,,,,,,,,,,,,,,,
2025-26,whockey,Minnesota Intercollegiate Athletic Conference (MIAC),miac,Saint Benedict,"Kleckner, Sasha",Sasha,Kleckner,0,595,"Kleckner, Sasha","Kleckner,Sasha",KlecknerSashaCSB,15,0,26,,Saint Benedict,CSB,1111-8308,0,,0,0,0,0,0,0,0,0,0,2,04:00,0,0,0,0,0,0,2,0,0,0,NaN,0,9,6,3,1,,0,1,3,3,0,0.00,0,0,False,,,,,,,,,,,,,,,,,,
2025-26,whockey,Minnesota Intercollegiate Athletic Conference (MIAC),miac,Saint Benedict,"Wendorf, Emily",Emily,Wendorf,0,595,"Wendorf, Emily","Wendorf,Emily",WendorfEmilyCSB,25,14,27,,Saint Benedict,CSB,1111-8097,0,,0,0,0,2,0,0,0,1,0,10,20:00,0,0,0,0,0,0,10,1,0,1,1.000,100,19,11,8,21,,0,50,9,7,2,0.04,0,0,False,,,,,,,,,,,,,,,,,,
2025-26,whockey,Minnesota Intercollegiate Athletic Conference (MIAC),miac,Saint Benedict,"Tuccitto, Ella",Ella,Tuccitto,0,595,"Tuccitto, Ella","Tuccitto,Ella",TuccittoEllaCSB,27,13,29,,Saint Benedict,CSB,1111-8306,0,,0,0,0,3,1,0,1,2,0,3,06:00,0,0,0,0,0,0,3,55,58,113,.487,1.05,19,15,4,7,,0,61,13,5,8,0.13,0,0,True,,0,00:00,0,0,0000,0,0,0,0,0,0,0,.000,0,0,0,0.00
2025-26,whockey,Minnesota Intercollegiate Athletic Conference (MIAC),miac,Saint Benedict,"Badali, Lexi",Lexi,Badali,0,595,"Badali, Lexi","Badali,Lexi",BadaliLexiCSB,22,22,1,,Saint Benedict,CSB,1111-8585,0,,0,0,0,0,0,0,0,0,0,0,00:00,0,0,0,0,0,0,0,0,0,0,NaN,0,0,0,0,0,,0,0,0,0,0,0.00,0,0,True,,22,1329:21,39,631,01114162,2,1,1,1,12,1,0,.942,22,0,0,1.76
2025-26,whockey,Minnesota Intercollegiate Athletic Conference (MIAC),miac,Saint Benedict,"Wuitschick, Savannah",Savannah,Wuitschick,0,595,"Wuitschick, Savannah","Wuitschick,Savannah",WuitschickSavannahCSB,9,2,30,,Saint Benedict,CSB,1111-8596,0,,0,0,0,0,0,0,0,0,0,0,00:00,0,0,0,0,0,0,0,0,0,0,NaN,0,0,0,0,0,,0,0,0,0,0,0.00,0,0,True,,9,128:16,1,34,0000,0,1,0,0,1,0,0,.971,2,0,0,0.47
2025-26,whockey,Minnesota Intercollegiate Athletic Conference (MIAC),miac,Saint Benedict,"Knutson, Sam",Sam,Knutson,0,595,"Knutson, Sam","Knutson,Sam",KnutsonSamCSB,9,3,31,,Saint Benedict,CSB,1111-8591,0,,0,0,0,0,0,0,0,0,0,0,00:00,0,0,0,0,0,0,0,0,0,0,NaN,0,0,0,0,0,,0,0,0,0,0,0.00,0,0,True,,9,182:07,11,54,0000,0,1,1,1,0,2,0,.831,3,0,0,3.62
2025-26,whockey,Minnesota Intercollegiate Athletic Conference (MIAC),miac,Saint Benedict,"Haack, Ellynor",Ellynor,Haack,0,595,"Haack, Ellynor","Haack,Ellynor",HaackEllynorCSB,3,1,33,,Saint Benedict,CSB,1111-7803,0,,0,0,0,0,0,0,0,0,0,0,00:00,0,0,0,0,0,0,0,0,0,0,NaN,0,0,0,0,0,,0,0,0,0,0,0.00,0,0,True,,3,60:00,0,10,0000,1,1,0,0,0,0,0,1.000,1,0,0,0.00
2025-26,whockey,Minnesota Intercollegiate Athletic Conference (MIAC),miac,Saint Benedict,"Kasick, Avery",Avery,Kasick,0,595,"Kasick, Avery","Kasick,Avery",KasickAveryCSB,14,1,18,,Saint Benedict,CSB,1111-8688,0,,0,0,0,0,0,0,0,0,0,0,00:00,0,0,0,0,0,0,0,0,2,2,.000,0,2,5,-3,10,,0,12,2,2,0,0.00,0,0,True,,0,00:00,0,0,0000,0,0,0,0,0,0,0,.000,0,0,0,0.00
2025-26,whockey,Minnesota Intercollegiate Athletic Conference (MIAC),miac,Saint Mary's,"Callander, Keeley",Keeley,Callander,0,612,"Callander, Keeley","Callander,Keeley",CallanderKeeleySMU,25,17,3,,Saint Mary's,SMU,1116-7187,0,,0,0,0,0,0,0,0,0,0,10,20:00,0,0,0,0,0,0,10,125,114,239,.523,0.91,11,19,-8,14,,0,39,4,2,2,0.05,0,0,False,,,,,,,,,,,,,,,,,,
2025-26,whockey,Minnesota Intercollegiate Athletic Conference (MIAC),miac,Saint Mary's,"Paul, Kylee",Kylee,Paul,0,612,"Paul, Kylee","Paul,Kylee",PaulKyleeSMU,18,0,4,,Saint Mary's,SMU,1116-7188,0,,0,0,0,0,0,0,0,0,0,0,00:00,0,0,0,0,0,0,0,0,0,0,NaN,0,2,6,-4,11,,0,7,1,1,0,0.00,0,0,False,,,,,,,,,,,,,,,,,,
2025-26,whockey,Minnesota Intercollegiate Athletic Conference (MIAC),miac,Saint Mary's,"Paduano, Sophia",Sophia,Paduano,0,612,"Paduano, Sophia","Paduano,Sophia",PaduanoSophiaSMU,25,17,5,,Saint Mary's,SMU,1116-6922,0,,0,0,0,4,1,1,2,2,0,1,02:00,0,0,0,0,0,0,1,41,49,90,.456,1.20,14,22,-8,20,,0,76,12,3,9,0.12,0,0,False,,,,,,,,,,,,,,,,,,
2025-26,whockey,Minnesota Intercollegiate Athletic Conference (MIAC),miac,Saint Mary's,"Knutson, Kali",Kali,Knutson,0,612,"Knutson, Kali","Knutson,Kali",KnutsonKaliSMU,14,0,6,,Saint Mary's,SMU,1116-7189,0,,0,0,0,0,0,0,0,0,0,0,00:00,0,0,0,0,0,0,0,16,36,52,.308,2.25,2,7,-5,0,,0,7,1,0,1,0.14,0,0,False,,,,,,,,,,,,,,,,,,
2025-26,whockey,Minnesota Intercollegiate Athletic Conference (MIAC),miac,Saint Mary's,"Norgren, Skye",Skye,Norgren,0,612,"Norgren, Skye","Norgren,Skye",NorgrenSkyeSMU,8,0,7,,Saint Mary's,SMU,1116-6923,0,,0,0,0,0,0,0,0,0,0,1,02:00,0,0,0,0,0,0,1,0,0,0,NaN,0,0,2,-2,3,,0,2,0,0,0,0.00,0,0,False,,,,,,,,,,,,,,,,,,
2025-26,whockey,Minnesota Intercollegiate Athletic Conference (MIAC),miac,Saint Mary's,"March, Alexa",Alexa,March,0,612,"March, Alexa","March,Alexa",MarchAlexaSMU,23,0,8,,Saint Mary's,SMU,1116-7120,0,,0,0,0,0,0,0,0,0,0,0,00:00,0,0,0,0,0,0,0,1,0,1,1.000,100,6,8,-2,12,,0,10,0,0,0,0.00,0,0,False,,,,,,,,,,,,,,,,,,
2025-26,whockey,Minnesota Intercollegiate Athletic Conference (MIAC),miac,Saint Mary's,"Koch, Mollie",Mollie,Koch,0,612,"Koch, Mollie","Koch,Mollie",KochMollieSMU,15,0,9,,Saint Mary's,SMU,1116-7190,0,,0,0,0,0,0,0,0,0,0,0,00:00,0,0,0,0,0,0,0,1,0,1,1.000,100,0,6,-6,2,,0,7,0,0,0,0.00,0,0,False,,,,,,,,,,,,,,,,,,
2025-26,whockey,Minnesota Intercollegiate Athletic Conference (MIAC),miac,Saint Mary's,"Norris, Isabelle",Isabelle,Norris,0,612,"Norris, Isabelle","Norris,Isabelle",NorrisIsabelleSMU,25,2,10,,Saint Mary's,SMU,1116-7119,0,,0,0,0,0,0,0,0,0,0,2,04:00,0,0,0,0,0,0,2,0,0,0,NaN,0,2,12,-10,10,,0,13,0,0,0,0.00,0,0,False,,,,,,,,,,,,,,,,,,
2025-26,whockey,Minnesota Intercollegiate Athletic Conference (MIAC),miac,Saint Mary's,"Hoffmann, Destinee",Destinee,Hoffmann,0,612,"Hoffmann, Destinee","Hoffmann,Destinee",HoffmannDestineeSMU,24,4,11,,Saint Mary's,SMU,1116-7191,0,,0,0,0,0,0,0,0,1,0,4,08:00,0,0,0,0,0,0,4,0,0,0,NaN,0,8,21,-13,38,,0,28,2,1,1,0.04,0,0,False,,,,,,,,,,,,,,,,,,
2025-26,whockey,Minnesota Intercollegiate Athletic Conference (MIAC),miac,Saint Mary's,"Phillips, Teagan",Teagan,Phillips,0,612,"Phillips, Teagan","Phillips,Teagan",PhillipsTeaganSMU,25,8,12,,Saint Mary's,SMU,1116-6818,0,,0,0,0,1,0,0,1,1,1,6,12:00,0,0,0,0,0,0,6,211,205,416,.507,0.97,11,15,-4,11,,0,37,9,3,6,0.16,0,0,False,,,,,,,,,,,,,,,,,,
2025-26,whockey,Minnesota Intercollegiate Athletic Conference (MIAC),miac,Saint Mary's,"Reeves, Addison",Addison,Reeves,0,612,"Reeves, Addison","Reeves,Addison",ReevesAddisonSMU,6,0,14,,Saint Mary's,SMU,1116-7192,0,,0,0,0,0,0,0,0,0,0,0,00:00,0,0,0,0,0,0,0,0,0,0,NaN,0,1,2,-1,0,,0,1,0,0,0,0.00,0,0,False,,,,,,,,,,,,,,,,,,
2025-26,whockey,Minnesota Intercollegiate Athletic Conference (MIAC),miac,Saint Mary's,"Albers, Maggie",Maggie,Albers,0,612,"Albers, Maggie","Albers,Maggie",AlbersMaggieSMU,25,5,15,,Saint Mary's,SMU,1116-6924,0,,0,0,0,1,0,0,1,1,0,6,12:00,0,0,0,0,0,0,6,17,9,26,.654,0.53,10,10,0,21,,0,46,7,2,5,0.11,0,0,False,,,,,,,,,,,,,,,,,,
2025-26,whockey,Minnesota Intercollegiate Athletic Conference (MIAC),miac,Saint Mary's,"Sherner, Taverie",Taverie,Sherner,0,612,"Sherner, Taverie","Sherner,Taverie",ShernerTaverieSMU,25,7,16,,Saint Mary's,SMU,1116-6820,0,,0,0,0,0,0,0,0,0,0,1,02:00,0,0,0,0,0,0,1,3,6,9,.333,2.00,8,14,-6,14,,0,23,3,3,0,0.00,0,0,False,,,,,,,,,,,,,,,,,,
2025-26,whockey,Minnesota Intercollegiate Athletic Conference (MIAC),miac,Saint Mary's,"Dornseif, Taryn",Taryn,Dornseif,0,612,"Dornseif, Taryn","Dornseif,Taryn",DornseifTarynSMU,23,1,17,,Saint Mary's,SMU,1116-6821,0,,0,0,0,0,0,0,0,0,0,2,04:00,0,0,0,0,0,0,2,0,0,0,NaN,0,5,8,-3,9,,0,15,1,1,0,0.00,0,0,False,,,,,,,,,,,,,,,,,,
2025-26,whockey,Minnesota Intercollegiate Athletic Conference (MIAC),miac,Saint Mary's,"Vasilevich, Mikayla",Mikayla,Vasilevich,0,612,"Vasilevich, Mikayla","Vasilevich,Mikayla",VasilevichMikaylaSMU,25,2,18,,Saint Mary's,SMU,1116-6822,0,,0,0,0,0,0,0,0,0,0,7,14:00,0,0,0,0,0,0,7,2,0,2,1.000,200,8,23,-15,38,,0,34,3,3,0,0.00,0,0,False,,,,,,,,,,,,,,,,,,
2025-26,whockey,Minnesota Intercollegiate Athletic Conference (MIAC),miac,Saint Mary's,"Meland, Kenzie",Kenzie,Meland,0,612,"Meland, Kenzie","Meland,Kenzie",MelandKenzieSMU,25,23,19,,Saint Mary's,SMU,1116-6925,0,,0,1,0,1,0,0,1,0,0,4,08:00,0,0,0,0,0,0,4,0,0,0,NaN,0,15,24,-9,28,,0,57,14,11,3,0.05,0,0,False,,,,,,,,,,,,,,,,,,
2025-26,whockey,Minnesota Intercollegiate Athletic Conference (MIAC),miac,Saint Mary's,"Heitzman, Reese",Reese,Heitzman,0,612,"Heitzman, Reese","Heitzman,Reese",HeitzmanReeseSMU,25,11,21,,Saint Mary's,SMU,1116-6926,0,,0,0,0,1,1,0,2,2,0,5,10:00,0,0,0,0,0,0,5,5,6,11,.455,1.20,16,18,-2,6,,0,92,16,10,6,0.07,0,0,False,,,,,,,,,,,,,,,,,,
2025-26,whockey,Minnesota Intercollegiate Athletic Conference (MIAC),miac,Saint Mary's,"Midtbo, Celia",Celia,Midtbo,0,612,"Midtbo, Celia","Midtbo,Celia",MidtboCeliaSMU,25,20,22,,Saint Mary's,SMU,1116-6927,0,,0,1,1,3,1,0,2,2,1,3,06:00,0,0,0,0,0,0,3,2,1,3,.667,0.50,16,23,-7,57,,0,91,13,8,5,0.05,0,0,False,,,,,,,,,,,,,,,,,,
2025-26,whockey,Minnesota Intercollegiate Athletic Conference (MIAC),miac,Saint Mary's,"Zaitsoff, Paige",Paige,Zaitsoff,0,612,"Zaitsoff, Paige","Zaitsoff,Paige",ZaitsoffPaigeSMU,10,0,24,,Saint Mary's,SMU,1116-7193,0,,0,0,0,0,0,0,0,0,0,0,00:00,0,0,0,0,0,0,0,4,8,12,.333,2.00,1,3,-2,1,,0,4,1,1,0,0.00,0,0,False,,,,,,,,,,,,,,,,,,
2025-26,whockey,Minnesota Intercollegiate Athletic Conference (MIAC),miac,Saint Mary's,"Takin, Jhoni",Jhoni,Takin,0,612,"Takin, Jhoni","Takin,Jhoni",TakinJhoniSMU,15,0,25,,Saint Mary's,SMU,1116-7194,0,,0,0,0,0,0,0,0,0,0,1,02:00,0,0,0,0,0,0,1,17,22,39,.436,1.29,2,5,-3,6,,0,7,1,0,1,0.14,0,0,False,,,,,,,,,,,,,,,,,,
2025-26,whockey,Minnesota Intercollegiate Athletic Conference (MIAC),miac,Saint Mary's,"Hoff, Ashlyn",Ashlyn,Hoff,0,612,"Hoff, Ashlyn","Hoff,Ashlyn",HoffAshlynSMU,13,0,26,,Saint Mary's,SMU,1116-7195,0,,0,0,0,0,0,0,0,0,0,1,02:00,0,0,0,0,0,0,1,21,47,68,.309,2.24,1,6,-5,2,,0,3,0,0,0,0.00,0,0,False,,,,,,,,,,,,,,,,,,
2025-26,whockey,Minnesota Intercollegiate Athletic Conference (MIAC),miac,Saint Mary's,"Parker, Leah",Leah,Parker,0,612,"Parker, Leah","Parker,Leah",ParkerLeahSMU,25,3,27,,Saint Mary's,SMU,1116-6823,0,,0,0,0,0,0,0,0,0,0,5,10:00,0,0,0,0,0,0,5,12,14,26,.462,1.17,7,20,-13,17,,0,19,9,9,0,0.00,0,0,False,,,,,,,,,,,,,,,,,,
2025-26,whockey,Minnesota Intercollegiate Athletic Conference (MIAC),miac,Saint Mary's,"Hennes, Ella",Ella,Hennes,0,612,"Hennes, Ella","Hennes,Ella",HennesEllaSMU,25,5,28,,Saint Mary's,SMU,1116-6929,0,,0,0,0,0,0,0,0,0,0,3,06:00,0,0,0,0,0,0,3,171,173,344,.497,1.01,8,17,-9,12,,0,23,3,2,1,0.04,0,0,False,,,,,,,,,,,,,,,,,,
2025-26,whockey,Minnesota Intercollegiate Athletic Conference (MIAC),miac,Saint Mary's,"Vander Esch, Riley",Riley,Vander Esch,0,612,"Vander Esch, Riley","Vander Esch,Riley",VanderEschRileySMU,0,0,30,,Saint Mary's,SMU,1116-6930,0,,0,0,0,0,0,0,0,0,0,0,00:00,0,0,0,0,0,0,0,0,0,0,NaN,0,0,0,0,0,,0,0,0,0,0,0.00,0,0,True,,0,00:00,0,0,0000,0,0,0,0,0,0,0,.000,0,0,0,0.00
2025-26,whockey,Minnesota Intercollegiate Athletic Conference (MIAC),miac,Saint Mary's,"Abeln, Audrey",Audrey,Abeln,0,612,"Abeln, Audrey","Abeln,Audrey",AbelnAudreySMU,6,1,31,,Saint Mary's,SMU,1116-7122,0,,0,0,0,0,0,0,0,0,0,0,00:00,0,0,0,0,0,0,0,0,0,0,NaN,0,0,0,0,0,,0,0,1,1,0,0.00,0,0,True,,6,60:00,1,28,0000,0,1,0,0,0,0,0,.966,1,0,0,1.00
2025-26,whockey,Minnesota Intercollegiate Athletic Conference (MIAC),miac,Saint Mary's,"Rimstad, Celeste",Celeste,Rimstad,0,612,"Rimstad, Celeste","Rimstad,Celeste",RimstadCelesteSMU,16,12,32,,Saint Mary's,SMU,1116-6824,0,,0,0,0,0,0,0,0,0,0,0,00:00,0,0,0,0,0,0,0,0,0,0,NaN,0,0,0,0,0,,0,0,0,0,0,0.00,0,0,True,,16,776:17,36,345,1710917109,1,1,1,1,7,1,1,.906,12,0,0,2.78
2025-26,whockey,Minnesota Intercollegiate Athletic Conference (MIAC),miac,Saint Mary's,"Fillion, Magali",Magali,Fillion,0,612,"Fillion, Magali","Fillion,Magali",FillionMagaliSMU,14,12,92,,Saint Mary's,SMU,1116-7118,0,,0,0,0,0,0,0,0,0,0,1,02:00,0,0,0,0,0,0,1,0,0,0,NaN,0,0,0,0,0,,0,0,0,0,0,0.00,0,0,True,,14,673:51,27,290,0000,1,1,1,1,2,1,0,.915,12,0,0,2.40
2025-26,whockey,Minnesota Intercollegiate Athletic Conference (MIAC),miac,St. Catherine,"Brady, Isabella",Isabella,Brady,0,597,"Brady, Isabella","Brady,Isabella",BradyIsabellaSCU,25,20,2,,St. Catherine,SCU,1114-2153,0,,0,0,0,0,1,0,1,0,0,9,18:00,0,0,0,0,0,0,9,1,0,1,1.000,100,19,22,-3,46,,0,65,8,6,2,0.03,0,0,False,,,,,,,,,,,,,,,,,,
2025-26,whockey,Minnesota Intercollegiate Athletic Conference (MIAC),miac,St. Catherine,"Skaja, Ellie",Ellie,Skaja,0,597,"Skaja, Ellie","Skaja,Ellie",SkajaEllieSCU,25,3,3,,St. Catherine,SCU,1114-1960,0,,0,0,0,0,0,0,0,0,0,5,10:00,0,0,0,0,0,0,5,87,90,177,.492,1.03,9,8,1,9,,0,19,3,3,0,0.00,0,0,False,,,,,,,,,,,,,,,,,,
2025-26,whockey,Minnesota Intercollegiate Athletic Conference (MIAC),miac,St. Catherine,"Burt, Isabel",Isabel,Burt,0,597,"Burt, Isabel","Burt,Isabel",BurtIsabelSCU,25,2,5,,St. Catherine,SCU,1114-1961,0,,0,0,0,0,0,0,0,0,0,1,02:00,0,0,0,0,0,0,1,74,84,158,.468,1.14,7,8,-1,4,,0,11,2,0,2,0.18,0,0,False,,,,,,,,,,,,,,,,,,
2025-26,whockey,Minnesota Intercollegiate Athletic Conference (MIAC),miac,St. Catherine,"Vogelsang, Aly",Aly,Vogelsang,0,597,"Vogelsang, Aly","Vogelsang,Aly",VogelsangAlySCU,20,0,6,,St. Catherine,SCU,1114-2100,0,,0,0,0,1,0,0,0,1,0,4,08:00,0,0,0,0,0,0,4,9,17,26,.346,1.89,1,5,-4,5,,0,5,1,0,1,0.20,0,0,False,,,,,,,,,,,,,,,,,,
2025-26,whockey,Minnesota Intercollegiate Athletic Conference (MIAC),miac,St. Catherine,"Schmidt, Lauren",Lauren,Schmidt,0,597,"Schmidt, Lauren","Schmidt,Lauren",SchmidtLaurenSCU,24,12,7,,St. Catherine,SCU,1114-2154,0,,0,0,0,2,1,1,0,1,0,1,02:00,0,0,0,0,0,0,1,0,0,0,NaN,0,18,9,9,1,,0,28,8,5,3,0.11,0,0,False,,,,,,,,,,,,,,,,,,
2025-26,whockey,Minnesota Intercollegiate Athletic Conference (MIAC),miac,St. Catherine,"Fasching, Paige",Paige,Fasching,0,597,"Fasching, Paige","Fasching,Paige",FaschingPaigeSCU,25,0,8,,St. Catherine,SCU,1114-2102,0,,0,0,0,0,0,0,0,0,0,6,12:00,0,0,0,0,0,0,6,0,0,0,NaN,0,13,17,-4,18,,0,18,4,4,0,0.00,0,0,False,,,,,,,,,,,,,,,,,,
2025-26,whockey,Minnesota Intercollegiate Athletic Conference (MIAC),miac,St. Catherine,"Kozak, Jaden",Jaden,Kozak,0,597,"Kozak, Jaden","Kozak,Jaden",KozakJadenSCU,23,1,10,,St. Catherine,SCU,1114-2103,0,,0,0,0,0,0,0,0,0,0,6,12:00,0,0,0,0,0,0,6,0,0,0,NaN,0,7,8,-1,2,,0,18,3,3,0,0.00,0,0,False,,,,,,,,,,,,,,,,,,
2025-26,whockey,Minnesota Intercollegiate Athletic Conference (MIAC),miac,St. Catherine,"Wangen, Sarah",Sarah,Wangen,0,597,"Wangen, Sarah","Wangen,Sarah",WangenSarahSCU,25,0,11,,St. Catherine,SCU,1114-2045,0,,0,0,0,0,0,0,0,0,0,1,02:00,0,0,0,0,0,0,1,0,0,0,NaN,0,13,14,-1,10,,0,11,0,0,0,0.00,0,0,False,,,,,,,,,,,,,,,,,,
2025-26,whockey,Minnesota Intercollegiate Athletic Conference (MIAC),miac,St. Catherine,"Smith, Michelle",Michelle,Smith,0,597,"Smith, Michelle","Smith,Michelle",SmithMichelleSCU,22,5,12,,St. Catherine,SCU,1114-2104,0,,0,0,0,1,1,0,1,1,0,0,00:00,0,0,0,0,0,0,0,3,15,18,.167,5.00,13,13,0,5,,0,12,8,5,3,0.25,0,0,False,,,,,,,,,,,,,,,,,,
2025-26,whockey,Minnesota Intercollegiate Athletic Conference (MIAC),miac,St. Catherine,"Bogen, Samantha",Samantha,Bogen,0,597,"Bogen, Samantha","Bogen,Samantha",BogenSamanthaSCU,25,13,14,,St. Catherine,SCU,1114-2105,0,,0,0,0,1,2,0,4,0,0,10,20:00,0,0,0,0,0,0,10,5,5,10,.500,1.00,16,20,-4,13,,0,78,13,3,10,0.13,0,0,False,,,,,,,,,,,,,,,,,,
2025-26,whockey,Minnesota Intercollegiate Athletic Conference (MIAC),miac,St. Catherine,"Painovich, Raechel",Raechel,Painovich,0,597,"Painovich, Raechel","Painovich,Raechel",PainovichRaechelSCU,25,21,15,,St. Catherine,SCU,1114-1962,0,,0,0,0,0,0,0,0,0,0,14,28:00,0,0,0,0,0,0,14,0,1,1,.000,0,20,20,0,36,,0,43,6,6,0,0.00,0,0,False,,,,,,,,,,,,,,,,,,
2025-26,whockey,Minnesota Intercollegiate Athletic Conference (MIAC),miac,St. Catherine,"Myers, Ana",Ana,Myers,0,597,"Myers, Ana","Myers,Ana",MyersAnaSCU,25,20,17,,St. Catherine,SCU,1114-2106,0,,0,1,0,4,4,1,2,1,1,4,08:00,0,0,0,0,0,0,4,374,244,618,.605,0.65,27,19,8,10,,0,132,26,10,16,0.12,0,0,False,,,,,,,,,,,,,,,,,,
2025-26,whockey,Minnesota Intercollegiate Athletic Conference (MIAC),miac,St. Catherine,"Dunleavy, Halle",Halle,Dunleavy,0,597,"Dunleavy, Halle","Dunleavy,Halle",DunleavyHalleSCU,25,4,18,,St. Catherine,SCU,1114-2046,0,,0,0,0,0,2,0,1,1,0,2,04:00,0,0,0,0,0,0,2,5,7,12,.417,1.40,13,16,-3,18,,0,25,9,5,4,0.16,0,0,False,,,,,,,,,,,,,,,,,,
2025-26,whockey,Minnesota Intercollegiate Athletic Conference (MIAC),miac,St. Catherine,"Ashworth, Rhiannon",Rhiannon,Ashworth,0,597,"Ashworth, Rhiannon","Ashworth,Rhiannon",AshworthRhiannonSCU,25,9,19,,St. Catherine,SCU,1114-2155,0,,0,1,0,1,2,0,2,2,0,2,04:00,0,0,0,0,0,0,2,4,9,13,.308,2.25,21,21,0,9,,0,83,11,2,9,0.11,0,0,False,,,,,,,,,,,,,,,,,,
2025-26,whockey,Minnesota Intercollegiate Athletic Conference (MIAC),miac,St. Catherine,"Loidolt, Paige",Paige,Loidolt,0,597,"Loidolt, Paige","Loidolt,Paige",LoidoltPaigeSCU,25,5,20,,St. Catherine,SCU,1114-1965,0,,0,1,0,1,2,0,1,0,0,1,02:00,0,0,0,0,0,0,1,215,212,427,.504,0.99,15,19,-4,11,,0,55,14,8,6,0.11,0,0,False,,,,,,,,,,,,,,,,,,
2025-26,whockey,Minnesota Intercollegiate Athletic Conference (MIAC),miac,St. Catherine,"Keith, Emma",Emma,Keith,0,597,"Keith, Emma","Keith,Emma",KeithEmmaSCU,25,4,21,,St. Catherine,SCU,1114-2108,0,,0,0,0,0,0,0,0,0,0,7,14:00,0,0,0,0,0,0,7,1,2,3,.333,2.00,17,22,-5,24,,0,24,5,5,0,0.00,0,0,False,,,,,,,,,,,,,,,,,,
2025-26,whockey,Minnesota Intercollegiate Athletic Conference (MIAC),miac,St. Catherine,"Hagen, Lexie",Lexie,Hagen,0,597,"Hagen, Lexie","Hagen,Lexie",HagenLexieSCU,20,1,22,,St. Catherine,SCU,1114-2065,0,,0,0,0,0,0,0,0,0,0,3,06:00,0,0,0,0,0,0,3,0,0,0,NaN,0,2,4,-2,2,,0,7,0,0,0,0.00,0,0,False,,,,,,,,,,,,,,,,,,
2025-26,whockey,Minnesota Intercollegiate Athletic Conference (MIAC),miac,St. Catherine,"Gillespie, Lilly",Lilly,Gillespie,0,597,"Gillespie, Lilly","Gillespie,Lilly",GillespieLillySCU,25,1,23,,St. Catherine,SCU,1114-2048,0,,0,0,1,2,3,0,1,1,0,9,18:00,0,0,0,0,0,0,9,8,9,17,.471,1.13,8,14,-6,11,,0,44,9,1,8,0.18,0,0,False,,,,,,,,,,,,,,,,,,
2025-26,whockey,Minnesota Intercollegiate Athletic Conference (MIAC),miac,St. Catherine,"Cooney, Sara",Sara,Cooney,0,597,"Cooney, Sara","Cooney,Sara",CooneySaraSCU,25,4,26,,St. Catherine,SCU,1114-2109,0,,0,1,0,0,1,0,0,1,0,3,06:00,0,0,0,0,0,0,3,0,0,0,NaN,0,19,17,2,27,,0,24,7,5,2,0.08,0,0,False,,,,,,,,,,,,,,,,,,
2025-26,whockey,Minnesota Intercollegiate Athletic Conference (MIAC),miac,St. Catherine,"Burt, Autumn",Autumn,Burt,0,597,"Burt, Autumn","Burt,Autumn",BurtAutumnSCU,13,0,27,,St. Catherine,SCU,1114-2110,0,,0,0,0,0,0,0,0,0,0,1,02:00,0,0,0,0,0,0,1,7,8,15,.467,1.14,1,1,0,0,,0,6,1,1,0,0.00,0,0,False,,,,,,,,,,,,,,,,,,
2025-26,whockey,Minnesota Intercollegiate Athletic Conference (MIAC),miac,St. Catherine,"Grassia, Lea",Lea,Grassia,0,597,"Grassia, Lea","Grassia,Lea",GrassiaLeaSCU,16,13,1,,St. Catherine,SCU,1114-2042,0,,0,0,0,0,0,0,0,0,0,0,00:00,0,0,0,0,0,0,0,0,0,0,NaN,0,0,0,0,0,,0,0,0,0,0,0.00,0,0,True,,16,737:00,45,308,00000,1,1,1,0,13,0,0,.873,13,0,0,3.66
2025-26,whockey,Minnesota Intercollegiate Athletic Conference (MIAC),miac,St. Catherine,"Friendshuh, Anna",Anna,Friendshuh,0,597,"Friendshuh, Anna","Friendshuh,Anna",FriendshuhAnnaSCU,6,2,30,,St. Catherine,SCU,1114-1958,0,,0,0,0,0,0,0,0,0,0,0,00:00,0,0,0,0,0,0,0,0,0,0,NaN,0,0,0,0,0,,0,0,0,0,0,0.00,0,0,True,,6,160:10,3,47,69816981,0,1,1,0,0,0,0,.940,2,0,0,1.12
2025-26,whockey,Minnesota Intercollegiate Athletic Conference (MIAC),miac,St. Catherine,"Oettinger, Addie",Addie,Oettinger,0,597,"Oettinger, Addie","Oettinger,Addie",OettingerAddieSCU,12,10,33,,St. Catherine,SCU,1114-2111,0,,0,0,0,0,0,0,0,0,0,0,00:00,0,0,0,0,0,0,0,0,0,0,NaN,0,0,0,0,0,,0,0,0,0,0,0.00,0,0,True,,12,602:15,30,267,00000,2,1,1,0,9,1,0,.899,10,0,0,2.99
2025-26,whockey,Minnesota Intercollegiate Athletic Conference (MIAC),miac,St. Olaf,"McConnell, Nora",Nora,McConnell,0,615,"McConnell, Nora","McConnell,Nora",McConnellNoraSTO,25,8,2,,St. Olaf,STO,1117-5431,0,,0,0,0,0,0,0,2,1,0,7,14:00,0,0,0,0,0,0,7,0,0,0,NaN,0,13,19,-6,25,,0,54,8,6,2,0.04,0,0,False,,,,,,,,,,,,,,,,,,
2025-26,whockey,Minnesota Intercollegiate Athletic Conference (MIAC),miac,St. Olaf,"Orr, Jocelyn",Jocelyn,Orr,0,615,"Orr, Jocelyn","Orr,Jocelyn",OrrJocelynSTO,25,0,3,,St. Olaf,STO,1117-5432,0,,0,0,0,0,0,0,0,0,0,4,08:00,0,0,0,0,0,0,4,100,151,251,.398,1.51,9,11,-2,21,,0,20,6,5,1,0.05,0,0,False,,,,,,,,,,,,,,,,,,
2025-26,whockey,Minnesota Intercollegiate Athletic Conference (MIAC),miac,St. Olaf,"Etzell, Bryn",Bryn,Etzell,0,615,"Etzell, Bryn","Etzell,Bryn",EtzellBrynSTO,25,12,4,,St. Olaf,STO,1117-5433,0,,0,0,0,0,0,0,1,0,0,1,02:00,0,0,0,0,0,0,1,1,1,2,.500,1.00,9,17,-8,21,,0,23,6,4,2,0.09,0,0,False,,,,,,,,,,,,,,,,,,
2025-26,whockey,Minnesota Intercollegiate Athletic Conference (MIAC),miac,St. Olaf,"Ronan, Mackinley",Mackinley,Ronan,0,615,"Ronan, Mackinley","Ronan,Mackinley",RonanMackinleySTO,25,2,5,,St. Olaf,STO,1117-5576,0,,0,0,0,0,1,0,1,1,0,5,10:00,0,0,0,0,0,0,5,0,0,0,NaN,0,12,15,-3,24,,0,46,6,3,3,0.07,0,0,False,,,,,,,,,,,,,,,,,,
2025-26,whockey,Minnesota Intercollegiate Athletic Conference (MIAC),miac,St. Olaf,"Beaver, MaKenna",MaKenna,Beaver,0,615,"Beaver, MaKenna","Beaver,MaKenna",BeaverMaKennaSTO,24,23,6,,St. Olaf,STO,1117-5006,0,,0,0,1,0,0,0,0,1,0,4,08:00,0,0,0,0,0,0,4,0,0,0,NaN,0,17,13,4,20,,0,27,6,4,2,0.07,0,0,False,,,,,,,,,,,,,,,,,,
2025-26,whockey,Minnesota Intercollegiate Athletic Conference (MIAC),miac,St. Olaf,"Ray, Ivy",Ivy,Ray,0,615,"Ray, Ivy","Ray,Ivy",RayIvySTO,1,1,7,,St. Olaf,STO,1117-5013,0,,0,0,0,0,0,0,0,0,0,0,00:00,0,0,0,0,0,0,0,0,1,1,.000,0,0,0,0,0,,0,0,0,0,0,0.00,0,0,False,,,,,,,,,,,,,,,,,,
2025-26,whockey,Minnesota Intercollegiate Athletic Conference (MIAC),miac,St. Olaf,"Kludt, Kellsey",Kellsey,Kludt,0,615,"Kludt, Kellsey","Kludt,Kellsey",KludtKellseySTO,25,4,8,,St. Olaf,STO,1117-5605,0,,0,0,0,0,0,0,0,0,0,5,10:00,0,0,0,0,0,0,5,0,0,0,NaN,0,13,21,-8,11,,0,24,5,5,0,0.00,0,0,False,,,,,,,,,,,,,,,,,,
2025-26,whockey,Minnesota Intercollegiate Athletic Conference (MIAC),miac,St. Olaf,"LaMere, Bella",Bella,LaMere,0,615,"LaMere, Bella","LaMere,Bella",LaMereBellaSTO,25,7,9,,St. Olaf,STO,1117-5434,0,,0,0,0,1,0,0,2,1,0,0,00:00,0,0,0,0,0,0,0,2,1,3,.667,0.50,7,16,-9,6,,0,73,4,2,2,0.03,0,0,False,,,,,,,,,,,,,,,,,,
2025-26,whockey,Minnesota Intercollegiate Athletic Conference (MIAC),miac,St. Olaf,"Aune, Emma",Emma,Aune,0,615,"Aune, Emma","Aune,Emma",AuneEmmaSTO,20,1,10,,St. Olaf,STO,1117-5009,0,,0,0,0,0,0,0,0,0,0,3,06:00,0,0,0,0,0,0,3,2,3,5,.400,1.50,5,1,4,1,,0,9,3,2,1,0.11,0,0,False,,,,,,,,,,,,,,,,,,
2025-26,whockey,Minnesota Intercollegiate Athletic Conference (MIAC),miac,St. Olaf,"Anderson, Emilie",Emilie,Anderson,0,615,"Anderson, Emilie","Anderson,Emilie",AndersonEmilieSTO,25,9,11,,St. Olaf,STO,1117-5442,0,,0,1,0,2,1,0,1,0,0,3,06:00,0,0,0,0,0,0,3,3,3,6,.500,1.00,11,22,-11,10,,0,44,8,2,6,0.14,0,0,False,,,,,,,,,,,,,,,,,,
2025-26,whockey,Minnesota Intercollegiate Athletic Conference (MIAC),miac,St. Olaf,"Haugen, Bryn",Bryn,Haugen,0,615,"Haugen, Bryn","Haugen,Bryn",HaugenBrynSTO,25,0,12,,St. Olaf,STO,1117-5439,0,,0,0,0,0,0,0,0,0,0,0,00:00,0,0,0,0,0,0,0,37,40,77,.481,1.08,2,3,-1,4,,0,5,1,1,0,0.00,0,0,False,,,,,,,,,,,,,,,,,,
2025-26,whockey,Minnesota Intercollegiate Athletic Conference (MIAC),miac,St. Olaf,"Friedman, Paige",Paige,Friedman,0,615,"Friedman, Paige","Friedman,Paige",FriedmanPaigeSTO,2,0,13,,St. Olaf,STO,1117-5577,0,,0,0,0,0,0,0,0,0,0,0,00:00,0,0,0,0,0,0,0,0,0,0,NaN,0,0,0,0,0,,0,1,0,0,0,0.00,0,0,False,,,,,,,,,,,,,,,,,,
2025-26,whockey,Minnesota Intercollegiate Athletic Conference (MIAC),miac,St. Olaf,"Hill, Ayla",Ayla,Hill,0,615,"Hill, Ayla","Hill,Ayla",HillAylaSTO,3,0,14,,St. Olaf,STO,1117-5578,0,,0,0,0,0,0,0,0,0,0,0,00:00,0,0,0,0,0,0,0,0,0,0,NaN,0,0,0,0,0,,0,1,0,0,0,0.00,0,0,False,,,,,,,,,,,,,,,,,,
2025-26,whockey,Minnesota Intercollegiate Athletic Conference (MIAC),miac,St. Olaf,"Klym, Rosie",Rosie,Klym,0,615,"Klym, Rosie","Klym,Rosie",KlymRosieSTO,9,0,16,,St. Olaf,STO,1117-5579,0,,0,0,0,0,0,0,0,0,0,3,06:00,0,0,0,0,0,0,3,0,0,0,NaN,0,0,0,0,0,,0,0,0,0,0,0.00,0,0,False,,,,,,,,,,,,,,,,,,
2025-26,whockey,Minnesota Intercollegiate Athletic Conference (MIAC),miac,St. Olaf,"Larson, Julia",Julia,Larson,0,615,"Larson, Julia","Larson,Julia",LarsonJuliaSTO,25,0,17,,St. Olaf,STO,1117-5217,0,,0,0,0,1,0,0,0,0,0,2,04:00,0,0,0,0,0,0,2,1,0,1,1.000,100,6,6,0,6,,0,17,3,1,2,0.12,0,0,False,,,,,,,,,,,,,,,,,,
2025-26,whockey,Minnesota Intercollegiate Athletic Conference (MIAC),miac,St. Olaf,"Bukovich, Cora",Cora,Bukovich,0,615,"Bukovich, Cora","Bukovich,Cora",BukovichCoraSTO,16,0,18,,St. Olaf,STO,1117-5580,0,,0,0,0,0,0,0,0,0,0,1,02:00,0,0,0,0,0,0,1,0,0,0,NaN,0,1,5,-4,2,,0,3,0,0,0,0.00,0,0,False,,,,,,,,,,,,,,,,,,
2025-26,whockey,Minnesota Intercollegiate Athletic Conference (MIAC),miac,St. Olaf,"Heath, Emma",Emma,Heath,0,615,"Heath, Emma","Heath,Emma",HeathEmmaSTO,25,16,19,,St. Olaf,STO,1117-5010,0,,0,1,0,1,0,0,1,1,0,5,10:00,0,0,0,0,0,0,5,1,2,3,.333,2.00,15,17,-2,17,,0,34,13,8,5,0.15,0,0,False,,,,,,,,,,,,,,,,,,
2025-26,whockey,Minnesota Intercollegiate Athletic Conference (MIAC),miac,St. Olaf,"Kowalkoski, Gianna",Gianna,Kowalkoski,0,615,"Kowalkoski, Gianna","Kowalkoski,Gianna",KowalkoskiGiannaSTO,23,1,20,,St. Olaf,STO,1117-5435,0,,0,0,0,1,1,0,0,0,0,0,00:00,0,0,0,0,0,0,0,0,0,0,NaN,0,5,9,-4,18,,0,36,4,2,2,0.06,0,0,False,,,,,,,,,,,,,,,,,,
2025-26,whockey,Minnesota Intercollegiate Athletic Conference (MIAC),miac,St. Olaf,"Huselid, Andi",Andi,Huselid,0,615,"Huselid, Andi","Huselid,Andi",HuselidAndiSTO,24,4,21,,St. Olaf,STO,1117-5219,0,,0,0,0,0,0,0,0,0,0,1,02:00,0,0,0,0,0,0,1,230,164,394,.584,0.71,8,15,-7,12,,0,39,4,4,0,0.00,0,0,False,,,,,,,,,,,,,,,,,,
2025-26,whockey,Minnesota Intercollegiate Athletic Conference (MIAC),miac,St. Olaf,"Berg-Messerole, Solvei",Solvei,Berg-Messerole,0,615,"Berg-Messerole, Solvei","Berg-Messerole,Solvei",Berg-MesseroleSolveiSTO,25,20,22,,St. Olaf,STO,1117-5007,0,,0,0,1,2,4,0,1,1,0,4,08:00,0,0,0,0,0,0,4,333,205,538,.619,0.62,20,25,-5,21,,0,83,27,17,10,0.12,0,0,False,,,,,,,,,,,,,,,,,,
2025-26,whockey,Minnesota Intercollegiate Athletic Conference (MIAC),miac,St. Olaf,"Shaw, Avery",Avery,Shaw,0,615,"Shaw, Avery","Shaw,Avery",ShawAverySTO,25,0,23,,St. Olaf,STO,1117-5436,0,,0,0,0,0,0,0,0,0,0,3,06:00,0,0,0,0,0,0,3,0,3,3,.000,0,4,8,-4,11,,0,18,5,4,1,0.06,0,0,False,,,,,,,,,,,,,,,,,,
2025-26,whockey,Minnesota Intercollegiate Athletic Conference (MIAC),miac,St. Olaf,"Terebayza, Molly",Molly,Terebayza,0,615,"Terebayza, Molly","Terebayza,Molly",TerebayzaMollySTO,25,17,24,,St. Olaf,STO,1117-5008,0,,0,0,1,3,0,0,3,4,0,4,08:00,0,0,0,0,0,0,4,1,2,3,.333,2.00,20,18,2,8,,0,68,15,3,12,0.18,0,0,False,,,,,,,,,,,,,,,,,,
2025-26,whockey,Minnesota Intercollegiate Athletic Conference (MIAC),miac,St. Olaf,"Swanson, Reese",Reese,Swanson,0,615,"Swanson, Reese","Swanson,Reese",SwansonReeseSTO,23,0,27,,St. Olaf,STO,1117-5438,0,,0,0,0,0,0,0,0,0,0,0,00:00,0,0,0,0,0,0,0,0,0,0,NaN,0,11,17,-6,24,,0,12,0,0,0,0.00,0,0,False,,,,,,,,,,,,,,,,,,
2025-26,whockey,Minnesota Intercollegiate Athletic Conference (MIAC),miac,St. Olaf,"Fritz, Hannah",Hannah,Fritz,0,615,"Fritz, Hannah","Fritz,Hannah",FritzHannahSTO,10,10,1,,St. Olaf,STO,1117-5005,0,,0,0,0,0,0,0,0,0,0,0,00:00,0,0,0,0,0,0,0,0,0,0,NaN,0,0,0,0,0,,0,0,0,0,0,0.00,0,0,True,,10,544:05,25,253,140014001400,1,1,1,0,3,0,0,.910,10,0,0,2.76
2025-26,whockey,Minnesota Intercollegiate Athletic Conference (MIAC),miac,St. Olaf,"Shankman, Baylyn",Baylyn,Shankman,0,615,"Shankman, Baylyn","Shankman,Baylyn",ShankmanBaylynSTO,13,12,30,,St. Olaf,STO,1117-5440,0,,0,0,0,0,0,0,0,0,0,0,00:00,0,0,0,0,0,0,0,0,0,0,NaN,0,0,0,0,0,,0,0,1,1,0,0.00,0,0,True,,14,715:56,21,317,0000,1,1,1,0,3,2,0,.938,12,0,0,1.76
2025-26,whockey,Minnesota Intercollegiate Athletic Conference (MIAC),miac,St. Olaf,"Tuman, Carley",Carley,Tuman,0,615,"Tuman, Carley","Tuman,Carley",TumanCarleySTO,3,1,33,,St. Olaf,STO,1117-5011,0,,0,0,0,0,0,0,0,0,0,0,00:00,0,0,0,0,0,0,0,0,0,0,NaN,0,0,0,0,0,,0,0,0,0,0,0.00,0,0,True,,4,64:20,2,18,0000,0,0,1,0,0,0,0,.900,1,0,0,1.87
2025-26,whockey,Minnesota Intercollegiate Athletic Conference (MIAC),miac,St. Olaf,"Anderson, Ray",Ray,Anderson,0,615,"Anderson, Ray","Anderson,Ray",AndersonRaySTO,4,2,35,,St. Olaf,STO,1117-5581,0,,0,0,0,0,0,0,0,0,0,0,00:00,0,0,0,0,0,0,0,0,0,0,NaN,0,0,0,0,0,,0,0,0,0,0,0.00,0,0,True,,4,170:23,8,95,1760176,0,0,1,1,2,0,0,.922,2,0,0,2.82
2025-26,whockey,Minnesota Intercollegiate Athletic Conference (MIAC),miac,St. Scholastica,"Nelson, Victoria",Victoria,Nelson,0,618,"Nelson, Victoria","Nelson,Victoria",NelsonVictoriaSCS,25,9,3,,St. Scholastica,SCS,1402-7415,0,,0,0,0,1,1,1,0,3,0,4,08:00,0,0,0,0,0,0,4,91,119,210,.433,1.31,18,21,-3,8,,0,75,12,7,5,0.07,0,0,False,,,,,,,,,,,,,,,,,,
2025-26,whockey,Minnesota Intercollegiate Athletic Conference (MIAC),miac,St. Scholastica,"Eckstrom, Jane",Jane,Eckstrom,0,618,"Eckstrom, Jane","Eckstrom,Jane",EckstromJaneSCS,10,0,4,,St. Scholastica,SCS,1402-7704,0,,0,0,0,0,0,0,0,0,0,0,00:00,0,0,0,0,0,0,0,0,1,1,.000,0,4,7,-3,2,,0,16,2,2,0,0.00,0,0,False,,,,,,,,,,,,,,,,,,
2025-26,whockey,Minnesota Intercollegiate Athletic Conference (MIAC),miac,St. Scholastica,"Culshaw-Klein, Greta",Greta,Culshaw-Klein,0,618,"Culshaw-Klein, Greta","Culshaw-Klein,Greta",Culshaw-KleinGretaSCS,25,1,5,,St. Scholastica,SCS,1402-7705,0,,0,0,0,2,0,0,1,1,0,8,16:00,0,0,0,0,0,0,8,0,0,0,NaN,0,15,18,-3,19,,0,38,6,4,2,0.05,0,0,False,,,,,,,,,,,,,,,,,,
2025-26,whockey,Minnesota Intercollegiate Athletic Conference (MIAC),miac,St. Scholastica,"Sandelin, Katie",Katie,Sandelin,0,618,"Sandelin, Katie","Sandelin,Katie",SandelinKatieSCS,25,5,6,,St. Scholastica,SCS,1402-7706,0,,0,0,0,1,0,0,1,1,0,8,16:00,0,0,0,0,0,0,8,0,0,0,NaN,0,11,15,-4,24,,0,25,6,4,2,0.08,0,0,False,,,,,,,,,,,,,,,,,,
2025-26,whockey,Minnesota Intercollegiate Athletic Conference (MIAC),miac,St. Scholastica,"Royer, Kendra",Kendra,Royer,0,618,"Royer, Kendra","Royer,Kendra",RoyerKendraSCS,25,2,7,,St. Scholastica,SCS,1402-7134,0,,0,0,0,0,0,0,0,0,0,0,00:00,0,0,0,0,0,0,0,145,184,329,.441,1.27,8,10,-2,11,,0,28,6,5,1,0.04,0,0,False,,,,,,,,,,,,,,,,,,
2025-26,whockey,Minnesota Intercollegiate Athletic Conference (MIAC),miac,St. Scholastica,"Martin, Hannah",Hannah,Martin,0,618,"Martin, Hannah","Martin,Hannah",MartinHannahSCS,24,1,8,,St. Scholastica,SCS,1402-7131,0,,0,0,0,0,0,0,0,0,0,0,00:00,0,0,0,0,0,0,0,4,5,9,.444,1.25,3,2,1,2,,0,13,0,0,0,0.00,0,0,False,,,,,,,,,,,,,,,,,,
2025-26,whockey,Minnesota Intercollegiate Athletic Conference (MIAC),miac,St. Scholastica,"Vidmar, Suzi",Suzi,Vidmar,0,618,"Vidmar, Suzi","Vidmar,Suzi",VidmarSuziSCS,24,2,9,,St. Scholastica,SCS,1402-7314,0,,0,0,0,1,0,0,0,1,0,2,04:00,0,0,0,0,0,0,2,0,1,1,.000,0,12,12,0,3,,0,24,6,4,2,0.08,0,0,False,,,,,,,,,,,,,,,,,,
2025-26,whockey,Minnesota Intercollegiate Athletic Conference (MIAC),miac,St. Scholastica,"Schubert, Lyndi",Lyndi,Schubert,0,618,"Schubert, Lyndi","Schubert,Lyndi",SchubertLyndiSCS,25,10,10,,St. Scholastica,SCS,1402-7127,0,,0,1,0,2,1,0,1,1,0,5,10:00,0,0,0,0,0,0,5,3,1,4,.750,0.33,12,17,-5,21,,0,46,7,1,6,0.13,0,0,False,,,,,,,,,,,,,,,,,,
2025-26,whockey,Minnesota Intercollegiate Athletic Conference (MIAC),miac,St. Scholastica,"Parendo, Sophie",Sophie,Parendo,0,618,"Parendo, Sophie","Parendo,Sophie",ParendoSophieSCS,25,17,11,,St. Scholastica,SCS,1402-7315,0,,0,0,0,1,0,0,1,0,0,5,10:00,0,0,0,0,0,0,5,0,0,0,NaN,0,19,16,3,43,,0,48,8,6,2,0.04,0,0,False,,,,,,,,,,,,,,,,,,
2025-26,whockey,Minnesota Intercollegiate Athletic Conference (MIAC),miac,St. Scholastica,"Blattner, Paige",Paige,Blattner,0,618,"Blattner, Paige","Blattner,Paige",BlattnerPaigeSCS,25,3,13,,St. Scholastica,SCS,1402-7151,0,,0,0,0,0,0,0,0,0,0,2,04:00,0,0,0,0,0,0,2,0,0,0,NaN,0,18,18,0,25,,0,21,6,6,0,0.00,0,0,False,,,,,,,,,,,,,,,,,,
2025-26,whockey,Minnesota Intercollegiate Athletic Conference (MIAC),miac,St. Scholastica,"Coole, Bailey",Bailey,Coole,0,618,"Coole, Bailey","Coole,Bailey",CooleBaileySCS,25,22,14,,St. Scholastica,SCS,1402-7317,0,,0,0,1,0,0,0,1,1,0,14,28:00,0,0,0,0,0,0,14,0,0,0,NaN,0,14,15,-1,25,,0,24,9,6,3,0.13,0,0,False,,,,,,,,,,,,,,,,,,
2025-26,whockey,Minnesota Intercollegiate Athletic Conference (MIAC),miac,St. Scholastica,"Hauan, Jolynn",Jolynn,Hauan,0,618,"Hauan, Jolynn","Hauan,Jolynn",HauanJolynnSCS,23,0,15,,St. Scholastica,SCS,1402-7412,0,,0,0,0,0,0,0,0,0,0,0,00:00,0,0,0,0,0,0,0,16,26,42,.381,1.63,2,8,-6,4,,0,9,1,1,0,0.00,0,0,False,,,,,,,,,,,,,,,,,,
2025-26,whockey,Minnesota Intercollegiate Athletic Conference (MIAC),miac,St. Scholastica,"Laming, Emma",Emma,Laming,0,618,"Laming, Emma","Laming,Emma",LamingEmmaSCS,14,0,16,,St. Scholastica,SCS,1402-7707,0,,0,0,0,0,1,0,0,0,0,1,02:00,0,0,0,0,0,0,1,0,0,0,NaN,0,2,2,0,1,,0,9,2,1,1,0.11,0,0,False,,,,,,,,,,,,,,,,,,
2025-26,whockey,Minnesota Intercollegiate Athletic Conference (MIAC),miac,St. Scholastica,"Brama, Isabella",Isabella,Brama,0,618,"Brama, Isabella","Brama,Isabella",BramaIsabellaSCS,23,2,17,,St. Scholastica,SCS,1402-7318,0,,0,0,0,1,0,0,0,0,0,2,04:00,0,0,0,0,0,0,2,0,0,0,NaN,0,11,12,-1,24,,0,19,4,3,1,0.05,0,0,False,,,,,,,,,,,,,,,,,,
2025-26,whockey,Minnesota Intercollegiate Athletic Conference (MIAC),miac,St. Scholastica,"Evans, Shelby",Shelby,Evans,0,618,"Evans, Shelby","Evans,Shelby",EvansShelbySCS,6,0,18,,St. Scholastica,SCS,1402-7708,0,,0,0,0,0,0,0,0,0,0,0,00:00,0,0,0,0,0,0,0,0,0,0,NaN,0,0,1,-1,0,,0,0,0,0,0,0.00,0,0,False,,,,,,,,,,,,,,,,,,
2025-26,whockey,Minnesota Intercollegiate Athletic Conference (MIAC),miac,St. Scholastica,"Chapman, Grace",Grace,Chapman,0,618,"Chapman, Grace","Chapman,Grace",ChapmanGraceSCS,25,8,19,,St. Scholastica,SCS,1402-7411,0,,1,0,0,1,0,0,2,0,1,3,06:00,0,0,0,0,0,0,3,2,0,2,1.000,200,15,19,-4,10,,0,35,11,5,6,0.17,0,0,False,,,,,,,,,,,,,,,,,,
2025-26,whockey,Minnesota Intercollegiate Athletic Conference (MIAC),miac,St. Scholastica,"Letal, Geneva",Geneva,Letal,0,618,"Letal, Geneva","Letal,Geneva",LetalGenevaSCS,1,0,22,,St. Scholastica,SCS,1402-7709,0,,0,0,0,0,0,0,0,0,0,0,00:00,0,0,0,0,0,0,0,0,0,0,NaN,0,0,0,0,0,,0,0,0,0,0,0.00,0,0,False,,,,,,,,,,,,,,,,,,
2025-26,whockey,Minnesota Intercollegiate Athletic Conference (MIAC),miac,St. Scholastica,"Hedberg, Alaina",Alaina,Hedberg,0,618,"Hedberg, Alaina","Hedberg,Alaina",HedbergAlainaSCS,25,18,23,,St. Scholastica,SCS,1402-7408,0,,0,2,0,1,0,0,1,1,0,3,06:00,0,0,0,0,0,0,3,6,22,28,.214,3.67,17,13,4,13,,0,43,20,14,6,0.14,0,0,False,,,,,,,,,,,,,,,,,,
2025-26,whockey,Minnesota Intercollegiate Athletic Conference (MIAC),miac,St. Scholastica,"Gamst, Gabby",Gabby,Gamst,0,618,"Gamst, Gabby","Gamst,Gabby",GamstGabbySCS,25,2,24,,St. Scholastica,SCS,1402-7128,0,,0,0,0,1,0,0,0,1,0,3,06:00,0,0,0,0,0,0,3,0,1,1,.000,0,9,9,0,4,,0,28,7,3,4,0.14,0,0,False,,,,,,,,,,,,,,,,,,
2025-26,whockey,Minnesota Intercollegiate Athletic Conference (MIAC),miac,St. Scholastica,"Mitchell, Morgan",Morgan,Mitchell,0,618,"Mitchell, Morgan","Mitchell,Morgan",MitchellMorganSCS,25,8,26,,St. Scholastica,SCS,1402-7413,0,,0,0,0,1,0,0,1,1,1,3,06:00,0,0,0,0,0,0,3,225,228,453,.497,1.01,16,20,-4,11,,0,55,18,10,8,0.15,0,0,False,,,,,,,,,,,,,,,,,,
2025-26,whockey,Minnesota Intercollegiate Athletic Conference (MIAC),miac,St. Scholastica,"Walters, Annica",Annica,Walters,0,618,"Walters, Annica","Walters,Annica",WaltersAnnicaSCS,12,0,27,,St. Scholastica,SCS,1402-7416,0,,0,0,0,0,0,0,0,0,0,0,00:00,0,0,0,0,0,0,0,0,0,0,NaN,0,0,2,-2,0,,0,1,0,0,0,0.00,0,0,False,,,,,,,,,,,,,,,,,,
2025-26,whockey,Minnesota Intercollegiate Athletic Conference (MIAC),miac,St. Scholastica,"Block, Hanley",Hanley,Block,0,618,"Block, Hanley","Block,Hanley",BlockHanleySCS,24,15,28,,St. Scholastica,SCS,1402-7133,0,,1,0,0,0,0,0,1,0,0,9,18:00,0,0,0,0,0,0,9,177,158,335,.528,0.89,16,14,2,7,,0,63,13,7,6,0.10,0,0,False,,,,,,,,,,,,,,,,,,
2025-26,whockey,Minnesota Intercollegiate Athletic Conference (MIAC),miac,St. Scholastica,"Curow, Kieley",Kieley,Curow,0,618,"Curow, Kieley","Curow,Kieley",CurowKieleySCS,7,2,1,,St. Scholastica,SCS,1402-7313,0,,0,0,0,0,0,0,0,0,0,0,00:00,0,0,0,0,0,0,0,0,0,0,NaN,0,0,0,0,0,,0,0,0,0,0,0.00,0,0,True,,7,148:41,4,82,00000,0,1,0,0,2,0,0,.953,2,0,0,1.61
2025-26,whockey,Minnesota Intercollegiate Athletic Conference (MIAC),miac,St. Scholastica,"Cole, Makenzie",Makenzie,Cole,0,618,"Cole, Makenzie","Cole,Makenzie",ColeMakenzieSCS,23,23,33,,St. Scholastica,SCS,1402-7135,0,,0,0,0,0,0,0,0,0,0,0,00:00,0,0,0,0,0,0,0,0,0,0,NaN,0,0,0,0,0,,0,0,0,0,0,0.00,0,0,True,,23,1352:01,52,694,9146191461,4,1,1,1,9,0,0,.930,23,0,0,2.31
2025-26,whockey,Minnesota Intercollegiate Athletic Conference (MIAC),miac,St. Scholastica,"Origlio, Anita",Anita,Origlio,0,618,"Origlio, Anita","Origlio,Anita",OriglioAnitaSCS,5,0,35,,St. Scholastica,SCS,1402-7409,0,,0,0,0,0,0,0,0,0,0,0,00:00,0,0,0,0,0,0,0,0,0,0,NaN,0,0,0,0,0,,0,0,0,0,0,0.00,0,0,True,,5,02:03,0,1,00000,0,0,0,0,0,0,0,1.000,0,0,0,0.00
