season,sport,conference,conference_code,team,player_name,first_name,last_name,position,team_code,name,checkname,team_name,team_id,sdrm_id,games_played,games_started,uniform,year,code,matches_played,attack_stats_hitting_pct,attack_stats_attempts,attack_stats_errors,attack_stats_kills,set_stats_assists,set_stats_errors,set_stats_attempts,set_stats_set_pct,serve_stats_aces,serve_stats_errors,serve_stats_attempts,serve_stats_serve_pct,defense_stats_defense_pct,defense_stats_attempts,defense_stats_receptions,defense_stats_digs,block_stats_total,block_stats_errors,block_stats_assists,block_stats_solos,misc_stats_points,misc_stats_ball_handling_errors,per_set_stats_kills,per_set_stats_assists,per_set_stats_digs,per_set_stats_blocks,per_set_stats_aces,per_set_stats_points,attack_stats,set_stats,serve_stats,defense_stats,block_stats,misc_stats,composite_score,global_rank,rating
2025-26,wvball,Midwest Conference (MWC),mwc,Lawrence,"Hahnke, Margaret",Margaret,Hahnke,,348,"Hahnke, Margaret","HAHNKE, MARGARET",Lawrence,LU,1099-1249,69,21,13,0,13,0,.182,807,131,278,16,5,99,0,36,28,279,0,0,348,22,224,16,2,13,3,323.5,0,4.03,0.23,3.25,0.23,0.52,4.69,,,,,,,10.126181245996184,1,99
2025-26,wvball,Midwest Conference (MWC),mwc,Monmouth (IL),"Celus, Kaylee",Kaylee,Celus,,438,"Celus, Kaylee","CELUS, KAYLEE",Monmouth (IL),MC,1100-5426,99,48,7,0,7,0,.226,1058,95,334,8,6,123,0,40,36,328,0,0,486,38,266,41,1,36,5,397,0,3.37,0.08,2.69,0.41,0.40,4.01,,,,,,,8.99271187886834,2,99
2025-26,wvball,Midwest Conference (MWC),mwc,Lawrence,"Weier, Audrey",Audrey,Weier,,348,"Weier, Audrey","WEIER, AUDREY",Lawrence,LU,1099-1387,123,54,4,0,4,0,.317,747,97,334,21,2,105,0,22,19,232,0,0,8,1,85,85,5,57,28,412.5,0,2.72,0.17,0.69,0.69,0.18,3.35,,,,,,,6.976707106628231,3,99
2025-26,wvball,Midwest Conference (MWC),mwc,Lake Forest,"Dirksen, Rio",Rio,Dirksen,,344,"Dirksen, Rio","DIRKSEN, RIO",Lake Forest,LFC,1098-2605,75,32,11,0,11,0,.116,610,121,192,3,8,74,0,24,28,195,0,0,118,14,102,44,4,29,15,245.5,2,2.56,0.04,1.36,0.59,0.32,3.27,,,,,,,6.570040749072716,4,98
2025-26,wvball,Midwest Conference (MWC),mwc,Grinnell,"Leonard, Millie",Millie,Leonard,,264,"Leonard, Millie","LEONARD, MILLIE",Grinnell,GC,1095-6272,89,40,8,0,8,0,.331,622,66,272,2,3,48,0,17,29,195,0,0,49,5,59,33,2,26,7,309,2,3.06,0.02,0.66,0.37,0.19,3.47,,,,,,,6.077363858378353,5,98
2025-26,wvball,Midwest Conference (MWC),mwc,Lawrence,"Cook, Hazel",Hazel,Cook,,348,"Cook, Hazel","COOK, HAZEL",Lawrence,LU,1099-1251,115,42,10,0,10,0,.184,889,147,311,8,4,92,0,17,18,133,0,0,77,8,131,62,8,43,19,368.5,0,2.70,0.07,1.14,0.54,0.15,3.20,,,,,,,5.791489643163971,6,98
2025-26,wvball,Midwest Conference (MWC),mwc,Cornell College,"Cantwell, Hannah",Hannah,Cantwell,,166,"Cantwell, Hannah","CANTWELL, HANNAH",Cornell College,CC,1043-5535,112,86,4,0,4,0,.142,809,120,235,42,6,174,0,45,47,372,0,0,577,44,340,26,4,21,5,295.5,0,2.10,0.38,3.04,0.23,0.40,2.64,,,,,,,5.7554232460603165,7,97
2025-26,wvball,Midwest Conference (MWC),mwc,Cornell College,"Olmstead, Ally",Ally,Olmstead,,166,"Olmstead, Ally","OLMSTEAD, ALLY",Cornell College,CC,1043-5284,113,86,20,0,20,0,.239,636,107,259,5,1,31,0,10,7,71,0,0,11,1,28,91,5,74,17,323,0,2.29,0.04,0.25,0.81,0.09,2.86,,,,,,,5.669870548891225,8,97
2025-26,wvball,Midwest Conference (MWC),mwc,Illinois Col.,"Drake, Riley",Riley,Drake,,297,"Drake, Riley","DRAKE, RILEY",Illinois Col.,IC,1096-3544,106,43,14,0,14,0,.127,761,149,246,13,5,87,0,42,38,345,0,0,706,63,256,25,1,21,4,302.5,0,2.32,0.12,2.42,0.24,0.40,2.85,,,,,,,5.668380627552189,9,97
2025-26,wvball,Midwest Conference (MWC),mwc,Cornell College,"Stein, Selia",Selia,Stein,,166,"Stein, Selia","STEIN, SELIA",Cornell College,CC,1043-5540,111,58,15,0,15,0,.202,376,59,135,4,2,38,0,10,34,112,0,0,22,3,52,126,5,98,28,222,1,1.22,0.04,0.47,1.14,0.09,2.00,,,,,,,5.427253307484711,10,96
2025-26,wvball,Midwest Conference (MWC),mwc,Ripon,"Heizler, Lainie",Lainie,Heizler,,577,"Heizler, Lainie","HEIZLER, LAINIE",Ripon,RC,1101-3239,100,74,3,0,3,0,.235,468,69,179,7,2,55,0,19,17,279,0,0,16,1,61,70,11,43,27,246.5,1,1.79,0.07,0.61,0.70,0.19,2.47,,,,,,,5.026318124609483,11,96
2025-26,wvball,Midwest Conference (MWC),mwc,Monmouth (IL),"Robertson, Alana",Alana,Robertson,,438,"Robertson, Alana","ROBERTSON, ALANA",Monmouth (IL),MC,1100-4951,102,48,6,0,6,0,.225,377,38,123,460,9,1594,0,24,10,335,0,0,8,0,220,59,6,42,17,185,5,1.21,4.51,2.16,0.58,0.24,1.81,,,,,,,4.78007857949587,12,96
2025-26,wvball,Midwest Conference (MWC),mwc,Grinnell,"Sullivan, Keira",Keira,Sullivan,,264,"Sullivan, Keira","SULLIVAN, KEIRA",Grinnell,GC,1095-6273,87,42,23,0,23,0,.144,630,97,188,9,4,124,0,23,31,275,0,0,426,40,217,20,2,15,5,223.5,1,2.16,0.10,2.49,0.23,0.26,2.57,,,,,,,4.713908004798974,13,95
2025-26,wvball,Midwest Conference (MWC),mwc,Illinois Col.,"Orton, Haylie",Haylie,Orton,,297,"Orton, Haylie","ORTON, HAYLIE",Illinois Col.,IC,1096-3320,95,42,1,0,1,0,.170,400,85,153,19,3,60,0,37,49,281,0,0,22,3,56,50,9,35,15,222.5,2,1.61,0.20,0.59,0.53,0.39,2.34,,,,,,,4.636735459971293,14,95
2025-26,wvball,Midwest Conference (MWC),mwc,Cornell College,"Tubbs, Mia",Mia,Tubbs,,166,"Tubbs, Mia","TUBBS, MIA",Cornell College,CC,1043-5281,112,29,14,0,14,0,.174,726,113,239,3,1,41,0,0,1,12,0,0,9,2,43,73,7,66,7,279,0,2.13,0.03,0.38,0.65,0.00,2.49,,,,,,,3.9257261526057916,15,94
2025-26,wvball,Midwest Conference (MWC),mwc,Illinois Col.,"Kaiser, Laura",Laura,Kaiser,,297,"Kaiser, Laura","KAISER, LAURA",Illinois Col.,IC,1096-3325,106,48,12,0,12,0,.275,378,60,164,11,3,53,0,6,5,81,0,0,11,0,41,71,10,55,16,213.5,1,1.55,0.10,0.39,0.67,0.06,2.01,,,,,,,3.7700588389653378,16,94
2025-26,wvball,Midwest Conference (MWC),mwc,Beloit,"Tufte, Selin",Selin,Tufte,,53,"Tufte, Selin","TUFTE, SELIN",Beloit,F-53,1093-1396,89,50,8,0,8,0,.072,691,120,170,10,5,121,0,28,20,215,0,0,361,33,207,10,2,10,0,203,2,1.91,0.11,2.33,0.11,0.31,2.28,,,,,,,3.5133981128451133,17,94
2025-26,wvball,Midwest Conference (MWC),mwc,Monmouth (IL),"Teunis, Melina",Melina,Teunis,,438,"Teunis, Melina","TEUNIS, MELINA",Monmouth (IL),MC,1100-5431,101,37,3,0,3,0,.174,328,48,105,5,2,46,0,9,9,95,0,0,7,2,39,85,9,67,18,165.5,4,1.04,0.05,0.39,0.84,0.09,1.64,,,,,,,3.438422137911266,18,93
2025-26,wvball,Midwest Conference (MWC),mwc,Lake Forest,"Winston, Meghan",Meghan,Winston,,344,"Winston, Meghan","WINSTON, MEGHAN",Lake Forest,LFC,1098-2277,76,25,19,0,19,0,.053,552,113,142,105,18,464,0,17,30,223,0,0,266,19,204,13,1,12,1,166,0,1.87,1.38,2.68,0.17,0.22,2.18,,,,,,,3.4366339910407713,19,93
2025-26,wvball,Midwest Conference (MWC),mwc,Illinois Col.,"Klaas, Delani",Delani,Klaas,,297,"Klaas, Delani","KLAAS, DELANI",Illinois Col.,IC,1096-3885,107,38,2,0,2,0,.119,707,163,247,9,0,59,0,24,30,175,0,0,294,31,107,17,7,13,4,281.5,1,2.31,0.08,1.00,0.16,0.22,2.63,,,,,,,3.204347976297186,20,93
2025-26,wvball,Midwest Conference (MWC),mwc,Grinnell,"Taka, Hayley",Hayley,Taka,,264,"Taka, Hayley","TAKA, HAYLEY",Grinnell,GC,1095-5970,69,20,11,0,11,0,.173,469,63,144,4,2,62,0,4,8,74,0,0,87,13,87,22,0,13,9,163.5,3,2.09,0.06,1.26,0.32,0.06,2.37,,,,,,,3.183445792746454,21,92
2025-26,wvball,Midwest Conference (MWC),mwc,Monmouth (IL),"Woodard, Bri",Bri,Woodard,,438,"Woodard, Bri","WOODARD, BRI",Monmouth (IL),MC,1100-5641,47,14,21,0,21,0,.254,236,30,90,2,0,24,0,2,3,12,0,0,4,0,36,19,0,18,1,102,1,1.91,0.04,0.77,0.40,0.04,2.17,,,,,,,3.1457388383994855,22,92
2025-26,wvball,Midwest Conference (MWC),mwc,Lake Forest,"Van Stone, Ireland",Ireland,Van Stone,,344,"Van Stone, Ireland","VAN STONE, IRELAND",Lake Forest,LFC,1098-2463,71,27,20,0,20,0,.053,566,104,134,4,8,83,0,19,13,194,0,0,343,29,136,11,8,9,2,159.5,1,1.89,0.06,1.92,0.15,0.27,2.25,,,,,,,3.0769463584393644,23,92
2025-26,wvball,Midwest Conference (MWC),mwc,Ripon,"Harren, Makenna",Makenna,Harren,,577,"Harren, Makenna","HARREN, MAKENNA",Ripon,RC,1101-3547,95,30,20,0,20,0,.186,851,145,303,4,3,39,0,0,2,14,0,0,163,17,35,7,4,5,2,307.5,0,3.19,0.04,0.37,0.07,0.00,3.24,,,,,,,2.9552809486106053,24,92
2025-26,wvball,Midwest Conference (MWC),mwc,Knox,"Jabor Jahn, Maria",Maria,Jabor Jahn,,337,"Jabor Jahn, Maria","JABOR JAHN, MARIA",Knox,KC,0,90,50,20,0,20,0,.095,643,110,171,7,8,91,0,12,18,150,0,0,131,12,94,32,2,23,9,203.5,1,1.90,0.08,1.04,0.36,0.13,2.26,,,,,,,2.920249966191168,25,91
2025-26,wvball,Midwest Conference (MWC),mwc,Ripon,"Johnson, Addi",Addi,Johnson,,577,"Johnson, Addi","JOHNSON, ADDI",Ripon,RC,1101-3735,84,67,4,0,4,0,.061,721,166,210,3,2,55,0,12,22,120,0,0,298,27,97,11,3,8,3,229,1,2.50,0.04,1.15,0.13,0.14,2.73,,,,,,,2.821516148127471,26,91
2025-26,wvball,Midwest Conference (MWC),mwc,Grinnell,"Machado, Leticia",Leticia,Machado,,264,"Machado, Leticia","MACHADO, LETICIA",Grinnell,GC,1095-7661,79,28,2,0,2,0,.158,575,96,187,8,3,53,0,9,5,104,0,0,195,30,87,10,1,7,3,202.5,2,2.37,0.10,1.10,0.13,0.11,2.56,,,,,,,2.8161715799032256,27,91
2025-26,wvball,Midwest Conference (MWC),mwc,Cornell College,"Nottestad, Ashlin",Ashlin,Nottestad,,166,"Nottestad, Ashlin","NOTTESTAD, ASHLIN",Cornell College,CC,1043-5539,107,54,13,0,13,0,.181,784,125,267,3,4,46,0,0,1,5,0,0,66,9,58,22,3,21,1,278.5,0,2.50,0.03,0.54,0.21,0.00,2.60,,,,,,,2.5397186316634617,28,90
2025-26,wvball,Midwest Conference (MWC),mwc,Lawrence,"Geiser, Alayna",Alayna,Geiser,,348,"Geiser, Alayna","GEISER, ALAYNA",Lawrence,LU,1099-1381,124,48,9,0,9,0,.090,631,121,178,18,7,141,0,34,45,245,0,0,596,43,295,12,1,11,1,218.5,1,1.44,0.15,2.38,0.10,0.27,1.76,,,,,,,2.5370317031580183,29,90
2025-26,wvball,Midwest Conference (MWC),mwc,Lake Forest,"Robinson, Lilly",Lilly,Robinson,,344,"Robinson, Lilly","ROBINSON, LILLY",Lake Forest,LFC,1098-2260,77,31,9,0,9,0,.140,172,15,39,424,28,1693,0,35,24,318,0,0,18,3,169,17,1,15,2,83.5,5,0.51,5.51,2.19,0.22,0.45,1.08,,,,,,,2.5338621777938024,30,90
2025-26,wvball,Midwest Conference (MWC),mwc,Cornell College,"Howard, Nia",Nia,Howard,,166,"Howard, Nia","HOWARD, NIA",Cornell College,CC,1043-5003,112,61,1,0,1,0,.231,121,8,36,567,9,1680,0,79,57,487,0,0,6,0,175,2,0,2,0,116,1,0.32,5.06,1.56,0.02,0.71,1.04,,,,,,,2.5238452070712234,31,89
2025-26,wvball,Midwest Conference (MWC),mwc,Knox,"Haddon, Elle",Elle,Haddon,,337,"Haddon, Elle","HADDON, ELLE",Knox,KC,0,87,55,5,0,5,0,.098,656,111,175,6,9,95,0,9,27,98,0,0,284,27,110,19,0,14,5,196,1,2.01,0.07,1.26,0.22,0.10,2.25,,,,,,,2.4338154612175775,32,89
2025-26,wvball,Midwest Conference (MWC),mwc,Lawrence,"Corrente, Ally",Ally,Corrente,,348,"Corrente, Ally","CORRENTE, ALLY",Lawrence,LU,1099-1380,124,54,5,0,5,0,.224,255,21,78,1238,30,3534,0,39,38,501,0,0,5,0,301,24,2,21,3,130.5,2,0.63,9.98,2.43,0.19,0.31,1.05,,,,,,,2.390022223542548,33,89
2025-26,wvball,Midwest Conference (MWC),mwc,Ripon,"Kast, Haylee",Haylee,Kast,,577,"Kast, Haylee","KAST, HAYLEE",Ripon,RC,1101-3486,41,7,9,0,9,0,.121,331,52,92,1,2,15,0,0,5,18,0,0,129,19,31,12,1,10,2,99,0,2.24,0.02,0.76,0.29,0.00,2.41,,,,,,,2.3817336412075165,34,88
2025-26,wvball,Midwest Conference (MWC),mwc,Cornell College,"Mueller, Addie",Addie,Mueller,,166,"Mueller, Addie","MUELLER, ADDIE",Cornell College,CC,1043-5541,1,0,19,0,19,0,.667,3,0,2,0,0,0,0,0,0,0,0,0,0,0,0,0,0,0,0,2,0,2.00,0.00,0.00,0.00,0.00,2.00,,,,,,,2.325178333673637,35,88
2025-26,wvball,Midwest Conference (MWC),mwc,Grinnell,"Snell, Kylie",Kylie,Snell,,264,"Snell, Kylie","SNELL, KYLIE",Grinnell,GC,1095-5969,99,41,10,0,10,0,.299,354,41,147,3,0,53,0,0,2,4,0,0,2,0,27,46,2,35,11,175.5,3,1.48,0.03,0.27,0.46,0.00,1.77,,,,,,,2.297598494432199,36,88
2025-26,wvball,Midwest Conference (MWC),mwc,Beloit,"Adams, Maddisyn",Maddisyn,Adams,,53,"Adams, Maddisyn","ADAMS, MADDISYN",Beloit,F-53,1093-1574,72,40,5,0,5,0,.049,304,60,75,12,5,90,0,25,34,220,0,0,361,28,196,5,0,5,0,102.5,1,1.04,0.17,2.72,0.07,0.35,1.42,,,,,,,2.184848185677213,37,87
2025-26,wvball,Midwest Conference (MWC),mwc,Beloit,"Murphy, Naomi",Naomi,Murphy,,53,"Murphy, Naomi","MURPHY, NAOMI",Beloit,F-53,1093-1321,92,51,10,0,10,0,.092,502,101,147,5,7,71,0,10,25,110,0,0,4,0,26,38,1,29,9,180.5,1,1.60,0.05,0.28,0.41,0.11,1.96,,,,,,,1.9574202130772096,38,87
2025-26,wvball,Midwest Conference (MWC),mwc,Monmouth (IL),"Hogan, Brynn",Brynn,Hogan,,438,"Hogan, Brynn","HOGAN, BRYNN",Monmouth (IL),MC,1100-4956,91,46,20,0,20,0,.105,325,51,85,11,2,74,0,33,25,325,0,0,16,1,96,22,0,20,2,130,0,0.93,0.12,1.05,0.24,0.36,1.43,,,,,,,1.895683452959359,39,87
2025-26,wvball,Midwest Conference (MWC),mwc,Knox,"Thunhurst, Zoe",Zoe,Thunhurst,,337,"Thunhurst, Zoe","THUNHURST, ZOE",Knox,KC,0,83,40,6,0,6,0,.028,389,54,65,148,11,765,0,20,13,243,0,0,338,28,293,8,1,7,1,89.5,0,0.78,1.78,3.53,0.10,0.24,1.08,,,,,,,1.7964943156436999,40,87
2025-26,wvball,Midwest Conference (MWC),mwc,Cornell College,"Kaus, Lizzy",Lizzy,Kaus,,166,"Kaus, Lizzy","KAUS, LIZZY",Cornell College,CC,1043-5280,40,25,11,0,11,0,-.029,69,18,16,3,0,11,0,13,13,105,0,0,5,0,8,27,6,26,1,43,0,0.40,0.08,0.20,0.68,0.33,1.08,,,,,,,1.777057567843464,41,86
2025-26,wvball,Midwest Conference (MWC),mwc,Lawrence,"Wessel, Aria",Aria,Wessel,,348,"Wessel, Aria","WESSEL, ARIA",Lawrence,LU,1099-1391,124,0,77,0,77,0,.119,67,0,8,90,7,412,0,48,35,494,0,0,617,35,512,0,0,0,0,56,0,0.06,0.73,4.13,0.00,0.39,0.45,,,,,,,1.6725908990141143,42,86
2025-26,wvball,Midwest Conference (MWC),mwc,Illinois Col.,"Tate, Caidyn",Caidyn,Tate,,297,"Tate, Caidyn ","TATE, CAIDYN ",Illinois Col.,IC,1096-3887,39,8,11,0,11,0,.107,84,19,28,1,2,11,0,0,0,0,0,0,5,2,2,31,12,25,6,46.5,0,0.72,0.03,0.05,0.79,0.00,1.19,,,,,,,1.6023196648252807,43,86
2025-26,wvball,Midwest Conference (MWC),mwc,Lake Forest,"Osinaike, Simisola",Simisola,Osinaike,,344,"Osinaike, Simisola","OSINAIKE, SIMISOLA",Lake Forest,LFC,1098-2274,71,26,14,0,14,0,.119,286,44,78,3,5,39,0,0,3,3,0,0,11,2,30,40,10,24,16,106,3,1.10,0.04,0.42,0.56,0.00,1.49,,,,,,,1.4548161941817888,44,85
2025-26,wvball,Midwest Conference (MWC),mwc,Lawrence,"Schmall, Annaliesse",Annaliesse,Schmall,,348,"Schmall, Annaliesse","SCHMALL, ANNALIESSE",Lawrence,LU,1099-1383,53,25,7,0,7,0,.144,369,68,121,4,2,37,0,0,1,1,0,0,44,4,32,5,0,5,0,123.5,0,2.28,0.08,0.60,0.09,0.00,2.33,,,,,,,1.4395956330595001,45,85
2025-26,wvball,Midwest Conference (MWC),mwc,Lake Forest,"Yates, Crystyna",Crystyna,Yates,,344,"Yates, Crystyna","YATES, CRYSTYNA",Lake Forest,LFC,1098-2603,33,17,7,0,7,0,.058,190,47,58,0,1,27,0,5,6,44,0,0,115,17,41,3,1,2,1,65,1,1.76,0.00,1.24,0.09,0.15,1.97,,,,,,,1.426214800021417,46,85
2025-26,wvball,Midwest Conference (MWC),mwc,Monmouth (IL),"Allan, Leah",Leah,Allan,,438,"Allan, Leah","ALLAN, LEAH",Monmouth (IL),MC,1100-5637,99,48,1,0,1,0,.063,269,47,64,12,3,89,0,27,29,393,0,0,508,50,262,12,0,12,0,97,0,0.65,0.12,2.65,0.12,0.27,0.98,,,,,,,1.3274864229572065,47,84
2025-26,wvball,Midwest Conference (MWC),mwc,Ripon,"Michaels, Hannah",Hannah,Michaels,,577,"Michaels, Hannah","MICHAELS, HANNAH",Ripon,RC,1101-3541,78,61,10,0,10,0,.088,420,98,135,2,2,36,0,0,0,0,0,0,2,1,28,26,6,18,8,152,0,1.73,0.03,0.36,0.33,0.00,1.95,,,,,,,1.2425823900408905,48,84
2025-26,wvball,Midwest Conference (MWC),mwc,Illinois Col.,"Salisbury, Mady",Mady,Salisbury,,297,"Salisbury, Mady","SALISBURY, MADY",Illinois Col.,IC,1096-3769,103,1,22,0,22,0,.000,20,2,2,63,8,367,0,47,49,381,0,0,631,57,388,0,0,0,0,49,1,0.02,0.61,3.77,0.00,0.46,0.48,,,,,,,1.1931710373319766,49,84
2025-26,wvball,Midwest Conference (MWC),mwc,Lawrence,"Tinch, Chania",Chania,Tinch,,348,"Tinch, Chania","TINCH, CHANIA",Lawrence,LU,1099-1386,123,54,16,0,16,0,.218,422,58,150,4,5,51,0,0,1,1,0,0,3,0,21,50,8,38,12,181,0,1.22,0.03,0.17,0.41,0.00,1.47,,,,,,,1.1653795622416454,50,83
2025-26,wvball,Midwest Conference (MWC),mwc,Grinnell,"Carrigan, Kinsey",Kinsey,Carrigan,,264,"Carrigan, Kinsey","CARRIGAN, KINSEY",Grinnell,GC,1095-7659,39,8,15,0,15,0,.111,72,14,22,1,2,13,0,14,13,79,0,0,1,1,21,11,0,9,2,42.5,1,0.56,0.03,0.54,0.28,0.36,1.09,,,,,,,1.0910034693063229,51,83
2025-26,wvball,Midwest Conference (MWC),mwc,Illinois Col.,"Burglund, Alyssa",Alyssa,Burglund,,297,"Burglund, Alyssa","BURGLUND, ALYSSA",Illinois Col.,IC,1096-3330,109,2,23,0,23,0,.145,433,67,130,12,2,48,0,0,0,0,0,0,0,0,42,47,8,40,7,157,2,1.19,0.11,0.39,0.43,0.00,1.44,,,,,,,1.0579477722760808,52,83
2025-26,wvball,Midwest Conference (MWC),mwc,Monmouth (IL),"Aldrich, Lauren",Lauren,Aldrich,,438,"Aldrich, Lauren","ALDRICH, LAUREN",Monmouth (IL),MC,1100-5425,58,0,5,0,5,0,.092,382,83,118,0,0,19,0,3,3,28,0,0,211,20,21,6,1,5,1,124.5,1,2.03,0.00,0.36,0.10,0.05,2.15,,,,,,,0.9127326038661749,53,82
2025-26,wvball,Midwest Conference (MWC),mwc,Lawrence,"Seymour, Mikala",Mikala,Seymour,,348,"Seymour, Mikala","SEYMOUR, MIKALA",Lawrence,LU,1099-951,8,1,18,0,18,0,.188,16,1,4,0,0,3,0,1,0,3,0,0,0,0,1,4,2,1,3,8.5,0,0.50,0.00,0.13,0.50,0.13,1.06,,,,,,,0.8795080601256422,54,82
2025-26,wvball,Midwest Conference (MWC),mwc,Illinois Col.,"Frerichs, Amy",Amy,Frerichs,,297,"Frerichs, Amy","FRERICHS, AMY",Illinois Col.,IC,1096-3883,24,0,10,0,10,0,1.000,1,0,1,3,0,15,0,0,3,18,0,0,34,7,18,0,0,0,0,1,0,0.04,0.13,0.75,0.00,0.00,0.04,,,,,,,0.8734793515196335,55,82
2025-26,wvball,Midwest Conference (MWC),mwc,Ripon,"Riege, Michaela",Michaela,Riege,,577,"Riege, Michaela","RIEGE, MICHAELA",Ripon,RC,1101-3542,99,0,13,0,13,0,-.022,92,10,8,90,7,422,0,36,43,402,0,0,524,38,398,0,0,0,0,44,0,0.08,0.91,4.02,0.00,0.36,0.44,,,,,,,0.853830403435126,56,81
2025-26,wvball,Midwest Conference (MWC),mwc,Ripon,"Tranberg, Brooklyn",Brooklyn,Tranberg,,577,"Tranberg, Brooklyn","TRANBERG, BROOKLYN",Ripon,RC,1101-3736,41,13,6,0,6,0,.012,84,19,20,10,1,38,0,9,8,129,0,0,82,16,89,9,0,9,0,33.5,0,0.49,0.24,2.17,0.22,0.22,0.82,,,,,,,0.6983596766089671,57,81
2025-26,wvball,Midwest Conference (MWC),mwc,Monmouth (IL),"Nizzia, Zoe",Zoe,Nizzia,,438,"Nizzia, Zoe","NIZZIA, ZOE",Monmouth (IL),MC,1100-5260,102,0,19,0,19,0,.029,34,3,4,79,4,406,0,33,22,356,0,0,539,35,394,0,0,0,0,37,0,0.04,0.77,3.86,0.00,0.32,0.36,,,,,,,0.6723981847848767,58,81
2025-26,wvball,Midwest Conference (MWC),mwc,Grinnell,"Smith, Kylie-Ann",Kylie-Ann,Smith,,264,"Smith, Kylie-Ann","SMITH, KYLIE-ANN",Grinnell,GC,1095-6271,99,33,1,0,1,0,.063,96,3,9,664,15,1851,0,38,39,334,0,0,5,0,246,8,0,7,1,51.5,2,0.09,6.71,2.48,0.08,0.38,0.52,,,,,,,0.604427804728641,59,81
2025-26,wvball,Midwest Conference (MWC),mwc,Illinois Col.,"Huckstep, Elliana",Elliana,Huckstep,,297,"Huckstep, Elliana","HUCKSTEP, ELLIANA",Illinois Col.,IC,1096-4077,96,42,20,0,20,0,.080,400,92,124,7,1,35,0,0,0,1,0,0,6,1,32,35,4,31,4,143.5,1,1.29,0.07,0.33,0.36,0.00,1.49,,,,,,,0.5596072430811957,60,80
2025-26,wvball,Midwest Conference (MWC),mwc,Beloit,"Hoover, Kierra",Kierra,Hoover,,53,"Hoover, Kierra","HOOVER, KIERRA",Beloit,F-53,1093-1318,92,52,16,0,16,0,.159,509,69,150,1,6,71,0,0,0,1,0,0,3,1,34,15,1,12,3,159,2,1.63,0.01,0.37,0.16,0.00,1.73,,,,,,,0.5371944343256589,61,80
2025-26,wvball,Midwest Conference (MWC),mwc,Grinnell,"Mlynski, Nicole",Nicole,Mlynski,,264,"Mlynski, Nicole","MLYNSKI, NICOLE",Grinnell,GC,1095-5968,98,36,33,0,33,0,.170,466,52,131,5,5,47,0,1,0,51,0,0,40,2,61,20,2,17,3,143.5,3,1.34,0.05,0.62,0.20,0.01,1.46,,,,,,,0.5114871383880799,62,80
2025-26,wvball,Midwest Conference (MWC),mwc,Lawrence,"Josephson, Britta",Britta,Josephson,,348,"Josephson, Britta","JOSEPHSON, BRITTA",Lawrence,LU,1099-1382,116,11,8,0,8,0,.127,213,33,60,4,3,35,0,50,39,359,0,0,53,3,96,5,2,4,1,113,0,0.52,0.03,0.83,0.04,0.43,0.97,,,,,,,0.48631026034436287,63,79
2025-26,wvball,Midwest Conference (MWC),mwc,Ripon,"Wieczorek, Alexis",Alexis,Wieczorek,,577,"Wieczorek, Alexis","WIECZOREK, ALEXIS",Ripon,RC,1101-3734,100,74,17,0,17,0,.142,226,39,71,4,4,34,0,0,0,0,0,0,2,0,21,51,6,31,20,106.5,0,0.71,0.04,0.21,0.51,0.00,1.07,,,,,,,0.46361005363692354,64,79
2025-26,wvball,Midwest Conference (MWC),mwc,Illinois Col.,"Brandis, Summer",Summer,Brandis,,297,"Brandis, Summer","BRANDIS, SUMMER",Illinois Col.,IC,1096-3322,115,49,13,0,13,0,.229,109,8,33,543,23,1610,0,30,22,363,0,0,1,0,234,2,0,2,0,64,2,0.29,4.72,2.03,0.02,0.26,0.56,,,,,,,0.4043232406456576,65,79
2025-26,wvball,Midwest Conference (MWC),mwc,Cornell College,"Becker, Ella",Ella,Becker,,166,"Becker, Ella","BECKER, ELLA",Cornell College,CC,1043-4766,113,0,16,0,16,0,.057,35,0,2,70,3,355,0,16,11,381,0,0,488,28,529,0,0,0,0,18,0,0.02,0.62,4.68,0.00,0.14,0.16,,,,,,,0.4035935119464364,66,78
2025-26,wvball,Midwest Conference (MWC),mwc,Monmouth (IL),"Strachan, Chloe",Chloe,Strachan,,438,"Strachan, Chloe","STRACHAN, CHLOE",Monmouth (IL),MC,1100-5430,81,35,17,0,17,0,.053,374,68,88,4,4,43,0,0,0,11,0,0,9,0,38,32,3,25,7,107.5,0,1.09,0.05,0.47,0.40,0.00,1.33,,,,,,,0.3925425285086168,67,78
2025-26,wvball,Midwest Conference (MWC),mwc,Illinois Col.,"Ausmus, Ella",Ella,Ausmus,,297,"Ausmus, Ella","AUSMUS, ELLA",Illinois Col.,IC,1096-3547,18,3,19,0,19,0,.047,86,19,23,0,1,7,0,0,0,0,0,0,0,0,9,6,1,6,0,26,0,1.28,0.00,0.50,0.33,0.00,1.44,,,,,,,0.375539966829039,68,78
2025-26,wvball,Midwest Conference (MWC),mwc,Illinois Col.,"Rogers, Angelina",Angelina,Rogers,,297,"Rogers, Angelina","ROGERS, ANGELINA",Illinois Col.,IC,1096-4075,23,2,16,0,16,0,.136,118,18,34,0,0,9,0,0,1,9,0,0,41,10,15,3,2,1,2,36.5,0,1.48,0.00,0.65,0.13,0.00,1.59,,,,,,,0.23137856027981696,69,77
2025-26,wvball,Midwest Conference (MWC),mwc,Cornell College,"Manson, Kiana",Kiana,Manson,,166,"Manson, Kiana","MANSON, KIANA",Cornell College,CC,1043-5166,19,0,25,0,25,0,.182,88,12,28,0,0,5,0,0,0,2,0,0,10,0,3,3,2,3,0,29.5,0,1.47,0.00,0.16,0.16,0.00,1.55,,,,,,,0.19965311140184167,70,77
2025-26,wvball,Midwest Conference (MWC),mwc,Beloit,"Witte, Kaylee",Kaylee,Witte,,53,"Witte, Kaylee","WITTE, KAYLEE",Beloit,F-53,1093-1164,53,7,23,0,23,0,.108,176,27,46,6,7,69,0,10,10,74,0,0,115,7,83,1,0,1,0,56.5,1,0.87,0.11,1.57,0.02,0.19,1.07,,,,,,,0.18581547693687925,71,77
2025-26,wvball,Midwest Conference (MWC),mwc,Ripon,"Arlen, Tristin",Tristin,Arlen,,577,"Arlen, Tristin","ARLEN, TRISTIN",Ripon,RC,1101-3740,27,6,18,0,18,0,.143,28,1,5,127,12,386,0,8,8,77,0,0,3,0,62,0,1,0,0,13,1,0.19,4.70,2.30,0.00,0.30,0.48,,,,,,,0.16925385486504174,72,76
2025-26,wvball,Midwest Conference (MWC),mwc,Cornell College,"Proetz, Kaleigh",Kaleigh,Proetz,,166,"Proetz, Kaleigh","PROETZ, KALEIGH",Cornell College,CC,1043-5283,8,0,18,0,18,0,.600,5,0,3,0,0,1,0,1,1,9,0,0,3,2,3,0,0,0,0,4,0,0.38,0.00,0.38,0.00,0.13,0.50,,,,,,,0.15698603130089506,73,76
2025-26,wvball,Midwest Conference (MWC),mwc,Cornell College,"Tverberg, Grace",Grace,Tverberg,,166,"Tverberg, Grace","TVERBERG, GRACE",Cornell College,CC,1043-5542,108,25,22,0,22,0,.160,188,18,48,431,15,1353,0,11,17,115,0,0,6,1,110,28,5,27,1,73.5,0,0.44,3.99,1.02,0.26,0.10,0.68,,,,,,,-0.04174969231968412,74,76
2025-26,wvball,Midwest Conference (MWC),mwc,Lake Forest,"Fry, Sadie",Sadie,Fry,,344,"Fry, Sadie","FRY, SADIE",Lake Forest,LFC,1098-2275,51,25,16,0,16,0,.108,139,17,32,2,1,30,0,0,0,3,0,0,3,1,19,22,1,17,5,45.5,0,0.63,0.04,0.37,0.43,0.00,0.89,,,,,,,-0.10400776988730845,75,75
2025-26,wvball,Midwest Conference (MWC),mwc,Beloit,"Paschal, Lizzie",Lizzie,Paschal,,53,"Paschal, Lizzie","PASCHAL, LIZZIE",Beloit,F-53,1093-1394,57,31,22,0,22,0,-.012,163,28,26,129,27,596,0,15,8,152,0,0,68,3,122,3,0,3,0,42.5,2,0.46,2.26,2.14,0.05,0.26,0.75,,,,,,,-0.11188616762110348,76,75
2025-26,wvball,Midwest Conference (MWC),mwc,Grinnell,"Hurst, Marlowe",Marlowe,Hurst,,264,"Hurst, Marlowe","HURST, MARLOWE",Grinnell,GC,1095-7454,60,16,6,0,6,0,.097,31,1,4,230,13,695,0,26,31,187,0,0,2,0,83,1,0,1,0,30.5,0,0.07,3.83,1.38,0.02,0.43,0.51,,,,,,,-0.12872160196743448,77,75
2025-26,wvball,Midwest Conference (MWC),mwc,Ripon,"Jacobson, Mattea",Mattea,Jacobson,,577,"Jacobson, Mattea","JACOBSON, MATTEA",Ripon,RC,1101-3738,88,0,7,0,7,0,.288,104,9,39,350,15,1091,0,0,0,10,0,0,3,1,38,28,5,25,3,54.5,0,0.44,3.98,0.43,0.32,0.00,0.62,,,,,,,-0.15952643706834513,78,75
2025-26,wvball,Midwest Conference (MWC),mwc,Lawrence,"Siegel, Zoe",Zoe,Siegel,,348,"Siegel, Zoe","SIEGEL, ZOE",Lawrence,LU,1099-1384,10,3,14,0,14,0,.333,30,0,10,0,0,2,0,0,2,3,0,0,0,0,3,1,0,1,0,10.5,0,1.00,0.00,0.30,0.10,0.00,1.05,,,,,,,-0.16728281905459164,79,74
2025-26,wvball,Midwest Conference (MWC),mwc,Knox,"Gamez, Amelia",Amelia,Gamez,,337,"Gamez, Amelia","GAMEZ, AMELIA",Knox,KC,0,91,31,14,0,14,0,.040,505,71,91,4,8,84,0,14,10,107,0,0,243,31,82,9,4,6,3,111,0,1.00,0.04,0.90,0.10,0.15,1.22,,,,,,,-0.19288247313566997,80,74
2025-26,wvball,Midwest Conference (MWC),mwc,Knox,"Conley, Cilia",Cilia,Conley,,337,"Conley, Cilia","CONLEY, CILIA",Knox,KC,0,85,52,9,0,9,0,.053,189,26,36,5,4,70,0,13,5,179,0,0,11,1,53,28,1,25,3,64.5,0,0.42,0.06,0.62,0.33,0.15,0.76,,,,,,,-0.2225188410488088,81,74
2025-26,wvball,Midwest Conference (MWC),mwc,Knox,"Karli, Lydia",Lydia,Karli,,337,"Karli, Lydia","KARLI, LYDIA",Knox,KC,0,91,57,11,0,11,0,.100,311,37,68,4,6,58,0,3,11,84,0,0,61,8,34,30,3,26,4,88,3,0.75,0.04,0.37,0.33,0.03,0.97,,,,,,,-0.2639137179472335,82,73
2025-26,wvball,Midwest Conference (MWC),mwc,Illinois Col.,"Gros, Julie",Julie,Gros,,297,"Gros, Julie","GROS, JULIE",Illinois Col.,IC,1096-4079,6,0,6,0,6,0,-.097,31,8,5,1,0,2,0,1,2,12,0,0,15,0,8,1,1,1,0,6.5,0,0.83,0.17,1.33,0.17,0.17,1.08,,,,,,,-0.3138305715611609,83,73
2025-26,wvball,Midwest Conference (MWC),mwc,Grinnell,"Kuhn, Molly",Molly,Kuhn,,264,"Kuhn, Molly","KUHN, MOLLY",Grinnell,GC,1095-7660,32,0,13,0,13,0,.333,3,0,1,1,0,24,0,5,4,48,0,0,92,10,60,0,0,0,0,6,0,0.03,0.03,1.88,0.00,0.16,0.19,,,,,,,-0.3473808840015502,84,73
2025-26,wvball,Midwest Conference (MWC),mwc,Grinnell,"Appel, Emilee",Emilee,Appel,,264,"Appel, Emilee","APPEL, EMILEE",Grinnell,GC,1095-7658,71,12,9,0,9,0,.250,4,0,1,5,1,34,0,27,30,252,0,0,48,1,57,0,0,0,0,28,0,0.01,0.07,0.80,0.00,0.38,0.39,,,,,,,-0.3664980455699952,85,72
2025-26,wvball,Midwest Conference (MWC),mwc,Grinnell,"Lim, Gracie",Gracie,Lim,,264,"Lim, Gracie","LIM, GRACIE",Grinnell,GC,1095-7455,99,0,4,0,4,0,.000,36,2,2,66,5,363,0,16,17,157,0,0,552,50,360,0,0,0,0,18,0,0.02,0.67,3.64,0.00,0.16,0.18,,,,,,,-0.5071616181964279,86,72
2025-26,wvball,Midwest Conference (MWC),mwc,Beloit,"Gerard, Aaliyah",Aaliyah,Gerard,,53,"Gerard, Aaliyah","GERARD, AALIYAH",Beloit,F-53,1093-1571,88,51,14,0,14,0,.033,92,12,15,307,22,1203,0,29,21,260,0,0,30,0,150,1,0,1,0,44.5,1,0.17,3.49,1.70,0.01,0.33,0.51,,,,,,,-0.5777852405927006,87,72
2025-26,wvball,Midwest Conference (MWC),mwc,Ripon,"Braun, Emily",Emily,Braun,,577,"Braun, Emily","BRAUN, EMILY",Ripon,RC,1101-3236,77,65,2,0,2,0,.109,46,6,11,352,24,1162,0,20,24,198,0,0,7,1,139,0,1,0,0,31,0,0.14,4.57,1.81,0.00,0.26,0.40,,,,,,,-0.6432062174599729,88,71
2025-26,wvball,Midwest Conference (MWC),mwc,Cornell College,"Falco, Maddy",Maddy,Falco,,166,"Falco, Maddy","FALCO, MADDY",Cornell College,CC,1043-5536,33,3,8,0,8,0,.500,2,0,1,2,0,9,0,5,4,61,0,0,36,5,15,0,0,0,0,6,0,0.03,0.06,0.45,0.00,0.15,0.18,,,,,,,-0.7349344560493121,89,71
2025-26,wvball,Midwest Conference (MWC),mwc,Knox,"Black, Sam",Sam,Black,,337,"Black, Sam","BLACK, SAM",Knox,KC,0,81,0,7,0,7,0,-.098,41,7,3,28,7,270,0,16,9,203,0,0,435,49,287,0,0,0,0,19,0,0.04,0.35,3.54,0.00,0.20,0.23,,,,,,,-0.7575619931088156,90,71
2025-26,wvball,Midwest Conference (MWC),mwc,Knox,"Holland, Bri",Bri,Holland,,337,"Holland, Bri","HOLLAND, BRI",Knox,KC,0,56,22,3,0,3,0,-.034,29,4,3,123,9,577,0,15,11,156,0,0,35,5,145,0,0,0,0,18,1,0.05,2.20,2.59,0.00,0.27,0.32,,,,,,,-0.7914085780961222,91,70
2025-26,wvball,Midwest Conference (MWC),mwc,Ripon,"Differt, Samantha",Samantha,Differt,,577,"Differt, Samantha","DIFFERT, SAMANTHA",Ripon,RC,1101-3238,96,4,15,0,15,0,.000,24,3,3,13,3,62,0,29,24,303,0,0,265,19,206,1,0,1,0,32.5,0,0.03,0.14,2.15,0.01,0.30,0.34,,,,,,,-0.7948051813157029,92,70
2025-26,wvball,Midwest Conference (MWC),mwc,Grinnell,"Choy, Gabby",Gabby,Choy,,264,"Choy, Gabby","CHOY, GABBY",Grinnell,GC,1095-5967,78,18,22,0,22,0,.000,14,1,1,5,2,67,0,19,25,260,0,0,263,25,205,0,0,0,0,20,0,0.01,0.06,2.63,0.00,0.24,0.26,,,,,,,-0.8450512136178802,93,70
2025-26,wvball,Midwest Conference (MWC),mwc,Illinois Col.,"Oster, Reagan",Reagan,Oster,,297,"Oster, Reagan","OSTER, REAGAN",Illinois Col.,IC,1096-3884,111,14,25,0,25,0,-.080,112,34,25,18,3,97,0,35,52,276,0,0,566,69,211,1,1,0,1,61,0,0.23,0.16,1.90,0.01,0.32,0.55,,,,,,,-0.867997154953751,94,70
2025-26,wvball,Midwest Conference (MWC),mwc,Lake Forest,"Evans, Lilli",Lilli,Evans,,344,"Evans, Lilli","EVANS, LILLI",Lake Forest,LFC,1098-2258,15,5,12,0,12,0,.040,50,12,14,0,0,3,0,0,0,1,0,0,1,0,8,3,0,2,1,16,0,0.93,0.00,0.53,0.20,0.00,1.07,,,,,,,-0.8952734506023766,95,69
2025-26,wvball,Midwest Conference (MWC),mwc,Illinois Col.,"O'Neal, Kahli",Kahli,O'Neal,,297,"O'Neal, Kahli","O'NEAL, KAHLI",Illinois Col.,IC,1096-3889,82,0,4,0,4,0,.266,64,3,20,316,14,902,0,11,24,276,0,0,1,0,101,0,0,0,0,31,1,0.24,3.85,1.23,0.00,0.13,0.38,,,,,,,-0.9101078035056246,96,69
2025-26,wvball,Midwest Conference (MWC),mwc,Beloit,"Schmitt, Adelaide",Adelaide,Schmitt,,53,"Schmitt, Adelaide","SCHMITT, ADELAIDE",Beloit,F-53,1093-1395,66,0,9,0,9,0,.108,37,2,6,33,7,212,0,6,7,132,0,0,339,29,185,0,0,0,0,12,1,0.09,0.50,2.80,0.00,0.09,0.18,,,,,,,-0.9113841575419784,97,69
2025-26,wvball,Midwest Conference (MWC),mwc,Ripon,"Carlson, Bryn",Bryn,Carlson,,577,"Carlson, Bryn","CARLSON, BRYN",Ripon,RC,1101-3737,99,43,5,0,5,0,-.200,25,6,1,25,6,109,0,33,14,415,0,0,336,19,301,0,0,0,0,34,0,0.01,0.25,3.04,0.00,0.33,0.34,,,,,,,-0.9284392322342914,98,68
2025-26,wvball,Midwest Conference (MWC),mwc,Monmouth (IL),"Scott, Shea",Shea,Scott,,438,"Scott, Shea","SCOTT, SHEA",Monmouth (IL),MC,1100-5257,27,2,9,0,9,0,.088,114,26,36,1,1,16,0,0,0,1,0,0,77,9,16,0,0,0,0,36,0,1.33,0.04,0.59,0.00,0.00,1.33,,,,,,,-0.9317554821769765,99,68
2025-26,wvball,Midwest Conference (MWC),mwc,Lake Forest,"Kevric, Alisa",Alisa,Kevric,,344,"Kevric, Alisa","KEVRIC, ALISA",Lake Forest,LFC,1098-2601,63,2,5,0,5,0,-.069,29,2,0,34,4,184,0,10,20,176,0,0,306,22,217,0,0,0,0,10,0,0.00,0.54,3.44,0.00,0.16,0.16,,,,,,,-0.9900654791842983,100,68
2025-26,wvball,Midwest Conference (MWC),mwc,Beloit,"Suiter-Meyers, Kyra",Kyra,Suiter-Meyers,,53,"Suiter-Meyers, Kyra","SUITER-MEYERS, KYRA",Beloit,F-53,1093-1322,78,25,21,0,21,0,.035,368,76,89,4,5,41,0,0,2,10,0,0,51,10,29,10,1,10,0,94,1,1.14,0.05,0.37,0.13,0.00,1.21,,,,,,,-1.0134187765178158,101,67
2025-26,wvball,Midwest Conference (MWC),mwc,Lake Forest,"Almonte, Margaret",Margaret,Almonte,,344,"Almonte, Margaret","ALMONTE, MARGARET",Lake Forest,LFC,1098-2462,60,0,13,0,13,0,-.063,16,3,2,25,0,145,0,18,20,132,0,0,176,25,131,0,1,0,0,20,1,0.03,0.42,2.18,0.00,0.30,0.33,,,,,,,-1.0957850480762388,102,67
2025-26,wvball,Midwest Conference (MWC),mwc,Knox,"Hernandez-Rivera, Rebeca",Rebeca,Hernandez-Rivera,,337,"Hernandez-Rivera, Rebeca","HERNANDEZ-RIVERA, REBECA",Knox,KC,0,60,23,4,0,4,0,-.020,99,16,14,162,14,787,0,8,22,134,0,0,75,4,131,4,2,3,1,24.5,3,0.23,2.70,2.18,0.07,0.13,0.41,,,,,,,-1.1178620860840245,103,67
2025-26,wvball,Midwest Conference (MWC),mwc,Lake Forest,"Pena, Lexi",Lexi,Pena,,344,"Pena, Lexi","PENA, LEXI",Lake Forest,LFC,1098-2272,43,0,2,0,2,0,.000,10,0,0,8,2,38,0,14,12,142,0,0,127,7,68,0,0,0,0,14,0,0.00,0.19,1.58,0.00,0.33,0.33,,,,,,,-1.1590969633550738,104,66
2025-26,wvball,Midwest Conference (MWC),mwc,Cornell College,"Rosonke, Braelyn",Braelyn,Rosonke,,166,"Rosonke, Braelyn","ROSONKE, BRAELYN",Cornell College,CC,1043-5537,3,0,10,0,10,0,.333,6,0,2,0,0,0,0,0,1,2,0,0,0,0,1,0,0,0,0,2,0,0.67,0.00,0.33,0.00,0.00,0.67,,,,,,,-1.2233813926593535,105,66
2025-26,wvball,Midwest Conference (MWC),mwc,Cornell College,"Staats, Kensie",Kensie,Staats,,166,"Staats, Kensie","STAATS, KENSIE",Cornell College,CC,1043-5005,109,32,5,0,5,0,-.179,28,5,0,11,1,61,0,47,42,399,0,0,481,34,195,0,0,0,0,47,0,0.00,0.10,1.79,0.00,0.43,0.43,,,,,,,-1.2459725978359186,106,66
2025-26,wvball,Midwest Conference (MWC),mwc,Lawrence,"Vlkovic, Amanda",Amanda,Vlkovic,,348,"Vlkovic, Amanda","VLKOVIC, AMANDA",Lawrence,LU,1099-1390,124,15,12,0,12,0,-.043,23,3,2,28,1,88,0,31,34,432,0,0,477,14,278,0,0,0,0,33,0,0.02,0.23,2.24,0.00,0.25,0.27,,,,,,,-1.2494810829152656,107,65
2025-26,wvball,Midwest Conference (MWC),mwc,Ripon,"Fletcher, Rilee",Rilee,Fletcher,,577,"Fletcher, Rilee","FLETCHER, RILEE",Ripon,RC,1101-3733,3,0,1,0,1,0,.000,0,0,0,0,0,0,0,1,0,5,0,0,0,0,4,0,0,0,0,1,0,0.00,0.00,1.33,0.00,0.33,0.33,,,,,,,-1.3442505883551972,108,65
2025-26,wvball,Midwest Conference (MWC),mwc,Ripon,"Dominguez Trujillo, Evelyn",Evelyn,Dominguez Trujillo,,577,"Dominguez Trujillo, Evelyn","DOMINGUEZ TRUJILLO, EVELYN",Ripon,RC,1101-3544,5,0,16,0,16,0,.000,1,0,0,1,0,4,0,1,1,12,0,0,8,3,11,0,0,0,0,1,0,0.00,0.20,2.20,0.00,0.20,0.20,,,,,,,-1.3950055072503824,109,65
2025-26,wvball,Midwest Conference (MWC),mwc,Knox,"Diaz, Mayra",Mayra,Diaz,,337,"Diaz, Mayra","DIAZ, MAYRA",Knox,KC,0,27,0,13,0,13,0,-.015,67,13,12,1,1,14,0,5,3,23,0,0,60,6,25,1,0,1,0,17.5,0,0.44,0.04,0.93,0.04,0.19,0.65,,,,,,,-1.480262967530019,110,64
2025-26,wvball,Midwest Conference (MWC),mwc,Knox,"Dittrich, Madelyn",Madelyn,Dittrich,,337,"Dittrich, Madelyn","DITTRICH, MADELYN",Knox,KC,0,60,5,8,0,8,0,.083,24,1,3,83,16,414,0,11,6,163,0,0,54,4,92,0,0,0,0,14,1,0.05,1.38,1.53,0.00,0.18,0.23,,,,,,,-1.5497461393117042,111,64
2025-26,wvball,Midwest Conference (MWC),mwc,Cornell College,"Downey, Sully",Sully,Downey,,166,"Downey, Sully","DOWNEY, SULLY",Cornell College,CC,1043-5534,99,57,2,0,2,0,-.133,30,5,1,14,0,70,0,31,22,314,0,0,323,21,193,0,0,0,0,32,0,0.01,0.14,1.95,0.00,0.31,0.32,,,,,,,-1.551780197353721,112,64
2025-26,wvball,Midwest Conference (MWC),mwc,Beloit,"Stout, Renee",Renee,Stout,,53,"Stout, Renee","STOUT, RENEE",Beloit,F-53,1093-1573,50,0,4,0,4,0,.143,7,0,1,20,1,122,0,5,10,97,0,0,235,30,91,0,0,0,0,6,0,0.02,0.40,1.82,0.00,0.10,0.12,,,,,,,-1.5550876690387858,113,64
2025-26,wvball,Midwest Conference (MWC),mwc,Illinois Col.,"Cox, Liv",Liv,Cox,,297,"Cox, Liv","COX, LIV",Illinois Col.,IC,1096-4078,34,0,26,0,26,0,-.100,20,4,2,115,10,384,0,11,11,118,0,0,3,1,49,0,0,0,0,13,0,0.06,3.38,1.44,0.00,0.32,0.38,,,,,,,-1.6446811810559092,114,63
2025-26,wvball,Midwest Conference (MWC),mwc,Monmouth (IL),"Hill, Bailey",Bailey,Hill,,438,"Hill, Bailey","HILL, BAILEY",Monmouth (IL),MC,1100-4949,102,9,18,0,18,0,.043,47,4,6,388,11,1334,0,19,29,264,0,0,11,0,156,0,0,0,0,25,1,0.06,3.80,1.53,0.00,0.19,0.25,,,,,,,-1.6523125166872716,115,63
2025-26,wvball,Midwest Conference (MWC),mwc,Lake Forest,"Sekulich, Mikayla",Mikayla,Sekulich,,344,"Sekulich, Mikayla","SEKULICH, MIKAYLA",Lake Forest,LFC,1098-2460,12,2,1,0,1,0,.000,28,6,6,0,0,2,0,0,1,1,0,0,3,0,5,3,0,3,0,7.5,0,0.50,0.00,0.42,0.25,0.00,0.63,,,,,,,-1.6594068760181728,116,63
2025-26,wvball,Midwest Conference (MWC),mwc,Lake Forest,"Cetina, Tea",Tea,Cetina,,344,"Cetina, Tea","CETINA, TEA",Lake Forest,LFC,1098-2606,25,1,17,0,17,0,.033,30,7,8,13,3,62,0,3,3,43,0,0,2,0,28,1,0,1,0,11.5,1,0.32,0.52,1.12,0.04,0.12,0.46,,,,,,,-1.7168400723159827,117,62
2025-26,wvball,Midwest Conference (MWC),mwc,Beloit,"Ortiz, Emily",Emily,Ortiz,,53,"Ortiz, Emily","ORTIZ, EMILY",Beloit,F-53,1093-1393,62,0,6,0,6,0,-.029,34,4,3,153,10,558,0,17,16,162,0,0,7,1,80,0,0,0,0,20,1,0.05,2.47,1.29,0.00,0.27,0.32,,,,,,,-1.732501033227385,118,62
2025-26,wvball,Midwest Conference (MWC),mwc,Knox,"Smith, Carly",Carly,Smith,,337,"Smith, Carly","SMITH, CARLY",Knox,KC,0,12,5,12,0,12,0,.091,22,4,6,2,1,7,0,0,0,0,0,0,1,0,2,2,0,2,0,7,0,0.50,0.17,0.17,0.17,0.00,0.58,,,,,,,-1.8470859256467331,119,62
2025-26,wvball,Midwest Conference (MWC),mwc,Knox,"Pav, Zoe",Zoe,Pav,,337,"Pav, Zoe","PAV, ZOE",Knox,KC,0,43,0,2,0,2,0,.000,3,0,0,13,4,77,0,4,2,41,0,0,176,15,96,1,0,1,0,4.5,0,0.00,0.30,2.23,0.02,0.09,0.10,,,,,,,-1.8615443019646474,120,61
2025-26,wvball,Midwest Conference (MWC),mwc,Ripon,"Klein, Sydney",Sydney,Klein,,577,"Klein, Sydney","KLEIN, SYDNEY",Ripon,RC,1101-3739,24,0,8,0,8,0,.000,4,0,0,0,0,9,0,3,5,66,0,0,63,6,48,0,1,0,0,3,0,0.00,0.00,2.00,0.00,0.13,0.13,,,,,,,-1.9174073870404276,121,61
2025-26,wvball,Midwest Conference (MWC),mwc,Knox,"Jones, Kayleigh",Kayleigh,Jones,,337,"Jones, Kayleigh","JONES, KAYLEIGH",Knox,KC,0,28,2,1,0,1,0,.019,53,13,14,19,6,114,0,1,3,21,0,0,1,0,15,2,0,2,0,16,0,0.50,0.68,0.54,0.07,0.04,0.57,,,,,,,-2.168734208092374,122,61
2025-26,wvball,Midwest Conference (MWC),mwc,Beloit,"Kapuni-Lankford, Kawailehua",Kawailehua,Kapuni-Lankford,,53,"Kapuni-Lankford, Kawailehua","KAPUNI-LANKFORD, KAWAILEHUA",Beloit,F-53,1093-1572,63,0,3,0,3,0,-.030,133,19,15,3,3,34,0,5,5,28,0,0,60,7,36,9,0,8,1,25,0,0.24,0.05,0.57,0.14,0.08,0.40,,,,,,,-2.25550590850506,123,60
2025-26,wvball,Midwest Conference (MWC),mwc,Beloit,"McClellan, Sydney",Sydney,McClellan,,53,"McClellan, Sydney","MCCLELLAN, SYDNEY",Beloit,F-53,1093-1320,3,0,24,0,24,0,.000,0,0,0,0,0,1,0,1,0,3,0,0,0,0,0,0,0,0,0,1,0,0.00,0.00,0.00,0.00,0.33,0.33,,,,,,,-2.3292678733558527,124,60
2025-26,wvball,Midwest Conference (MWC),mwc,Ripon,"Gardner, MaKayla",MaKayla,Gardner,,577,"Gardner, MaKayla","GARDNER, MAKAYLA",Ripon,RC,1101-3543,16,0,14,0,14,0,.000,1,0,0,2,0,8,0,2,4,43,0,0,23,2,14,0,0,0,0,2,0,0.00,0.13,0.88,0.00,0.13,0.13,,,,,,,-2.74689562704098,125,60
2025-26,wvball,Midwest Conference (MWC),mwc,Beloit,"Schwartz, Lydia",Lydia,Schwartz,,53,"Schwartz, Lydia","SCHWARTZ, LYDIA",Beloit,F-53,1093-1576,43,3,7,0,7,0,-.250,12,4,1,7,1,33,0,8,7,80,0,0,121,13,71,0,0,0,0,9,0,0.02,0.16,1.65,0.00,0.19,0.21,,,,,,,-2.90589893961347,126,59
2025-26,wvball,Midwest Conference (MWC),mwc,Lake Forest,"Smith, Maddy",Maddy,Smith,,344,"Smith, Maddy","SMITH, MADDY",Lake Forest,LFC,1098-2604,7,0,8,0,8,0,.000,0,0,0,0,1,2,0,1,3,16,0,0,22,4,4,0,0,0,0,1,0,0.00,0.00,0.57,0.00,0.14,0.14,,,,,,,-2.9230176963568546,127,59
2025-26,wvball,Midwest Conference (MWC),mwc,Monmouth (IL),"Palladino, Cece",Cece,Palladino,,438,"Palladino, Cece","PALLADINO, CECE",Monmouth (IL),MC,1100-4954,8,1,14,0,14,0,-.250,16,4,0,0,0,2,0,0,1,1,0,0,0,0,1,3,1,3,0,1.5,0,0.00,0.00,0.13,0.38,0.00,0.19,,,,,,,-3.1942521759630615,128,59
2025-26,wvball,Midwest Conference (MWC),mwc,Lake Forest,"Balzanto, Karli",Karli,Balzanto,,344,"Balzanto, Karli","BALZANTO, KARLI",Lake Forest,LFC,1098-2273,3,0,4,0,4,0,.000,0,0,0,0,0,5,0,0,0,5,0,0,7,3,3,0,0,0,0,0,0,0.00,0.00,1.00,0.00,0.00,0.00,,,,,,,-3.353111420936535,129,58
2025-26,wvball,Midwest Conference (MWC),mwc,Illinois Col.,"Thomas, Keyleigh",Keyleigh,Thomas,,297,"Thomas, Keyleigh","THOMAS, KEYLEIGH",Illinois Col.,IC,1096-3327,9,2,8,0,8,0,-.056,18,4,3,0,0,0,0,0,0,0,0,0,1,0,3,0,1,0,0,3,0,0.33,0.00,0.33,0.00,0.00,0.33,,,,,,,-3.511095013933014,130,58
2025-26,wvball,Midwest Conference (MWC),mwc,Lake Forest,"Bermea, Daniela",Daniela,Bermea,,344,"Bermea, Daniela","BERMEA, DANIELA",Lake Forest,LFC,1098-2607,6,2,18,0,18,0,-.059,17,3,2,0,2,4,0,0,0,1,0,0,20,3,1,0,0,0,0,2,0,0.33,0.00,0.17,0.00,0.00,0.33,,,,,,,-3.6426171708547206,131,58
2025-26,wvball,Midwest Conference (MWC),mwc,Monmouth (IL),"Hill, Hazel",Hazel,Hill,,438,"Hill, Hazel","HILL, HAZEL",Monmouth (IL),MC,1100-5639,2,0,11,0,11,0,.000,1,0,0,0,0,0,0,0,0,0,0,0,0,0,1,0,0,0,0,0,0,0.00,0.00,0.50,0.00,0.00,0.00,,,,,,,-3.723418670936782,132,58
2025-26,wvball,Midwest Conference (MWC),mwc,Beloit,"Hacker, Cloe",Cloe,Hacker,,53,"Hacker, Cloe","HACKER, CLOE",Beloit,F-53,1093-1575,18,1,15,0,15,0,-.067,30,4,2,0,1,3,0,0,0,0,0,0,1,0,2,1,1,1,0,2.5,0,0.11,0.00,0.11,0.06,0.00,0.14,,,,,,,-3.8111577439013393,133,57
2025-26,wvball,Midwest Conference (MWC),mwc,Lawrence,"Kragie, Natalee",Natalee,Kragie,,348,"Kragie, Natalee","KRAGIE, NATALEE",Lawrence,LU,1099-1097,0,0,6,0,6,0,,,,,,,,,,,,,,,,,,,,,,,0,0,0,0,0,0,,,,,,,-3.835813159348124,134,57
2025-26,wvball,Midwest Conference (MWC),mwc,Monmouth (IL),"Mattson, Tyla",Tyla,Mattson,,438,"Mattson, Tyla","MATTSON, TYLA",Monmouth (IL),MC,1100-5428,0,0,2,0,2,0,,,,,,,,,,,,,,,,,,,,,,,0,0,0,0,0,0,,,,,,,-3.835813159348124,135,57
2025-26,wvball,Midwest Conference (MWC),mwc,Knox,"Novikova, Alisa",Alisa,Novikova,,337,"Novikova, Alisa","NOVIKOVA, ALISA",Knox,KC,0,0,0,10,0,10,0,,,,,,,,,,,,,,,,,,,,,,,0,0,0,0,0,0,,,,,,,-3.835813159348124,136,56
2025-26,wvball,Midwest Conference (MWC),mwc,Lake Forest,"Savoia Free, Sarah",Sarah,Savoia Free,,344,"Savoia Free, Sarah","SAVOIA FREE, SARAH",Lake Forest,LFC,1098-2600,0,0,3,0,3,0,,,,,,,,,,,,,,,,,,,,,,,0,0,0,0,0,0,,,,,,,-3.835813159348124,137,56
2025-26,wvball,Midwest Conference (MWC),mwc,Cornell College,"Smallwood, Amiya",Amiya,Smallwood,,166,"Smallwood, Amiya","SMALLWOOD, AMIYA",Cornell College,CC,1043-5282,0,0,17,0,17,0,,,,,,,,,,,,,,,,,,,,,,,0,0,0,0,0,0,,,,,,,-3.835813159348124,138,56
2025-26,wvball,Midwest Conference (MWC),mwc,Knox,"Walsh, Nikki",Nikki,Walsh,,337,"Walsh, Nikki","WALSH, NIKKI",Knox,KC,0,0,0,15,0,15,0,,,,,,,,,,,,,,,,,,,,,,,0,0,0,0,0,0,,,,,,,-3.835813159348124,139,55
2025-26,wvball,Midwest Conference (MWC),mwc,Lake Forest,"Almoradie, Rylie",Rylie,Almoradie,,344,"Almoradie, Rylie","ALMORADIE, RYLIE",Lake Forest,LFC,1098-2602,18,3,6,0,6,0,-.200,5,1,0,3,3,16,0,0,3,10,0,0,42,3,24,0,0,0,0,0,0,0.00,0.17,1.33,0.00,0.00,0.00,,,,,,,-3.976964430711488,140,55
2025-26,wvball,Midwest Conference (MWC),mwc,Cornell College,"Kirby, Campbell",Campbell,Kirby,,166,"Kirby, Campbell","KIRBY, CAMPBELL",Cornell College,CC,1043-5279,30,0,9,0,9,0,.000,0,0,0,0,0,2,0,0,3,10,0,0,20,1,4,0,0,0,0,0,0,0.00,0.00,0.13,0.00,0.00,0.00,,,,,,,-3.997446035936964,141,55
2025-26,wvball,Midwest Conference (MWC),mwc,Lawrence,"Fisher, Hannah",Hannah,Fisher,,348,"Fisher, Hannah","FISHER, HANNAH",Lawrence,LU,1099-1388,14,0,3,0,3,0,.000,0,0,0,0,0,0,0,0,0,3,0,0,1,0,1,0,0,0,0,0,0,0.00,0.00,0.07,0.00,0.00,0.00,,,,,,,-4.041882905936993,142,54
2025-26,wvball,Midwest Conference (MWC),mwc,Monmouth (IL),"Clarke, Ivey",Ivey,Clarke,,438,"Clarke, Ivey","CLARKE, IVEY",Monmouth (IL),MC,1100-5638,1,0,13,0,13,0,.000,0,0,0,0,0,0,0,0,0,1,0,0,0,0,0,0,0,0,0,0.0,0,0.00,0.00,0.00,0.00,0.00,0.00,,,,,,,-4.093725920937027,143,54
2025-26,wvball,Midwest Conference (MWC),mwc,Monmouth (IL),"Ivancho, Hannah",Hannah,Ivancho,,438,"Ivancho, Hannah","IVANCHO, HANNAH",Monmouth (IL),MC,1100-5640,2,0,10,0,10,0,.000,0,0,0,0,0,2,0,0,0,3,0,0,2,0,0,0,0,0,0,0,0,0.00,0.00,0.00,0.00,0.00,0.00,,,,,,,-4.093725920937027,144,54
2025-26,wvball,Midwest Conference (MWC),mwc,Illinois Col.,"Leslie, Ari",Ari,Leslie,,297,"Leslie, Ari","LESLIE, ARI",Illinois Col.,IC,1096-4076,1,0,9,0,9,0,.000,0,0,0,0,0,0,0,0,0,1,0,0,0,0,0,0,0,0,0,0,0,0.00,0.00,0.00,0.00,0.00,0.00,,,,,,,-4.093725920937027,145,53
2025-26,wvball,Midwest Conference (MWC),mwc,Knox,"Ohlson, Bri",Bri,Ohlson,,337,"Ohlson, Bri","OHLSON, BRI",Knox,KC,0,4,0,19,0,19,0,.000,0,0,0,0,0,2,0,0,0,3,0,0,2,0,0,0,0,0,0,0,0,0.00,0.00,0.00,0.00,0.00,0.00,,,,,,,-4.093725920937027,146,53
2025-26,wvball,Midwest Conference (MWC),mwc,Cornell College,"Weber, Emma",Emma,Weber,,166,"Weber, Emma","WEBER, EMMA",Cornell College,CC,1043-5278,12,0,3,0,3,0,.000,0,0,0,0,0,0,0,0,1,2,0,0,2,2,0,0,0,0,0,0,0,0.00,0.00,0.00,0.00,0.00,0.00,,,,,,,-4.093725920937027,147,53
2025-26,wvball,Midwest Conference (MWC),mwc,Monmouth (IL),"Zapp, Lily",Lily,Zapp,,438,"Zapp, Lily","ZAPP, LILY",Monmouth (IL),MC,1100-5642,4,0,8,0,8,0,.000,0,0,0,0,0,0,0,0,0,0,0,0,0,0,0,0,0,0,0,0.0,0,0.00,0.00,0.00,0.00,0.00,0.00,,,,,,,-4.093725920937027,148,53
2025-26,wvball,Midwest Conference (MWC),mwc,Lawrence,"Vannett, Sydney",Sydney,Vannett,,348,"Vannett, Sydney","VANNETT, SYDNEY",Lawrence,LU,1099-1389,61,0,1,0,1,0,-.500,2,1,0,6,0,18,0,17,14,131,0,0,48,5,34,0,0,0,0,17,0,0.00,0.10,0.56,0.00,0.28,0.28,,,,,,,-4.3525053687147555,149,52
2025-26,wvball,Midwest Conference (MWC),mwc,Lawrence,"Huggenvik, Grace",Grace,Huggenvik,,348,"Huggenvik, Grace","HUGGENVIK, GRACE",Lawrence,LU,1099-1385,10,2,2,0,2,0,-.100,10,1,0,4,1,15,0,0,0,0,0,0,1,0,2,0,1,0,0,0,0,0.00,0.40,0.20,0.00,0.00,0.00,,,,,,,-4.379730918324487,150,52
2025-26,wvball,Midwest Conference (MWC),mwc,Beloit,"Garcia, Aileen",Aileen,Garcia,,53,"Garcia, Aileen","GARCIA, AILEEN",Beloit,F-53,1093-1148,56,1,1,0,1,0,-.500,2,1,0,2,1,19,0,9,11,119,0,0,36,7,23,0,0,0,0,9,0,0.00,0.04,0.41,0.00,0.16,0.16,,,,,,,-5.105218651926166,151,52
2025-26,wvball,Midwest Conference (MWC),mwc,Beloit,"Quenga, Syniyah",Syniyah,Quenga,,53,"Quenga, Syniyah","QUENGA, SYNIYAH",Beloit,F-53,1093-1577,5,0,26,0,26,0,-.400,5,3,1,0,0,0,0,0,0,0,0,0,0,0,0,0,0,0,0,1,0,0.20,0.00,0.00,0.00,0.00,0.20,,,,,,,-5.477910392583694,152,51
2025-26,wvball,Midwest Conference (MWC),mwc,Monmouth (IL),"Raska, Tayler",Tayler,Raska,,438,"Raska, Tayler","RASKA, TAYLER",Monmouth (IL),MC,1100-5258,23,0,4,0,4,0,-1.000,1,1,0,2,0,10,0,0,4,21,0,0,23,0,29,0,0,0,0,0,0,0.00,0.09,1.26,0.00,0.00,0.00,,,,,,,-7.501830624811984,153,51
2025-26,wvball,Midwest Conference (MWC),mwc,Cornell College,"Bruce, Brylee",Brylee,Bruce,,166,"Bruce, Brylee","BRUCE, BRYLEE",Cornell College,CC,1043-5006,18,0,6,0,6,0,-1.000,1,1,0,1,0,2,0,0,5,20,0,0,3,0,3,0,0,0,0,0,0,0.00,0.06,0.17,0.00,0.00,0.00,,,,,,,-8.309100429812522,154,51
2025-26,wvball,Midwest Conference (MWC),mwc,Cornell College,"Peters, Audrey",Audrey,Peters,,166,"Peters, Audrey","PETERS, AUDREY",Cornell College,CC,1043-5538,1,0,12,0,12,0,-1.000,1,1,0,0,0,0,0,0,0,0,0,0,0,0,0,0,0,0,0,0,0,0.00,0.00,0.00,0.00,0.00,0.00,,,,,,,-8.435004894812606,155,50
