season,sport,conference,conference_code,team,player_name,first_name,last_name,position,team_code,name,checkname,linkup_name,games_played,games_started,uniform,year,team_name,team_id,sdrm_id,goal_stats_shootout_goals,goal_stats_free_positiong_goals,goal_stats_game_tying_goals,goal_stats_empty_net_goals,goal_stats_overtime_goals,goal_stats_first_goals,goal_stats_unassisted_goals,goal_stats_short_handed_goals,goal_stats_power_play_goals,goal_stats_game_winning_goals,goal_stats_hat_tricks,penalty_stats_number,penalty_stats_minutes,penalty_stats_fouls,penalty_stats_misc10,penalty_stats_miscgame,penalty_stats_miscgross,penalty_stats_match,penalty_stats_major,penalty_stats_minor,misc_stats_faceoffs_won,misc_stats_faceoffs_lost,misc_stats_total_faceoffs,misc_stats_faceoff_win_pct,misc_stats_faceoffs_won_pct,misc_stats_plus,misc_stats_minus,misc_stats_plusminus,misc_stats_blocks,goalie_stats_games_played,goalie_stats_minutes,goalie_stats_goals_allowed,goalie_stats_saves,goalie_stats_saves_by_prd,goalie_stats_shutouts,goalie_stats_win,goalie_stats_loss,goalie_stats_tie,goalie_stats_powerplay_goals_allowed,goalie_stats_shorthanded_goals_allowed,goalie_stats_emptynet_goals_allowed,goalie_stats_save_pct,goalie_stats_games_started,goalie_stats_penalty_shot_goals_allowed,goalie_stats_shootout_goals_allowed,goalie_stats_goals_against_avg,shot_stats_shots_on_goal,shot_stats_shots,shot_stats_points,shot_stats_assists,shot_stats_goals,shot_stats_shots_pct,shot_stats_penalty_shot_goals,shot_stats_penalty_shots_attempted,is_goalie,game,goalie_stats,composite_score,global_rank,rating
2025-26,whockey,New England Small College Athletic Conference (NESCAC),nescac,Middlebury,"Walsh, Trinity",Trinity,Walsh,0,420,"Walsh, Trinity","Walsh,Trinity",WalshTrinityMID,26,20,40,,Middlebury,MID,1126-6553,0,,0,1,1,2,1,0,2,5,0,4,08:00,0,0,0,0,0,0,4,10,3,13,.769,0.30,31,11,20,9,,,,,,,,,,,,,,,,,,0,68,32,21,11,0.16,0,0,False,,,12.184397430953558,1,99
2025-26,whockey,New England Small College Athletic Conference (NESCAC),nescac,Amherst,Maeve Reynolds,Maeve,Reynolds,c,24,Maeve Reynolds,"REYNOLDS,MAEVE",REYNOLDSMAEVEAMHERST,29,16,9,,Amherst,AMHERST,0,0,,2,3,0,0,1,1,1,1,0,2,04:00,0,0,0,0,0,0,2,362,248,610,.593,0.69,27,4,23,22,,,,,,,,,,,,,,,,,,0,115,31,20,11,0.10,0,0,False,,,11.744671706834247,2,99
2025-26,whockey,New England Small College Athletic Conference (NESCAC),nescac,Middlebury,"McInerny, Avery",Avery,McInerny,0,420,"McInerny, Avery","McInerny,Avery",McInernyAveryMID,26,25,15,,Middlebury,MID,1126-5628,0,,0,0,0,3,1,1,3,3,0,7,14:00,0,0,0,0,0,0,7,315,282,597,.528,0.90,33,8,25,11,,,,,,,,,,,,,,,,,,0,90,30,20,10,0.11,0,0,False,,,11.20569063608799,3,99
2025-26,whockey,New England Small College Athletic Conference (NESCAC),nescac,Middlebury,"Thomas, Caroline",Caroline,Thomas,0,420,"Thomas, Caroline","Thomas,Caroline",ThomasCarolineMID,24,17,26,,Middlebury,MID,1126-6551,0,,0,0,0,3,0,1,0,2,1,1,02:00,0,0,0,0,0,0,1,7,3,10,.700,0.43,31,10,21,8,,,,,,,,,,,,,,,,,,0,87,26,9,17,0.20,0,0,False,,,10.14157516599935,4,98
2025-26,whockey,New England Small College Athletic Conference (NESCAC),nescac,Amherst,Gretchen Dann,Gretchen,Dann,d,24,Gretchen Dann,"DANN,GRETCHEN",DANNGRETCHENAMHERST,29,25,3,,Amherst,AMHERST,0,0,,0,0,2,3,1,0,3,7,0,5,10:00,0,0,0,0,0,0,5,0,1,1,.000,0,33,4,29,29,,,,,,,,,,,,,,,,,,0,171,26,11,15,0.09,0,0,False,,,9.943064472745462,5,98
2025-26,whockey,New England Small College Athletic Conference (NESCAC),nescac,Wesleyan,"Green, Dylan",Dylan,Green,0,764,"Green, Dylan","Green,Dylan",GreenDylanWES,25,19,11,,Wesleyan,WES,1130-6395,0,,0,1,0,2,1,2,3,1,0,31,62:00,0,0,0,0,0,0,31,8,13,21,.381,1.63,23,18,5,22,,,,,,,,,,,,,,,,,,0,101,22,11,11,0.11,0,0,False,,,7.787140189760436,6,98
2025-26,whockey,New England Small College Athletic Conference (NESCAC),nescac,Bowdoin,"Britt, Meghan",Meghan,Britt,0,69,"Britt, Meghan","Britt,Meghan",BrittMeghanBOW,24,14,15,,Bowdoin,BOW,1121-4535,0,,0,0,0,1,0,1,1,2,0,3,06:00,0,0,0,0,0,0,3,8,7,15,.533,0.88,26,11,15,11,,,,,,,,,,,,,,,,,,0,72,22,12,10,0.14,0,0,False,,,7.687884843133492,7,97
2025-26,whockey,New England Small College Athletic Conference (NESCAC),nescac,Amherst,Marie-Eve Marleau,Marie-Eve,Marleau,rw,24,Marie-Eve Marleau,"MARLEAU,MARIE-EVE",MARLEAUMARIE-EVEAMHERST,29,16,5,,Amherst,AMHERST,0,0,,1,0,0,4,0,0,3,3,0,9,29:00,0,0,1,0,0,1,7,7,6,13,.538,0.86,24,4,20,8,,,,,,,,,,,,,,,,,,0,76,21,12,9,0.12,0,0,False,,,7.148903772387235,8,97
2025-26,whockey,New England Small College Athletic Conference (NESCAC),nescac,Colby,Molly Lefebvre,Molly,Lefebvre,0,151,Molly Lefebvre,"LEFEBVRE,MOLLY",LEFEBVREMOLLYCOLBY,26,3,18,,Colby,COLBY,0,0,,0,0,0,1,0,0,3,1,0,4,08:00,0,0,0,0,0,0,4,3,3,6,.500,1.00,18,6,12,15,,,,,,,,,,,,,,,,,,0,65,19,9,10,0.15,0,0,False,,,6.368707670775555,9,97
2025-26,whockey,New England Small College Athletic Conference (NESCAC),nescac,Williams,"Fetherston, Charlotte",Charlotte,Fetherston,0,789,"Fetherston, Charlotte","Fetherston,Charlotte",FetherstonCharlotteWIL,28,11,19,,Williams,WIL,1131-5507,0,,0,0,0,0,0,0,1,2,0,10,20:00,0,0,0,0,0,0,10,133,149,282,.472,1.12,22,14,8,23,,,,,,,,,,,,,,,,,,0,113,19,10,9,0.08,0,0,False,,,6.269452324148611,10,96
2025-26,whockey,New England Small College Athletic Conference (NESCAC),nescac,Williams,"Bond, Lucie",Lucie,Bond,0,789,"Bond, Lucie","Bond,Lucie",BondLucieWIL,28,11,4,,Williams,WIL,1131-5040,0,,0,1,0,0,0,0,3,0,0,3,06:00,0,0,0,0,0,0,3,1,2,3,.333,2.00,18,12,6,8,,,,,,,,,,,,,,,,,,0,89,19,11,8,0.09,0,0,False,,,6.170196977521666,11,96
2025-26,whockey,New England Small College Athletic Conference (NESCAC),nescac,Williams,"Littlewood, Savana",Savana,Littlewood,0,789,"Littlewood, Savana","Littlewood,Savana",LittlewoodSavanaWIL,26,5,2,,Williams,WIL,1131-5797,0,,0,1,1,1,0,1,0,2,0,5,10:00,0,0,0,0,0,0,5,1,2,3,.333,2.00,15,10,5,14,,,,,,,,,,,,,,,,,,0,73,19,13,6,0.08,0,0,False,,,5.971686284267777,12,96
2025-26,whockey,New England Small College Athletic Conference (NESCAC),nescac,Colby,Emily Olsthoorn,Emily,Olsthoorn,0,151,Emily Olsthoorn,"OLSTHOORN,EMILY",OLSTHOORNEMILYCOLBY,22,0,12,,Colby,COLBY,0,0,,0,0,1,0,0,0,0,2,0,2,04:00,0,0,0,0,0,0,2,50,38,88,.568,0.76,19,3,16,3,,,,,,,,,,,,,,,,,,0,59,18,9,9,0.15,0,1,False,,,5.829726600029298,13,95
2025-26,whockey,New England Small College Athletic Conference (NESCAC),nescac,Hamilton,"Myziuk, Sarah",Sarah,Myziuk,0,267,"Myziuk, Sarah","Myziuk,Sarah",MyziukSarahHAM,23,0,25,,Hamilton,HAM,0,0,,1,0,0,0,1,0,2,3,1,7,17:00,0,0,0,0,0,1,6,0,1,1,.000,0,17,4,13,7,,,,,,,,,,,,,,,,,,0,50,18,9,9,0.18,0,0,False,,,5.829726600029298,14,95
2025-26,whockey,New England Small College Athletic Conference (NESCAC),nescac,Amherst,Bea Flynn,Bea,Flynn,lw,24,Bea Flynn,"FLYNN,BEA",FLYNNBEAAMHERST,29,12,22,,Amherst,AMHERST,0,0,,0,1,0,0,1,0,3,2,0,6,12:00,0,0,0,0,0,0,6,8,11,19,.421,1.38,17,3,14,22,,,,,,,,,,,,,,,,,,0,145,18,10,8,0.06,0,0,False,,,5.730471253402354,15,95
2025-26,whockey,New England Small College Athletic Conference (NESCAC),nescac,Bowdoin,"Lu, Luna",Luna,Lu,0,69,"Lu, Luna","Lu,Luna",LuLunaBOW,24,14,7,,Bowdoin,BOW,1121-4329,0,,0,0,0,1,1,1,1,3,0,7,14:00,0,0,0,0,0,0,7,12,56,68,.176,4.67,21,12,9,18,,,,,,,,,,,,,,,,,,0,93,17,5,12,0.13,0,0,False,,,5.687766915790819,16,94
2025-26,whockey,New England Small College Athletic Conference (NESCAC),nescac,Middlebury,"Flynn, Kate",Kate,Flynn,0,420,"Flynn, Kate","Flynn,Kate",FlynnKateMID,26,8,6,,Middlebury,MID,1126-5884,0,,0,0,0,1,0,0,1,3,0,3,06:00,0,0,0,0,0,0,3,4,3,7,.571,0.75,15,16,-1,5,,,,,,,,,,,,,,,,,,0,69,18,11,7,0.10,0,0,False,,,5.6312159067754095,17,94
2025-26,whockey,New England Small College Athletic Conference (NESCAC),nescac,Colby,Courtney Schumacher,Courtney,Schumacher,lw,151,Courtney Schumacher,"SCHUMACHER,COURTNEY",SCHUMACHERCOURTNEYCOLBY,25,11,36,,Colby,COLBY,0,0,,0,1,0,1,0,0,5,4,0,2,04:00,0,0,0,0,0,0,2,0,1,1,.000,0,14,6,8,6,,,,,,,,,,,,,,,,,,0,89,16,3,13,0.15,0,0,False,,,5.347296538298451,18,94
2025-26,whockey,New England Small College Athletic Conference (NESCAC),nescac,Colby,Sophia Kennedy,Sophia,Kennedy,0,151,Sophia Kennedy,"KENNEDY,SOPHIA",KENNEDYSOPHIACOLBY,26,14,9,,Colby,COLBY,0,0,,0,2,0,0,1,1,2,3,0,8,16:00,0,0,0,0,0,0,8,3,6,9,.333,2.00,18,3,15,19,,,,,,,,,,,,,,,,,,0,82,17,10,7,0.09,0,0,False,,,5.191490182656097,19,94
2025-26,whockey,New England Small College Athletic Conference (NESCAC),nescac,Middlebury,"McManus, Olivia",Olivia,McManus,0,420,"McManus, Olivia","McManus,Olivia",McManusOliviaMID,26,14,18,,Middlebury,MID,1126-5885,0,,0,0,0,0,0,0,1,1,0,2,04:00,0,0,0,0,0,0,2,0,0,0,NaN,0,26,15,11,37,,,,,,,,,,,,,,,,,,0,69,18,16,2,0.03,0,0,False,,,5.134939173640687,20,94
2025-26,whockey,New England Small College Athletic Conference (NESCAC),nescac,Wesleyan,"Humber, Caroline",Caroline,Humber,0,764,"Humber, Caroline","Humber,Caroline",HumberCarolineWES,25,18,10,,Wesleyan,WES,1130-7202,0,,0,0,0,0,1,0,3,0,0,3,06:00,0,0,0,0,0,0,3,5,22,27,.185,4.40,16,14,2,15,,,,,,,,,,,,,,,,,,0,40,17,11,6,0.15,0,0,False,,,5.092234836029153,21,93
2025-26,whockey,New England Small College Athletic Conference (NESCAC),nescac,Colby,Megan Martodam,Megan,Martodam,0,151,Megan Martodam,"MARTODAM,MEGAN",MARTODAMMEGANCOLBY,25,12,29,,Colby,COLBY,0,0,,0,0,0,3,1,0,0,2,0,6,12:00,0,0,0,0,0,0,6,0,0,0,NaN,0,19,3,16,6,,,,,,,,,,,,,,,,,,0,81,16,6,10,0.12,0,0,False,,,5.049530498417619,22,93
2025-26,whockey,New England Small College Athletic Conference (NESCAC),nescac,Williams,"Rosenberg, Zoe",Zoe,Rosenberg,0,789,"Rosenberg, Zoe","Rosenberg,Zoe",RosenbergZoeWIL,28,10,23,,Williams,WIL,1131-5509,0,,0,1,1,1,0,0,2,2,0,10,20:00,0,0,0,0,0,0,10,38,36,74,.514,0.95,20,9,11,6,,,,,,,,,,,,,,,,,,0,94,16,9,7,0.07,0,0,False,,,4.751764458536785,23,93
2025-26,whockey,New England Small College Athletic Conference (NESCAC),nescac,Middlebury,"Ward, Susannah",Susannah,Ward,0,420,"Ward, Susannah","Ward,Susannah",WardSusannahMID,26,8,20,,Middlebury,MID,1126-6550,0,,1,0,0,0,0,0,1,0,0,3,06:00,0,0,0,0,0,0,3,0,0,0,NaN,0,27,9,18,29,,,,,,,,,,,,,,,,,,0,53,16,13,3,0.06,0,0,False,,,4.354743072029008,24,93
2025-26,whockey,New England Small College Athletic Conference (NESCAC),nescac,Williams,"Keiver, Jaelyn",Jaelyn,Keiver,0,789,"Keiver, Jaelyn","Keiver,Jaelyn",KeiverJaelynWIL,26,10,13,,Williams,WIL,1131-5043,0,,1,0,0,1,1,0,2,2,0,0,00:00,0,0,0,0,0,0,0,167,127,294,.568,0.76,12,6,6,17,,,,,,,,,,,,,,,,,,0,53,15,8,7,0.13,0,0,False,,,4.312038734417473,25,93
2025-26,whockey,New England Small College Athletic Conference (NESCAC),nescac,Williams,"Gallagher, Annie",Annie,Gallagher,0,789,"Gallagher, Annie","Gallagher,Annie",GallagherAnnieWIL,28,7,3,,Williams,WIL,1131-5504,0,,0,0,0,1,0,0,5,3,0,6,12:00,0,0,0,0,0,0,6,147,157,304,.484,1.07,16,10,6,24,,,,,,,,,,,,,,,,,,0,60,14,6,8,0.13,0,0,False,,,3.971568356925105,26,92
2025-26,whockey,New England Small College Athletic Conference (NESCAC),nescac,Bowdoin,"Schifano, Bella",Bella,Schifano,0,69,"Schifano, Bella","Schifano,Bella",SchifanoBellaBOW,24,12,27,,Bowdoin,BOW,1121-4538,0,,0,0,0,0,1,0,2,0,0,5,10:00,0,0,0,0,0,0,5,199,153,352,.565,0.77,21,14,7,13,,,,,,,,,,,,,,,,,,0,57,14,7,7,0.12,0,0,False,,,3.8723130102981607,27,92
2025-26,whockey,New England Small College Athletic Conference (NESCAC),nescac,Wesleyan,"Caldara, Parker",Parker,Caldara,0,764,"Caldara, Parker","Caldara,Parker",CaldaraParkerWES,21,3,16,,Wesleyan,WES,1130-7203,0,,1,0,0,2,5,0,1,3,0,3,06:00,0,0,0,0,0,0,3,8,2,10,.800,0.25,15,19,-4,9,,,,,,,,,,,,,,,,,,0,58,13,4,9,0.16,0,0,False,,,3.6310979794327376,28,92
2025-26,whockey,New England Small College Athletic Conference (NESCAC),nescac,Colby,Allie Corrieri,Allie,Corrieri,0,151,Allie Corrieri,"CORRIERI,ALLIE",CORRIERIALLIECOLBY,26,11,11,,Colby,COLBY,0,0,,0,0,0,1,0,0,2,1,0,5,10:00,0,0,0,0,0,0,5,0,0,0,NaN,0,26,11,15,28,,,,,,,,,,,,,,,,,,0,66,14,10,4,0.06,0,0,False,,,3.5745469704173276,29,92
2025-26,whockey,New England Small College Athletic Conference (NESCAC),nescac,Conn. College,"Chesner, Casey",Casey,Chesner,0,163,"Chesner, Casey","Chesner,Casey",ChesnerCaseyCON,24,18,15,,Conn. College,CON,0,0,,0,0,0,1,1,0,1,0,0,0,00:00,0,0,0,0,0,0,0,0,0,0,NaN,0,13,13,0,15,,,,,,,,,,,,,,,,,,0,90,13,6,7,0.08,0,0,False,,,3.432587286178849,30,92
2025-26,whockey,New England Small College Athletic Conference (NESCAC),nescac,Middlebury,"Gordon, Olivia",Olivia,Gordon,0,420,"Gordon, Olivia","Gordon,Olivia",GordonOliviaMID,26,6,33,,Middlebury,MID,1126-6038,0,,0,0,0,1,0,0,3,0,0,7,14:00,0,0,0,0,0,0,7,10,5,15,.667,0.50,12,8,4,4,,,,,,,,,,,,,,,,,,0,47,13,7,6,0.13,0,0,False,,,3.333331939551904,31,91
2025-26,whockey,New England Small College Athletic Conference (NESCAC),nescac,Williams,"Murphy, Claire",Claire,Murphy,0,789,"Murphy, Claire","Murphy,Claire",MurphyClaireWIL,23,18,6,,Williams,WIL,1131-5045,0,,0,0,0,0,0,0,1,0,0,3,06:00,0,0,0,0,0,0,3,0,0,0,NaN,0,25,11,14,32,,,,,,,,,,,,,,,,,,0,102,13,9,4,0.04,0,0,False,,,3.1348212462980154,32,91
2025-26,whockey,New England Small College Athletic Conference (NESCAC),nescac,Colby,Beth Sinson,Beth,Sinson,0,151,Beth Sinson,"SINSON,BETH",SINSONBETHCOLBY,26,15,14,,Colby,COLBY,0,0,,0,0,0,1,0,0,0,1,0,0,00:00,0,0,0,0,0,0,0,335,186,521,.643,0.56,18,6,12,5,,,,,,,,,,,,,,,,,,0,66,13,10,3,0.05,0,0,False,,,3.035565899671071,33,91
2025-26,whockey,New England Small College Athletic Conference (NESCAC),nescac,Trinity,"Al-Kadiri, Meena",Meena,Al-Kadiri,0,713,"Al-Kadiri, Meena","Al-Kadiri,Meena",Al-KadiriMeenaTRI,25,3,17,,Trinity,TRI,1127-5659,0,,0,0,0,1,0,0,3,1,0,18,39:00,0,0,0,0,0,1,17,2,2,4,.500,1.00,8,16,-8,11,,,,,,,,,,,,,,,,,,0,64,12,5,7,0.11,0,0,False,,,2.9928615620595362,34,91
2025-26,whockey,New England Small College Athletic Conference (NESCAC),nescac,Hamilton,"Bullock, Lydia",Lydia,Bullock,0,267,"Bullock, Lydia","Bullock,Lydia",BullockLydiaHAM,24,23,16,,Hamilton,HAM,0,0,,0,0,0,3,1,1,0,1,0,8,16:00,0,0,0,0,0,0,8,11,7,18,.611,0.64,16,12,4,15,,,,,,,,,,,,,,,,,,0,65,12,6,6,0.09,0,0,False,,,2.893606215432592,35,90
2025-26,whockey,New England Small College Athletic Conference (NESCAC),nescac,Amherst,Natalie Fu,Natalie,Fu,0,24,Natalie Fu,"FU,NATALIE",FUNATALIEAMHERST,29,11,7,,Amherst,AMHERST,0,0,,0,1,0,1,0,0,1,2,0,3,06:00,0,0,0,0,0,0,3,2,3,5,.400,1.50,12,4,8,25,,,,,,,,,,,,,,,,,,0,57,12,7,5,0.09,0,0,False,,,2.7943508688056475,36,90
2025-26,whockey,New England Small College Athletic Conference (NESCAC),nescac,Conn. College,"Seiple, Serena",Serena,Seiple,0,163,"Seiple, Serena","Seiple,Serena",SeipleSerenaCON,24,17,20,,Conn. College,CON,0,0,,0,0,0,1,2,0,1,3,0,1,02:00,0,0,0,0,0,0,1,253,176,429,.590,0.70,9,10,-1,15,,,,,,,,,,,,,,,,,,0,41,12,7,5,0.12,0,0,False,,,2.7943508688056475,37,90
2025-26,whockey,New England Small College Athletic Conference (NESCAC),nescac,Wesleyan,"Seppenwolde, Aimee",Aimee,Seppenwolde,0,764,"Seppenwolde, Aimee","Seppenwolde,Aimee",SeppenwoldeAimeeWES,24,21,12,,Wesleyan,WES,1130-6391,0,,0,0,1,1,0,0,2,1,0,6,12:00,0,0,0,0,0,0,6,0,0,0,NaN,0,15,19,-4,32,,,,,,,,,,,,,,,,,,0,59,12,7,5,0.08,0,0,False,,,2.7943508688056475,38,90
2025-26,whockey,New England Small College Athletic Conference (NESCAC),nescac,Hamilton,"Crowley, Grace",Grace,Crowley,0,267,"Crowley, Grace","Crowley,Grace",CrowleyGraceHAM,24,20,23,,Hamilton,HAM,0,0,,0,0,0,1,0,0,0,1,1,4,08:00,0,0,0,0,0,0,4,239,211,450,.531,0.88,17,8,9,16,,,,,,,,,,,,,,,,,,0,50,12,8,4,0.08,0,0,False,,,2.695095522178703,39,90
2025-26,whockey,New England Small College Athletic Conference (NESCAC),nescac,Colby,Marion Legge,Marion,Legge,c,151,Marion Legge,"LEGGE,MARION",LEGGEMARIONCOLBY,26,9,10,,Colby,COLBY,0,0,,0,0,0,0,0,0,3,0,0,4,08:00,0,0,0,0,0,0,4,184,141,325,.566,0.77,14,11,3,21,,,,,,,,,,,,,,,,,,0,53,12,8,4,0.08,0,0,False,,,2.695095522178703,40,89
2025-26,whockey,New England Small College Athletic Conference (NESCAC),nescac,Bowdoin,"Mele, Bella",Bella,Mele,0,69,"Mele, Bella","Mele,Bella",MeleBellaBOW,24,7,11,,Bowdoin,BOW,1121-4331,0,,0,0,0,0,0,0,1,1,0,18,36:00,0,0,0,0,0,0,18,0,0,0,NaN,0,22,14,8,12,,,,,,,,,,,,,,,,,,0,60,12,8,4,0.07,0,0,False,,,2.695095522178703,41,89
2025-26,whockey,New England Small College Athletic Conference (NESCAC),nescac,Williams,"Rubinshteyn, Leah",Leah,Rubinshteyn,0,789,"Rubinshteyn, Leah","Rubinshteyn,Leah",RubinshteynLeahWIL,28,10,24,,Williams,WIL,1131-5041,0,,0,0,0,1,0,0,1,1,0,1,02:00,0,0,0,0,0,0,1,95,64,159,.597,0.67,13,8,5,18,,,,,,,,,,,,,,,,,,0,63,12,8,4,0.06,0,0,False,,,2.695095522178703,42,89
2025-26,whockey,New England Small College Athletic Conference (NESCAC),nescac,Wesleyan,"Place, Lilly",Lilly,Place,0,764,"Place, Lilly","Place,Lilly",PlaceLillyWES,25,18,19,,Wesleyan,WES,1130-7200,0,,0,0,0,0,0,0,2,0,0,6,12:00,0,0,0,0,0,0,6,237,251,488,.486,1.06,17,12,5,10,,,,,,,,,,,,,,,,,,0,18,12,9,3,0.17,0,0,False,,,2.595840175551759,43,89
2025-26,whockey,New England Small College Athletic Conference (NESCAC),nescac,Conn. College,"Burm, Alana",Alana,Burm,0,163,"Burm, Alana","Burm,Alana",BurmAlanaCON,24,16,4,,Conn. College,CON,0,0,,0,1,0,1,0,0,4,2,0,6,12:00,0,0,0,0,0,0,6,0,0,0,NaN,0,11,10,1,10,,,,,,,,,,,,,,,,,,0,41,11,5,6,0.15,0,0,False,,,2.4538804913132797,44,89
2025-26,whockey,New England Small College Athletic Conference (NESCAC),nescac,Trinity,"Cassidy, Lillian",Lillian,Cassidy,0,713,"Cassidy, Lillian","Cassidy,Lillian",CassidyLillianTRI,25,17,21,,Trinity,TRI,1127-4757,0,,0,1,0,1,1,1,0,1,0,2,04:00,0,0,0,0,0,0,2,5,6,11,.455,1.20,15,22,-7,19,,,,,,,,,,,,,,,,,,0,45,11,7,4,0.09,0,0,False,,,2.255369798059391,45,88
2025-26,whockey,New England Small College Athletic Conference (NESCAC),nescac,Williams,"Noxon, Chloe",Chloe,Noxon,0,789,"Noxon, Chloe","Noxon,Chloe",NoxonChloeWIL,28,11,8,,Williams,WIL,1131-5046,0,,0,1,0,0,0,1,0,0,0,3,06:00,0,0,0,0,0,0,3,89,134,223,.399,1.51,17,13,4,22,,,,,,,,,,,,,,,,,,0,69,11,7,4,0.06,0,0,False,,,2.255369798059391,46,88
2025-26,whockey,New England Small College Athletic Conference (NESCAC),nescac,Colby,Lulu Gray,Lulu,Gray,0,151,Lulu Gray,"GRAY,LULU",GRAYLULUCOLBY,26,1,25,,Colby,COLBY,0,0,,0,0,0,2,0,0,0,1,0,2,04:00,0,0,0,0,0,0,2,133,118,251,.530,0.89,16,6,10,19,,,,,,,,,,,,,,,,,,0,22,11,8,3,0.14,0,0,False,,,2.1561144514324466,47,88
2025-26,whockey,New England Small College Athletic Conference (NESCAC),nescac,Middlebury,"Frazier, Alyssa",Alyssa,Frazier,0,420,"Frazier, Alyssa","Frazier,Alyssa",FrazierAlyssaMID,26,14,3,,Middlebury,MID,1126-6547,0,,0,0,0,0,0,0,2,0,0,5,10:00,0,0,0,0,0,0,5,2,1,3,.667,0.50,29,14,15,23,,,,,,,,,,,,,,,,,,0,68,11,9,2,0.03,0,0,False,,,2.0568591048055023,48,88
2025-26,whockey,New England Small College Athletic Conference (NESCAC),nescac,Middlebury,"Nawrocki, Britt",Britt,Nawrocki,0,420,"Nawrocki, Britt","Nawrocki,Britt",NawrockiBrittMID,26,0,11,,Middlebury,MID,1126-5627,0,,0,1,0,1,0,0,2,0,0,11,22:00,0,0,0,0,0,0,11,27,13,40,.675,0.48,11,8,3,6,,,,,,,,,,,,,,,,,,0,47,10,4,6,0.13,0,0,False,,,2.0141547671939675,49,88
2025-26,whockey,New England Small College Athletic Conference (NESCAC),nescac,Bowdoin,"Ito-Bagshaw, Sara",Sara,Ito-Bagshaw,0,69,"Ito-Bagshaw, Sara","Ito-Bagshaw,Sara",Ito-BagshawSaraBOW,16,5,4,,Bowdoin,BOW,1121-4164,0,,0,0,0,1,0,0,1,0,0,2,04:00,0,0,0,0,0,0,2,0,0,0,NaN,0,15,5,10,13,,,,,,,,,,,,,,,,,,0,23,11,10,1,0.04,0,0,False,,,1.957603758178558,50,87
2025-26,whockey,New England Small College Athletic Conference (NESCAC),nescac,Trinity,"Keyes, Nani",Nani,Keyes,0,713,"Keyes, Nani","Keyes,Nani",KeyesNaniTRI,25,9,7,,Trinity,TRI,1127-5658,0,,0,1,0,0,1,0,1,1,0,3,06:00,0,0,0,0,0,0,3,3,2,5,.600,0.67,11,20,-9,7,,,,,,,,,,,,,,,,,,0,44,10,5,5,0.11,0,0,False,,,1.9148994205670231,51,87
2025-26,whockey,New England Small College Athletic Conference (NESCAC),nescac,Hamilton,"Puskar, Grace",Grace,Puskar,0,267,"Puskar, Grace","Puskar,Grace",PuskarGraceHAM,25,1,24,,Hamilton,HAM,0,0,,1,0,0,0,0,0,1,1,0,2,04:00,0,0,0,0,0,0,2,192,168,360,.533,0.88,13,9,4,20,,,,,,,,,,,,,,,,,,0,39,10,5,5,0.13,0,0,False,,,1.9148994205670231,52,87
2025-26,whockey,New England Small College Athletic Conference (NESCAC),nescac,Hamilton,"Truchon, Lilly",Lilly,Truchon,0,267,"Truchon, Lilly","Truchon,Lilly",TruchonLillyHAM,22,10,20,,Hamilton,HAM,0,0,,0,1,0,1,0,0,1,0,0,1,02:00,0,0,0,0,0,0,1,13,19,32,.406,1.46,15,6,9,10,,,,,,,,,,,,,,,,,,0,34,10,6,4,0.12,0,0,False,,,1.8156440739400788,53,87
2025-26,whockey,New England Small College Athletic Conference (NESCAC),nescac,Bowdoin,"Wojciak, Maddie",Maddie,Wojciak,0,69,"Wojciak, Maddie","Wojciak,Maddie",WojciakMaddieBOW,24,5,5,,Bowdoin,BOW,1121-4539,0,,0,0,0,0,0,0,1,1,0,3,06:00,0,0,0,0,0,0,3,0,0,0,NaN,0,19,12,7,34,,,,,,,,,,,,,,,,,,0,28,10,6,4,0.14,0,0,False,,,1.8156440739400788,54,87
2025-26,whockey,New England Small College Athletic Conference (NESCAC),nescac,Conn. College,"Peterson, Emma",Emma,Peterson,0,163,"Peterson, Emma","Peterson,Emma",PetersonEmmaCON,24,5,18,,Conn. College,CON,0,0,,0,0,0,1,0,0,1,2,0,6,12:00,0,0,0,0,0,0,6,0,0,0,NaN,0,14,14,0,22,,,,,,,,,,,,,,,,,,0,38,10,7,3,0.08,0,0,False,,,1.7163887273131344,55,86
2025-26,whockey,New England Small College Athletic Conference (NESCAC),nescac,Colby,Jo Tattersall,Jo,Tattersall,d,151,Jo Tattersall,"TATTERSALL,JO",TATTERSALLJOCOLBY,26,16,44,,Colby,COLBY,0,0,,0,0,0,0,0,0,0,1,0,3,06:00,0,0,0,0,0,0,3,0,2,2,.000,0,21,9,12,12,,,,,,,,,,,,,,,,,,0,51,10,8,2,0.04,0,0,False,,,1.61713338068619,56,86
2025-26,whockey,New England Small College Athletic Conference (NESCAC),nescac,Colby,Breanna Studley,Breanna,Studley,0,151,Breanna Studley,"STUDLEY,BREANNA",STUDLEYBREANNACOLBY,9,4,22,,Colby,COLBY,0,0,,0,0,0,1,0,0,0,0,0,1,02:00,0,0,0,0,0,0,1,0,0,0,NaN,0,14,4,10,5,,,,,,,,,,,,,,,,,,0,36,10,9,1,0.03,0,0,False,,,1.5178780340592457,57,86
2025-26,whockey,New England Small College Athletic Conference (NESCAC),nescac,Conn. College,"Oar, Christine",Christine,Oar,0,163,"Oar, Christine","Oar,Christine",OarChristineCON,24,1,5,,Conn. College,CON,0,0,,0,0,0,0,1,0,0,0,0,5,10:00,0,0,0,0,0,0,5,134,136,270,.496,1.01,9,3,6,13,,,,,,,,,,,,,,,,,,0,28,10,9,1,0.04,0,0,False,,,1.5178780340592457,58,86
2025-26,whockey,New England Small College Athletic Conference (NESCAC),nescac,Amherst,Calleigh Brown,Calleigh,Brown,0,24,Calleigh Brown,"BROWN,CALLEIGH",BROWNCALLEIGHAMHERST,25,4,10,,Amherst,AMHERST,0,0,,0,0,0,0,0,0,2,2,0,3,06:00,0,0,0,0,0,0,3,144,107,251,.574,0.74,12,4,8,5,,,,,,,,,,,,,,,,,,0,67,9,4,5,0.07,0,0,False,,,1.475173696447711,59,86
2025-26,whockey,New England Small College Athletic Conference (NESCAC),nescac,Williams,"Mayer, Celine",Celine,Mayer,0,789,"Mayer, Celine","Mayer,Celine",MayerCelineWIL,28,7,17,,Williams,WIL,1131-5355,0,,0,0,0,0,0,0,0,0,0,8,16:00,0,0,0,0,0,0,8,0,0,0,NaN,0,19,10,9,35,,,,,,,,,,,,,,,,,,0,38,10,10,0,0.00,0,0,False,,,1.4186226874323014,60,85
2025-26,whockey,New England Small College Athletic Conference (NESCAC),nescac,Amherst,Annabel Raffin,Annabel,Raffin,0,24,Annabel Raffin,"RAFFIN,ANNABEL",RAFFINANNABELAMHERST,29,12,24,,Amherst,AMHERST,0,0,,0,0,0,0,0,0,0,0,0,7,14:00,0,0,0,0,0,0,7,229,233,462,.496,1.02,11,2,9,10,,,,,,,,,,,,,,,,,,0,61,9,6,3,0.05,0,0,False,,,1.2766630031938222,61,85
2025-26,whockey,New England Small College Athletic Conference (NESCAC),nescac,Williams,"Luber, Reese",Reese,Luber,0,789,"Luber, Reese","Luber,Reese",LuberReeseWIL,26,8,5,,Williams,WIL,1131-5798,0,,0,0,0,0,0,0,1,0,0,8,16:00,0,0,0,0,0,0,8,0,0,0,NaN,0,18,18,0,20,,,,,,,,,,,,,,,,,,0,41,9,6,3,0.07,0,0,False,,,1.2766630031938222,62,85
2025-26,whockey,New England Small College Athletic Conference (NESCAC),nescac,Middlebury,"Pincelli, Zoe",Zoe,Pincelli,0,420,"Pincelli, Zoe","Pincelli,Zoe",PincelliZoeMID,23,1,9,,Middlebury,MID,1126-5626,0,,0,0,0,0,0,0,0,0,0,3,06:00,0,0,0,0,0,0,3,144,145,289,.498,1.01,14,7,7,17,,,,,,,,,,,,,,,,,,0,27,9,6,3,0.11,0,0,False,,,1.2766630031938222,63,85
2025-26,whockey,New England Small College Athletic Conference (NESCAC),nescac,Amherst,Sami Lester,Sami,Lester,0,24,Sami Lester,"LESTER,SAMI",LESTERSAMIAMHERST,29,10,11,,Amherst,AMHERST,0,0,,0,0,0,0,0,0,0,1,0,12,24:00,0,0,0,0,0,0,12,34,25,59,.576,0.74,15,4,11,12,,,,,,,,,,,,,,,,,,0,37,9,6,3,0.08,0,0,False,,,1.2766630031938222,64,85
2025-26,whockey,New England Small College Athletic Conference (NESCAC),nescac,Amherst,Ayla Abban,Ayla,Abban,0,24,Ayla Abban,"ABBAN,AYLA",ABBANAYLAAMHERST,29,4,4,,Amherst,AMHERST,0,0,,0,0,1,0,0,0,1,1,0,9,18:00,0,0,0,0,0,0,9,1,2,3,.333,2.00,9,3,6,10,,,,,,,,,,,,,,,,,,0,108,9,7,2,0.02,0,0,False,,,1.1774076565668778,65,84
2025-26,whockey,New England Small College Athletic Conference (NESCAC),nescac,Hamilton,"Rockwood, Bri",Bri,Rockwood,0,267,"Rockwood, Bri","Rockwood,Bri",RockwoodBriHAM,25,3,14,,Hamilton,HAM,0,0,,0,0,0,2,0,0,1,2,0,3,06:00,0,0,0,0,0,0,3,0,0,0,NaN,0,10,13,-3,4,,,,,,,,,,,,,,,,,,0,40,8,2,6,0.15,0,0,False,,,1.1347033189553433,66,84
2025-26,whockey,New England Small College Athletic Conference (NESCAC),nescac,Wesleyan,"Anderson, Bree",Bree,Anderson,0,764,"Anderson, Bree","Anderson,Bree",AndersonBreeWES,25,2,20,,Wesleyan,WES,1130-7201,0,,0,0,0,0,0,0,0,0,0,5,10:00,0,0,0,0,0,0,5,0,0,0,NaN,0,10,23,-13,19,,,,,,,,,,,,,,,,,,0,37,9,8,1,0.03,0,0,False,,,1.0781523099399335,67,84
2025-26,whockey,New England Small College Athletic Conference (NESCAC),nescac,Bowdoin,"Sun, Anyi",Anyi,Sun,0,69,"Sun, Anyi","Sun,Anyi",SunAnyiBOW,24,8,16,,Bowdoin,BOW,1121-4167,0,,0,0,0,1,0,0,0,1,0,2,04:00,0,0,0,0,0,0,2,9,11,20,.450,1.22,10,4,6,5,,,,,,,,,,,,,,,,,,0,51,8,4,4,0.08,0,0,False,,,0.9361926257014543,68,84
2025-26,whockey,New England Small College Athletic Conference (NESCAC),nescac,Amherst,Emily Hohmann,Emily,Hohmann,0,24,Emily Hohmann,"HOHMANN,EMILY",HOHMANNEMILYAMHERST,29,17,18,,Amherst,AMHERST,0,0,,0,0,0,0,0,0,1,0,0,12,24:00,0,0,0,0,0,0,12,0,0,0,NaN,0,16,4,12,45,,,,,,,,,,,,,,,,,,0,78,8,5,3,0.04,0,0,False,,,0.83693727907451,69,84
2025-26,whockey,New England Small College Athletic Conference (NESCAC),nescac,Trinity,"Angioletti, Livia",Livia,Angioletti,0,713,"Angioletti, Livia","Angioletti,Livia",AngiolettiLiviaTRI,25,14,22,,Trinity,TRI,1127-4755,0,,0,0,0,1,0,0,2,1,0,11,22:00,0,0,0,0,0,0,11,0,0,0,NaN,0,11,24,-13,30,,,,,,,,,,,,,,,,,,0,67,8,6,2,0.03,0,0,False,,,0.7376819324475656,70,83
2025-26,whockey,New England Small College Athletic Conference (NESCAC),nescac,Williams,"Mead, Laney",Laney,Mead,0,789,"Mead, Laney","Mead,Laney",MeadLaneyWIL,28,19,22,,Williams,WIL,1131-5802,0,,0,0,0,0,0,0,0,0,0,3,06:00,0,0,0,0,0,0,3,0,0,0,NaN,0,18,7,11,41,,,,,,,,,,,,,,,,,,0,41,8,6,2,0.05,0,0,False,,,0.7376819324475656,71,83
2025-26,whockey,New England Small College Athletic Conference (NESCAC),nescac,Trinity,"Gross, Gabriela",Gabriela,Gross,0,713,"Gross, Gabriela","Gross,Gabriela",GrossGabrielaTRI,25,15,25,,Trinity,TRI,1127-5435,0,,0,1,0,0,1,0,0,1,0,5,13:00,0,0,0,0,0,1,4,6,5,11,.545,0.83,8,15,-7,13,,,,,,,,,,,,,,,,,,0,78,7,1,6,0.08,0,0,False,,,0.6949775948360309,72,83
2025-26,whockey,New England Small College Athletic Conference (NESCAC),nescac,Hamilton,"Klein, Sadie",Sadie,Klein,0,267,"Klein, Sadie","Klein,Sadie",KleinSadieHAM,25,2,15,,Hamilton,HAM,0,0,,0,0,0,1,0,0,0,0,0,3,06:00,0,0,0,0,0,0,3,142,148,290,.490,1.04,12,8,4,10,,,,,,,,,,,,,,,,,,0,22,8,7,1,0.05,0,0,False,,,0.6384265858206213,73,83
2025-26,whockey,New England Small College Athletic Conference (NESCAC),nescac,Conn. College,"Engle, Ashley",Ashley,Engle,0,163,"Engle, Ashley","Engle,Ashley",EngleAshleyCON,23,5,17,,Conn. College,CON,0,0,,0,1,0,3,1,0,0,0,0,4,08:00,0,0,0,0,0,0,4,139,120,259,.537,0.86,12,13,-1,24,,,,,,,,,,,,,,,,,,0,42,7,2,5,0.12,0,0,False,,,0.5957222482090866,74,83
2025-26,whockey,New England Small College Athletic Conference (NESCAC),nescac,Conn. College,"McGann, Bridget",Bridget,McGann,0,163,"McGann, Bridget","McGann,Bridget",McGannBridgetCON,24,6,6,,Conn. College,CON,0,0,,0,0,0,0,1,0,0,1,0,0,00:00,0,0,0,0,0,0,0,13,22,35,.371,1.69,12,6,6,13,,,,,,,,,,,,,,,,,,0,36,7,2,5,0.14,0,0,False,,,0.5957222482090866,75,82
2025-26,whockey,New England Small College Athletic Conference (NESCAC),nescac,Bowdoin,"Ainley, Abigail",Abigail,Ainley,0,69,"Ainley, Abigail","Ainley,Abigail",AinleyAbigailBOW,24,6,19,,Bowdoin,BOW,1121-4168,0,,0,0,0,0,0,0,0,0,0,4,08:00,0,0,0,0,0,0,4,120,165,285,.421,1.38,11,7,4,13,,,,,,,,,,,,,,,,,,0,27,8,8,0,0.00,0,0,False,,,0.5391712391936769,76,82
2025-26,whockey,New England Small College Athletic Conference (NESCAC),nescac,Trinity,"Holm, Caroline",Caroline,Holm,0,713,"Holm, Caroline","Holm,Caroline",HolmCarolineTRI,25,8,9,,Trinity,TRI,1127-5431,0,,1,0,0,0,1,0,2,1,0,8,16:00,0,0,0,0,0,0,8,221,196,417,.530,0.89,9,19,-10,8,,,,,,,,,,,,,,,,,,0,38,7,3,4,0.11,0,0,False,,,0.49646690158214224,77,82
2025-26,whockey,New England Small College Athletic Conference (NESCAC),nescac,Middlebury,"Giebler, Alison",Alison,Giebler,0,420,"Giebler, Alison","Giebler,Alison",GieblerAlisonMID,23,0,23,,Middlebury,MID,1126-6037,0,,0,0,0,0,1,1,1,2,0,7,14:00,0,0,0,0,0,0,7,110,123,233,.472,1.12,15,8,7,13,,,,,,,,,,,,,,,,,,0,27,7,4,3,0.11,0,0,False,,,0.3972115549551979,78,82
2025-26,whockey,New England Small College Athletic Conference (NESCAC),nescac,Colby,Maria Pierce,Maria,Pierce,rw,151,Maria Pierce,"PIERCE,MARIA",PIERCEMARIACOLBY,26,9,17,,Colby,COLBY,0,0,,0,0,0,0,1,0,2,0,0,8,16:00,0,0,0,0,0,0,8,32,33,65,.492,1.03,14,10,4,17,,,,,,,,,,,,,,,,,,0,32,7,4,3,0.09,0,0,False,,,0.3972115549551979,79,82
2025-26,whockey,New England Small College Athletic Conference (NESCAC),nescac,Trinity,"McKenna, Nina",Nina,McKenna,0,713,"McKenna, Nina","McKenna,Nina",McKennaNinaTRI,25,0,24,,Trinity,TRI,1127-5436,0,,0,0,0,0,1,0,0,0,0,1,02:00,0,0,0,0,0,0,1,150,167,317,.473,1.11,10,21,-11,18,,,,,,,,,,,,,,,,,,0,31,7,4,3,0.10,0,0,False,,,0.3972115549551979,80,81
2025-26,whockey,New England Small College Athletic Conference (NESCAC),nescac,Wesleyan,"Molin, Amelia",Amelia,Molin,0,764,"Molin, Amelia","Molin,Amelia",MolinAmeliaWES,25,3,8,,Wesleyan,WES,1130-6680,0,,0,0,0,0,0,0,0,0,0,2,04:00,0,0,0,0,0,0,2,48,32,80,.600,0.67,12,25,-13,9,,,,,,,,,,,,,,,,,,0,52,7,4,3,0.06,0,0,False,,,0.3972115549551979,81,81
2025-26,whockey,New England Small College Athletic Conference (NESCAC),nescac,Hamilton,"Berghammer, Sophie",Sophie,Berghammer,0,267,"Berghammer, Sophie","Berghammer,Sophie",BerghammerSophieHAM,25,17,28,,Hamilton,HAM,0,0,,0,0,0,1,0,0,0,0,0,6,12:00,0,0,0,0,0,0,6,0,0,0,NaN,0,15,10,5,21,,,,,,,,,,,,,,,,,,0,48,7,5,2,0.04,0,0,False,,,0.2979562083282535,82,81
2025-26,whockey,New England Small College Athletic Conference (NESCAC),nescac,Hamilton,"Long, Grace",Grace,Long,0,267,"Long, Grace","Long,Grace",LongGraceHAM,21,1,10,,Hamilton,HAM,0,0,,0,0,0,0,0,0,0,0,0,2,04:00,0,0,0,0,0,0,2,55,67,122,.451,1.22,9,5,4,5,,,,,,,,,,,,,,,,,,0,23,7,5,2,0.09,0,0,False,,,0.2979562083282535,83,81
2025-26,whockey,New England Small College Athletic Conference (NESCAC),nescac,Amherst,Malaya Anaba,Malaya,Anaba,d,24,Malaya Anaba,"ANABA,MALAYA",ANABAMALAYAAMHERST,29,7,16,,Amherst,AMHERST,0,0,,0,0,0,0,0,0,2,0,0,2,04:00,0,0,0,0,0,0,2,6,5,11,.545,0.83,19,8,11,21,,,,,,,,,,,,,,,,,,0,42,7,5,2,0.05,0,0,False,,,0.2979562083282535,84,80
2025-26,whockey,New England Small College Athletic Conference (NESCAC),nescac,Bowdoin,"Nesvold, Sofia",Sofia,Nesvold,0,69,"Nesvold, Sofia","Nesvold,Sofia",NesvoldSofiaBOW,23,1,26,,Bowdoin,BOW,1121-4770,0,,0,0,0,0,0,0,0,0,0,5,10:00,0,0,0,0,0,0,5,97,72,169,.574,0.74,8,5,3,6,,,,,,,,,,,,,,,,,,0,36,7,5,2,0.06,0,0,False,,,0.2979562083282535,85,80
2025-26,whockey,New England Small College Athletic Conference (NESCAC),nescac,Hamilton,"McMahon, Carly",Carly,McMahon,0,267,"McMahon, Carly","McMahon,Carly",McMahonCarlyHAM,24,6,11,,Hamilton,HAM,0,0,,0,0,0,0,0,0,0,0,0,3,06:00,0,0,0,0,0,0,3,34,72,106,.321,2.12,10,14,-4,8,,,,,,,,,,,,,,,,,,0,27,7,6,1,0.04,0,0,False,,,0.1987008617013091,86,80
2025-26,whockey,New England Small College Athletic Conference (NESCAC),nescac,Amherst,Clare O'Connor,Clare,O'Connor,0,24,Clare O'Connor,"O'CONNOR,CLARE",O'CONNORCLAREAMHERST,29,5,21,,Amherst,AMHERST,0,0,,0,0,0,0,0,0,0,0,0,2,04:00,0,0,0,0,0,0,2,0,0,0,NaN,0,18,2,16,28,,,,,,,,,,,,,,,,,,0,37,7,7,0,0.00,0,0,False,,,0.09944551507436464,87,80
2025-26,whockey,New England Small College Athletic Conference (NESCAC),nescac,Trinity,"French, Kate",Kate,French,0,713,"French, Kate","French,Kate",FrenchKateTRI,25,17,13,,Trinity,TRI,1127-5063,0,,0,0,0,2,0,0,0,0,0,7,14:00,0,0,0,0,0,0,7,291,233,524,.555,0.80,16,21,-5,14,,,,,,,,,,,,,,,,,,0,31,6,2,4,0.13,0,0,False,,,0.0567411774628301,88,80
2025-26,whockey,New England Small College Athletic Conference (NESCAC),nescac,Bowdoin,"Palmer, Bea",Bea,Palmer,0,69,"Palmer, Bea","Palmer,Bea",PalmerBeaBOW,24,3,18,,Bowdoin,BOW,1121-4773,0,,0,0,0,0,1,0,1,0,0,2,04:00,0,0,0,0,0,0,2,35,39,74,.473,1.11,12,6,6,7,,,,,,,,,,,,,,,,,,0,35,6,2,4,0.11,0,0,False,,,0.0567411774628301,89,79
2025-26,whockey,New England Small College Athletic Conference (NESCAC),nescac,Hamilton,"Porter, Jamie",Jamie,Porter,0,267,"Porter, Jamie","Porter,Jamie",PorterJamieHAM,23,5,22,,Hamilton,HAM,0,0,,0,1,0,1,0,0,0,1,0,3,06:00,0,0,0,0,0,0,3,1,3,4,.250,3.00,10,9,1,3,,,,,,,,,,,,,,,,,,0,40,6,2,4,0.10,0,0,False,,,0.0567411774628301,90,79
2025-26,whockey,New England Small College Athletic Conference (NESCAC),nescac,Colby,Lizzy Hamel,Lizzy,Hamel,0,151,Lizzy Hamel,"HAMEL,LIZZY",HAMELLIZZYCOLBY,20,0,20,,Colby,COLBY,0,0,,0,0,0,0,0,0,0,0,0,1,02:00,0,0,0,0,0,0,1,0,0,0,NaN,0,12,5,7,9,,,,,,,,,,,,,,,,,,0,29,6,3,3,0.10,1,1,False,,,-0.04251416916411434,91,79
2025-26,whockey,New England Small College Athletic Conference (NESCAC),nescac,Williams,"Samaan, Maddie",Maddie,Samaan,0,789,"Samaan, Maddie","Samaan,Maddie",SamaanMaddieWIL,28,2,10,,Williams,WIL,1131-5042,0,,0,0,0,1,0,0,0,1,0,0,00:00,0,0,0,0,0,0,0,6,3,9,.667,0.50,9,1,8,5,,,,,,,,,,,,,,,,,,0,16,6,3,3,0.19,0,0,False,,,-0.04251416916411434,92,79
2025-26,whockey,New England Small College Athletic Conference (NESCAC),nescac,Hamilton,"Snow, Lila",Lila,Snow,0,267,"Snow, Lila","Snow,Lila",SnowLilaHAM,22,0,18,,Hamilton,HAM,0,0,,0,0,0,0,0,0,0,1,0,2,04:00,0,0,0,0,0,0,2,2,0,2,1.000,200,7,9,-2,1,,,,,,,,,,,,,,,,,,0,41,6,3,3,0.07,0,0,False,,,-0.04251416916411434,93,79
2025-26,whockey,New England Small College Athletic Conference (NESCAC),nescac,Williams,"White, Becca",Becca,White,0,789,"White, Becca","White,Becca",WhiteBeccaWIL,28,0,7,,Williams,WIL,1131-5799,0,,0,0,0,1,1,0,1,1,0,1,02:00,0,0,0,0,0,0,1,0,2,2,.000,0,9,3,6,4,,,,,,,,,,,,,,,,,,0,24,6,3,3,0.13,0,0,False,,,-0.04251416916411434,94,78
2025-26,whockey,New England Small College Athletic Conference (NESCAC),nescac,Hamilton,"Allen, Katie",Katie,Allen,0,267,"Allen, Katie","Allen,Katie",AllenKatieHAM,25,4,33,,Hamilton,HAM,0,0,,0,0,0,0,0,0,0,0,0,5,10:00,0,0,0,0,0,0,5,0,0,0,NaN,0,9,5,4,2,,,,,,,,,,,,,,,,,,0,28,6,4,2,0.07,0,0,False,,,-0.1417695157910587,95,78
2025-26,whockey,New England Small College Athletic Conference (NESCAC),nescac,Middlebury,"Fernandez, Liv",Liv,Fernandez,0,420,"Fernandez, Liv","Fernandez,Liv",FernandezLivMID,26,1,7,,Middlebury,MID,1126-5883,0,,0,0,0,0,0,0,0,1,0,4,08:00,0,0,0,0,0,0,4,50,58,108,.463,1.16,8,5,3,4,,,,,,,,,,,,,,,,,,0,30,6,4,2,0.07,0,0,False,,,-0.1417695157910587,96,78
2025-26,whockey,New England Small College Athletic Conference (NESCAC),nescac,Bowdoin,"Merrill, Emma",Emma,Merrill,0,69,"Merrill, Emma","Merrill,Emma",MerrillEmmaBOW,24,12,8,,Bowdoin,BOW,1121-4165,0,,0,0,0,1,0,0,1,2,0,3,06:00,0,0,0,0,0,0,3,1,0,1,1.000,100,7,9,-2,19,,,,,,,,,,,,,,,,,,0,34,6,4,2,0.06,0,0,False,,,-0.1417695157910587,97,78
2025-26,whockey,New England Small College Athletic Conference (NESCAC),nescac,Conn. College,"Bonner, Elizabeth",Elizabeth,Bonner,0,163,"Bonner, Elizabeth","Bonner,Elizabeth",BonnerElizabethCON,23,18,22,,Conn. College,CON,0,0,,0,0,0,1,0,0,0,0,0,6,12:00,0,0,0,0,0,0,6,1,0,1,1.000,100,12,11,1,39,,,,,,,,,,,,,,,,,,0,45,6,5,1,0.02,0,0,False,,,-0.24102486241800314,98,78
2025-26,whockey,New England Small College Athletic Conference (NESCAC),nescac,Amherst,Cara Mancini,Cara,Mancini,0,24,Cara Mancini,"MANCINI,CARA",MANCINICARAAMHERST,24,1,2,,Amherst,AMHERST,0,0,,0,0,0,0,0,0,0,0,0,0,00:00,0,0,0,0,0,0,0,0,0,0,NaN,0,9,4,5,5,,,,,,,,,,,,,,,,,,0,44,6,5,1,0.02,0,0,False,,,-0.24102486241800314,99,77
2025-26,whockey,New England Small College Athletic Conference (NESCAC),nescac,Middlebury,"Means, Jocelyn",Jocelyn,Means,0,420,"Means, Jocelyn","Means,Jocelyn",MeansJocelynMID,25,12,5,,Middlebury,MID,1126-6548,0,,0,0,0,0,0,0,0,0,0,1,02:00,0,0,0,0,0,0,1,0,1,1,.000,0,19,10,9,18,,,,,,,,,,,,,,,,,,0,34,6,5,1,0.03,0,0,False,,,-0.24102486241800314,100,77
2025-26,whockey,New England Small College Athletic Conference (NESCAC),nescac,Colby,Michaud-nolan Kayleigh,Michaud-nolan,Kayleigh,0,151,Michaud-nolan Kayleigh,"MICHAUD-NOLAN,K",MICHAUD-NOLANKCOLBY,23,4,8,,Colby,COLBY,0,0,,0,0,0,0,0,0,0,0,0,11,22:00,0,0,0,0,0,0,11,155,99,254,.610,0.64,16,9,7,10,,,,,,,,,,,,,,,,,,0,34,6,5,1,0.03,0,0,False,,,-0.24102486241800314,101,77
2025-26,whockey,New England Small College Athletic Conference (NESCAC),nescac,Conn. College,"Stern, Lily",Lily,Stern,0,163,"Stern, Lily","Stern,Lily",SternLilyCON,21,15,2,,Conn. College,CON,0,0,,0,0,0,0,0,0,1,0,0,3,06:00,0,0,0,0,0,0,3,0,0,0,NaN,0,10,9,1,18,,,,,,,,,,,,,,,,,,0,35,6,5,1,0.03,0,0,False,,,-0.24102486241800314,102,77
2025-26,whockey,New England Small College Athletic Conference (NESCAC),nescac,Hamilton,"Testa, Sophia",Sophia,Testa,0,267,"Testa, Sophia","Testa,Sophia",TestaSophiaHAM,21,1,29,,Hamilton,HAM,0,0,,0,0,0,0,0,0,0,0,0,1,02:00,0,0,0,0,0,0,1,0,0,0,NaN,0,15,7,8,36,,,,,,,,,,,,,,,,,,0,46,6,5,1,0.02,0,0,False,,,-0.24102486241800314,103,77
2025-26,whockey,New England Small College Athletic Conference (NESCAC),nescac,Hamilton,"Wagner, Sarah",Sarah,Wagner,0,267,"Wagner, Sarah","Wagner,Sarah",WagnerSarahHAM,23,4,27,,Hamilton,HAM,0,0,,0,0,1,0,0,0,0,1,0,4,08:00,0,0,0,0,0,0,4,0,1,1,.000,0,16,7,9,13,,,,,,,,,,,,,,,,,,0,24,6,5,1,0.04,0,0,False,,,-0.24102486241800314,104,76
2025-26,whockey,New England Small College Athletic Conference (NESCAC),nescac,Middlebury,"Ferraris, Callia",Callia,Ferraris,0,420,"Ferraris, Callia","Ferraris,Callia",FerrarisCalliaMID,26,4,10,,Middlebury,MID,1126-5881,0,,0,0,0,0,0,0,0,0,0,1,02:00,0,0,0,0,0,0,1,1,0,1,1.000,100,14,10,4,12,,,,,,,,,,,,,,,,,,0,19,6,6,0,0.00,0,0,False,,,-0.34028020904494755,105,76
2025-26,whockey,New England Small College Athletic Conference (NESCAC),nescac,Hamilton,"Sullivan, Cuora",Cuora,Sullivan,0,267,"Sullivan, Cuora","Sullivan,Cuora",SullivanCuoraHAM,17,13,34,,Hamilton,HAM,0,0,,0,0,0,0,0,0,0,0,0,3,06:00,0,0,0,0,0,0,3,0,0,0,NaN,0,14,7,7,18,,,,,,,,,,,,,,,,,,0,35,6,6,0,0.00,0,0,False,,,-0.34028020904494755,106,76
2025-26,whockey,New England Small College Athletic Conference (NESCAC),nescac,Wesleyan,"Kee, Caroline",Caroline,Kee,0,764,"Kee, Caroline","Kee,Caroline",KeeCarolineWES,23,7,21,,Wesleyan,WES,1130-6393,0,,0,1,0,0,1,0,1,0,0,8,16:00,0,0,0,0,0,0,8,190,265,455,.418,1.39,11,18,-7,23,,,,,,,,,,,,,,,,,,0,61,5,1,4,0.07,0,0,False,,,-0.3829845466564822,107,76
2025-26,whockey,New England Small College Athletic Conference (NESCAC),nescac,Colby,Brooke Eselunas,Brooke,Eselunas,0,151,Brooke Eselunas,"ESELUNAS,BROOKE",ESELUNASBROOKECOLBY,11,0,7,,Colby,COLBY,0,0,,0,0,0,0,0,0,0,0,0,2,04:00,0,0,0,0,0,0,2,0,2,2,.000,0,8,1,7,0,,,,,,,,,,,,,,,,,,0,13,5,2,3,0.23,0,0,False,,,-0.48223989328342654,108,76
2025-26,whockey,New England Small College Athletic Conference (NESCAC),nescac,Wesleyan,"Tura, Beats",Beats,Tura,0,764,"Tura, Beats","Tura,Beats",TuraBeatsWES,25,5,5,,Wesleyan,WES,1130-6681,0,,0,0,0,0,0,1,0,1,0,7,14:00,0,0,0,0,0,0,7,0,0,0,NaN,0,11,18,-7,37,,,,,,,,,,,,,,,,,,0,20,5,2,3,0.15,0,0,False,,,-0.48223989328342654,109,75
2025-26,whockey,New England Small College Athletic Conference (NESCAC),nescac,Colby,Addie Paskowski,Addie,Paskowski,d,151,Addie Paskowski,"PASKOWSKI,ADDIE",PASKOWSKIADDIECOLBY,23,9,21,,Colby,COLBY,0,0,,0,0,0,0,0,0,0,0,0,6,12:00,0,0,0,0,0,0,6,0,0,0,NaN,0,15,9,6,17,,,,,,,,,,,,,,,,,,0,55,5,3,2,0.04,0,0,False,,,-0.5814952399103709,110,75
2025-26,whockey,New England Small College Athletic Conference (NESCAC),nescac,Bowdoin,"DiMagno, Elena",Elena,DiMagno,0,69,"DiMagno, Elena","DiMagno,Elena",DiMagnoElenaBOW,24,7,14,,Bowdoin,BOW,1121-4166,0,,0,0,1,0,1,0,0,1,0,5,10:00,0,0,0,0,0,0,5,2,6,8,.250,3.00,9,9,0,3,,,,,,,,,,,,,,,,,,0,46,5,3,2,0.04,0,0,False,,,-0.5814952399103709,111,75
2025-26,whockey,New England Small College Athletic Conference (NESCAC),nescac,Conn. College,"Harris, Charlotte",Charlotte,Harris,0,163,"Harris, Charlotte","Harris,Charlotte",HarrisCharlotteCON,24,9,12,,Conn. College,CON,0,0,,0,0,0,0,0,0,1,0,0,2,04:00,0,0,0,0,0,0,2,29,26,55,.527,0.90,10,16,-6,11,,,,,,,,,,,,,,,,,,0,14,5,3,2,0.14,0,0,False,,,-0.5814952399103709,112,75
2025-26,whockey,New England Small College Athletic Conference (NESCAC),nescac,Wesleyan,"Jung, Kimberly",Kimberly,Jung,0,764,"Jung, Kimberly","Jung,Kimberly",JungKimberlyWES,23,5,7,,Wesleyan,WES,1130-6679,0,,0,0,0,0,0,0,0,1,0,0,00:00,0,0,0,0,0,0,0,0,0,0,NaN,0,12,18,-6,22,,,,,,,,,,,,,,,,,,0,25,5,3,2,0.08,0,0,False,,,-0.5814952399103709,113,75
2025-26,whockey,New England Small College Athletic Conference (NESCAC),nescac,Middlebury,"Kennedy, Peyton",Peyton,Kennedy,0,420,"Kennedy, Peyton","Kennedy,Peyton",KennedyPeytonMID,22,0,8,,Middlebury,MID,1126-6549,0,,0,0,0,0,0,0,0,0,0,3,06:00,0,0,0,0,0,0,3,1,3,4,.250,3.00,6,2,4,3,,,,,,,,,,,,,,,,,,0,22,5,3,2,0.09,0,0,False,,,-0.5814952399103709,114,74
2025-26,whockey,New England Small College Athletic Conference (NESCAC),nescac,Conn. College,"Lileika, Maya",Maya,Lileika,0,163,"Lileika, Maya","Lileika,Maya",LileikaMayaCON,24,0,16,,Conn. College,CON,0,0,,0,0,0,1,0,0,0,0,0,4,08:00,0,0,0,0,0,0,4,0,0,0,NaN,0,5,10,-5,6,,,,,,,,,,,,,,,,,,0,29,5,3,2,0.07,0,0,False,,,-0.5814952399103709,115,74
2025-26,whockey,New England Small College Athletic Conference (NESCAC),nescac,Hamilton,"Romano, Ava",Ava,Romano,0,267,"Romano, Ava","Romano,Ava",RomanoAvaHAM,21,1,19,,Hamilton,HAM,0,0,,0,0,0,1,0,0,0,0,0,1,02:00,0,0,0,0,0,0,1,1,0,1,1.000,100,11,4,7,1,,,,,,,,,,,,,,,,,,0,11,5,3,2,0.18,0,0,False,,,-0.5814952399103709,116,74
2025-26,whockey,New England Small College Athletic Conference (NESCAC),nescac,Amherst,Alejandra Ubarri,Alejandra,Ubarri,0,24,Alejandra Ubarri,"UBARRI,ALEJANDRA",UBARRIALEJANDRAAMHERST,29,2,6,,Amherst,AMHERST,0,0,,0,0,0,0,0,0,1,0,0,8,16:00,0,0,0,0,0,0,8,0,0,0,NaN,0,12,6,6,31,,,,,,,,,,,,,,,,,,0,47,5,4,1,0.02,0,0,False,,,-0.6807505865373152,117,74
2025-26,whockey,New England Small College Athletic Conference (NESCAC),nescac,Trinity,"Brook, Lily",Lily,Brook,0,713,"Brook, Lily","Brook,Lily",BrookLilyTRI,25,6,11,,Trinity,TRI,1127-5069,0,,0,0,0,0,0,0,0,0,0,2,04:00,0,0,0,0,0,0,2,1,1,2,.500,1.00,11,19,-8,14,,,,,,,,,,,,,,,,,,0,49,5,4,1,0.02,0,0,False,,,-0.6807505865373152,118,74
2025-26,whockey,New England Small College Athletic Conference (NESCAC),nescac,Williams,"Diop, Noa",Noa,Diop,0,789,"Diop, Noa","Diop,Noa",DiopNoaWIL,28,0,12,,Williams,WIL,1131-5800,0,,0,0,0,0,0,0,0,0,0,3,06:00,0,0,0,0,0,0,3,0,0,0,NaN,0,16,3,13,5,,,,,,,,,,,,,,,,,,0,17,5,4,1,0.06,0,0,False,,,-0.6807505865373152,119,73
2025-26,whockey,New England Small College Athletic Conference (NESCAC),nescac,Trinity,"Yaun, Cassidy",Cassidy,Yaun,0,713,"Yaun, Cassidy","Yaun,Cassidy",YaunCassidyTRI,24,8,3,,Trinity,TRI,1127-5066,0,,1,0,0,0,0,0,1,0,0,5,10:00,0,0,0,0,0,0,5,1,0,1,1.000,100,11,15,-4,17,,,,,,,,,,,,,,,,,,0,19,5,4,1,0.05,0,0,False,,,-0.6807505865373152,120,73
2025-26,whockey,New England Small College Athletic Conference (NESCAC),nescac,Bowdoin,"Cataldo, Molly",Molly,Cataldo,0,69,"Cataldo, Molly","Cataldo,Molly",CataldoMollyBOW,23,0,21,,Bowdoin,BOW,1121-4775,0,,0,0,0,0,0,0,0,0,0,1,02:00,0,0,0,0,0,0,1,1,1,2,.500,1.00,8,7,1,3,,,,,,,,,,,,,,,,,,0,26,4,1,3,0.12,0,0,False,,,-0.9219656174027389,121,73
2025-26,whockey,New England Small College Athletic Conference (NESCAC),nescac,Trinity,"Rousell, Sophie",Sophie,Rousell,0,713,"Rousell, Sophie","Rousell,Sophie",RousellSophieTRI,25,0,8,,Trinity,TRI,1127-5692,0,,0,0,0,1,0,0,0,1,0,4,08:00,0,0,0,0,0,0,4,3,4,7,.429,1.33,12,16,-4,3,,,,,,,,,,,,,,,,,,0,22,4,1,3,0.14,0,0,False,,,-0.9219656174027389,122,73
2025-26,whockey,New England Small College Athletic Conference (NESCAC),nescac,Trinity,"Bussey, Georgia",Georgia,Bussey,0,713,"Bussey, Georgia","Bussey,Georgia",BusseyGeorgiaTRI,23,5,10,,Trinity,TRI,1127-5432,0,,0,0,0,0,0,0,0,0,0,9,18:00,0,0,0,0,0,0,9,0,0,0,NaN,0,10,16,-6,16,,,,,,,,,,,,,,,,,,0,24,4,2,2,0.08,0,0,False,,,-1.021220964029683,123,72
2025-26,whockey,New England Small College Athletic Conference (NESCAC),nescac,Amherst,Carlisle Brush,Carlisle,Brush,0,24,Carlisle Brush,"BRUSH,CARLISLE",BRUSHCARLISLEAMHERST,29,1,20,,Amherst,AMHERST,0,0,,0,0,0,0,0,0,0,1,0,0,00:00,0,0,0,0,0,0,0,98,133,231,.424,1.36,7,3,4,13,,,,,,,,,,,,,,,,,,0,26,4,2,2,0.08,0,0,False,,,-1.021220964029683,124,72
2025-26,whockey,New England Small College Athletic Conference (NESCAC),nescac,Conn. College,"Donnelly, Sofia",Sofia,Donnelly,0,163,"Donnelly, Sofia","Donnelly,Sofia",DonnellySofiaCON,24,5,14,,Conn. College,CON,0,0,,0,0,0,0,0,0,1,0,0,1,02:00,0,0,0,0,0,0,1,0,0,0,NaN,0,10,13,-3,15,,,,,,,,,,,,,,,,,,0,27,4,2,2,0.07,0,0,False,,,-1.021220964029683,125,72
2025-26,whockey,New England Small College Athletic Conference (NESCAC),nescac,Conn. College,"Montembeault, Olivia",Olivia,Montembeault,0,163,"Montembeault, Olivia","Montembeault,Olivia",MontembeaultOliviaCON,24,1,13,,Conn. College,CON,0,0,,0,0,0,0,0,0,0,0,0,4,08:00,0,0,0,0,0,0,4,0,1,1,.000,0,6,5,1,10,,,,,,,,,,,,,,,,,,0,21,4,2,2,0.10,0,0,False,,,-1.021220964029683,126,72
2025-26,whockey,New England Small College Athletic Conference (NESCAC),nescac,Middlebury,"Neyman, Rachel",Rachel,Neyman,0,420,"Neyman, Rachel","Neyman,Rachel",NeymanRachelMID,26,0,4,,Middlebury,MID,1126-5625,0,,0,0,0,0,0,0,0,0,0,2,04:00,0,0,0,0,0,0,2,58,71,129,.450,1.22,8,4,4,11,,,,,,,,,,,,,,,,,,0,15,4,2,2,0.13,0,0,False,,,-1.021220964029683,127,72
2025-26,whockey,New England Small College Athletic Conference (NESCAC),nescac,Colby,Sophie Melsness,Sophie,Melsness,0,151,Sophie Melsness,"MELSNESS,SOPHIE",MELSNESSSOPHIECOLBY,25,1,19,,Colby,COLBY,0,0,,0,0,0,0,0,0,0,1,0,2,04:00,0,0,0,0,0,0,2,0,3,3,.000,0,10,12,-2,11,,,,,,,,,,,,,,,,,,0,37,4,2,2,0.05,0,0,False,,,-1.021220964029683,128,71
2025-26,whockey,New England Small College Athletic Conference (NESCAC),nescac,Amherst,Natalie Stott,Natalie,Stott,g,24,Natalie Stott,"STOTT,NATALIE",STOTTNATALIEAMHERST,28,28,1,,Amherst,AMHERST,0,0,,0,0,0,0,0,0,0,0,0,0,00:00,0,0,0,0,0,0,0,0,0,0,NaN,0,0,0,0,0,28,1709:38,18,639,311823118212914,11,1,1,1,3,0,0,.973,28,0,0,0.63,0,0,2,2,0,0.00,0,0,True,,,-1.0325456560965014,129,71
2025-26,whockey,New England Small College Athletic Conference (NESCAC),nescac,Bowdoin,"Frankenfeld, Charlee",Charlee,Frankenfeld,0,69,"Frankenfeld, Charlee","Frankenfeld,Charlee",FrankenfeldCharleeBOW,7,2,9,,Bowdoin,BOW,1121-4330,0,,0,0,0,0,0,0,1,0,0,0,00:00,0,0,0,0,0,0,0,1,0,1,1.000,100,9,7,2,5,,,,,,,,,,,,,,,,,,0,10,4,3,1,0.10,0,0,False,,,-1.1204763106566276,130,71
2025-26,whockey,New England Small College Athletic Conference (NESCAC),nescac,Colby,Julie Jasaitis,Julie,Jasaitis,0,151,Julie Jasaitis,"JASAITIS,JULIE",JASAITISJULIECOLBY,15,0,26,,Colby,COLBY,0,0,,0,0,0,0,0,0,0,0,0,1,02:00,0,0,0,0,0,0,1,0,0,0,NaN,0,4,3,1,2,,,,,,,,,,,,,,,,,,0,23,4,3,1,0.04,0,0,False,,,-1.1204763106566276,131,71
2025-26,whockey,New England Small College Athletic Conference (NESCAC),nescac,Bowdoin,"LaPrade, Kendrick",Kendrick,LaPrade,0,69,"LaPrade, Kendrick","LaPrade,Kendrick",LaPradeKendrickBOW,19,0,13,,Bowdoin,BOW,1121-4663,0,,0,0,0,0,0,0,0,0,0,0,00:00,0,0,0,0,0,0,0,0,0,0,NaN,0,4,2,2,0,,,,,,,,,,,,,,,,,,0,9,4,3,1,0.11,0,0,False,,,-1.1204763106566276,132,71
2025-26,whockey,New England Small College Athletic Conference (NESCAC),nescac,Williams,"Moore, Skyler",Skyler,Moore,0,789,"Moore, Skyler","Moore,Skyler",MooreSkylerWIL,28,7,20,,Williams,WIL,1131-5508,0,,0,0,0,0,0,0,0,0,0,2,04:00,0,0,0,0,0,0,2,46,55,101,.455,1.20,10,6,4,27,,,,,,,,,,,,,,,,,,0,26,4,3,1,0.04,0,0,False,,,-1.1204763106566276,133,70
2025-26,whockey,New England Small College Athletic Conference (NESCAC),nescac,Wesleyan,"Omura, Eve",Eve,Omura,0,764,"Omura, Eve","Omura,Eve",OmuraEveWES,24,0,13,,Wesleyan,WES,1130-7199,0,,0,0,0,0,0,0,0,0,0,3,06:00,0,0,0,0,0,0,3,0,0,0,NaN,0,8,12,-4,6,,,,,,,,,,,,,,,,,,0,29,4,3,1,0.03,0,0,False,,,-1.1204763106566276,134,70
2025-26,whockey,New England Small College Athletic Conference (NESCAC),nescac,Wesleyan,"Ward, Carly",Carly,Ward,0,764,"Ward, Carly","Ward,Carly",WardCarlyWES,25,19,14,,Wesleyan,WES,1130-6678,0,,0,0,0,1,0,0,0,0,0,11,22:00,0,0,0,0,0,0,11,0,0,0,NaN,0,18,19,-1,43,,,,,,,,,,,,,,,,,,0,48,4,3,1,0.02,0,0,False,,,-1.1204763106566276,135,70
2025-26,whockey,New England Small College Athletic Conference (NESCAC),nescac,Wesleyan,"Lucchese, Emma",Emma,Lucchese,0,764,"Lucchese, Emma","Lucchese,Emma",LuccheseEmmaWES,25,0,23,,Wesleyan,WES,1130-6910,0,,0,0,0,0,0,0,0,0,0,3,06:00,0,0,0,0,0,0,3,0,0,0,NaN,0,7,6,1,11,,,,,,,,,,,,,,,,,,0,12,4,4,0,0.00,0,0,False,,,-1.219731657283572,136,70
2025-26,whockey,New England Small College Athletic Conference (NESCAC),nescac,Trinity,"Murray, Mikayla",Mikayla,Murray,0,713,"Murray, Mikayla","Murray,Mikayla",MurrayMikaylaTRI,25,6,16,,Trinity,TRI,1127-5433,0,,0,0,0,0,0,0,0,0,0,3,06:00,0,0,0,0,0,0,3,0,0,0,NaN,0,10,15,-5,9,,,,,,,,,,,,,,,,,,0,40,4,4,0,0.00,0,0,False,,,-1.219731657283572,137,70
2025-26,whockey,New England Small College Athletic Conference (NESCAC),nescac,Conn. College,"Polizzi, Sofia",Sofia,Polizzi,0,163,"Polizzi, Sofia","Polizzi,Sofia",PolizziSofiaCON,24,1,19,,Conn. College,CON,0,0,,0,0,0,0,0,0,0,0,0,4,08:00,0,0,0,0,0,0,4,7,6,13,.538,0.86,10,11,-1,16,,,,,,,,,,,,,,,,,,0,39,4,4,0,0.00,0,0,False,,,-1.219731657283572,138,69
2025-26,whockey,New England Small College Athletic Conference (NESCAC),nescac,Hamilton,"Rodham, Sophia",Sophia,Rodham,0,267,"Rodham, Sophia","Rodham,Sophia",RodhamSophiaHAM,25,8,4,,Hamilton,HAM,0,0,,0,0,0,0,0,0,0,0,0,0,00:00,0,0,0,0,0,0,0,0,0,0,NaN,0,14,19,-5,31,,,,,,,,,,,,,,,,,,0,39,4,4,0,0.00,0,0,False,,,-1.219731657283572,139,69
2025-26,whockey,New England Small College Athletic Conference (NESCAC),nescac,Trinity,"Bizup, Charlotte",Charlotte,Bizup,0,713,"Bizup, Charlotte","Bizup,Charlotte",BizupCharlotteTRI,1,0,30,,Trinity,TRI,1127-5072,0,,0,0,0,0,0,0,0,0,0,0,00:00,0,0,0,0,0,0,0,0,0,0,NaN,0,0,0,0,0,1,20:00,0,2,"0,0,00000000000000000000000000000000000000200000000000000000000000000",0,0,0,0,0,0,0,1.000,0,0,0,0.00,0,0,0,0,0,0.00,0,0,True,,,-1.3614114715741366,140,69
2025-26,whockey,New England Small College Athletic Conference (NESCAC),nescac,Trinity,"Eschweiler, Emma",Emma,Eschweiler,0,713,"Eschweiler, Emma","Eschweiler,Emma",EschweilerEmmaTRI,1,0,33,,Trinity,TRI,1127-5437,0,,0,0,0,0,0,0,0,0,0,0,00:00,0,0,0,0,0,0,0,0,0,0,NaN,0,0,0,0,0,1,19:49,0,4,"0,0,00000000000000000000000000000000000000040000000000000000000000000",0,0,0,0,0,0,0,1.000,0,0,0,0.00,0,0,0,0,0,0.00,0,0,True,,,-1.3614114715741366,141,69
2025-26,whockey,New England Small College Athletic Conference (NESCAC),nescac,Middlebury,"Gray, Bridget",Bridget,Gray,0,420,"Gray, Bridget","Gray,Bridget",GrayBridgetMID,2,0,31,,Middlebury,MID,1126-5887,0,,0,0,0,0,0,0,0,0,0,0,00:00,0,0,0,0,0,0,0,0,0,0,NaN,0,0,0,0,0,2,18:08,0,3,"0,0,000000000000000000000000000000001000000002000000000000000000000000000000",0,0,0,0,0,0,0,1.000,0,0,0,0.00,0,0,0,0,0,0.00,0,0,True,,,-1.3614114715741366,142,69
2025-26,whockey,New England Small College Athletic Conference (NESCAC),nescac,Conn. College,"Olson, Avery",Avery,Olson,0,163,"Olson, Avery","Olson,Avery",OlsonAveryCON,2,1,35,,Conn. College,CON,0,0,,0,0,0,0,0,0,0,0,0,0,00:00,0,0,0,0,0,0,0,0,0,0,NaN,0,0,0,0,0,2,60:00,0,21,0000,1,1,0,0,0,0,0,1.000,1,0,0,0.00,0,0,0,0,0,0.00,0,0,True,,,-1.3614114715741366,143,68
2025-26,whockey,New England Small College Athletic Conference (NESCAC),nescac,Williams,"Healey, Isa",Isa,Healey,0,789,"Healey, Isa","Healey,Isa",HealeyIsaWIL,28,0,18,,Williams,WIL,1131-5354,0,,0,0,0,0,0,0,0,2,0,6,12:00,0,0,0,0,0,0,6,50,44,94,.532,0.88,5,0,5,3,,,,,,,,,,,,,,,,,,0,15,3,1,2,0.13,0,0,False,,,-1.4609466881489952,144,68
2025-26,whockey,New England Small College Athletic Conference (NESCAC),nescac,Middlebury,"Acosta, Jocelyn",Jocelyn,Acosta,0,420,"Acosta, Jocelyn","Acosta,Jocelyn",AcostaJocelynMID,7,0,27,,Middlebury,MID,1126-5882,0,,0,0,0,0,0,0,0,0,0,0,00:00,0,0,0,0,0,0,0,0,0,0,NaN,0,3,1,2,0,,,,,,,,,,,,,,,,,,0,3,3,2,1,0.33,0,0,False,,,-1.5602020347759396,145,68
2025-26,whockey,New England Small College Athletic Conference (NESCAC),nescac,Conn. College,"Fagan, Olivia",Olivia,Fagan,0,163,"Fagan, Olivia","Fagan,Olivia",FaganOliviaCON,21,0,3,,Conn. College,CON,0,0,,0,0,0,1,0,0,0,0,0,6,12:00,0,0,0,0,0,0,6,0,0,0,NaN,0,7,9,-2,2,,,,,,,,,,,,,,,,,,0,24,3,2,1,0.04,0,0,False,,,-1.5602020347759396,146,68
2025-26,whockey,New England Small College Athletic Conference (NESCAC),nescac,Wesleyan,"Galanek, Sam",Sam,Galanek,0,764,"Galanek, Sam","Galanek,Sam",GalanekSamWES,25,1,18,,Wesleyan,WES,1130-6392,0,,0,0,0,0,0,0,0,0,0,1,02:00,0,0,0,0,0,0,1,131,177,308,.425,1.35,6,20,-14,14,,,,,,,,,,,,,,,,,,0,34,3,2,1,0.03,0,0,False,,,-1.5602020347759396,147,68
2025-26,whockey,New England Small College Athletic Conference (NESCAC),nescac,Bowdoin,"Imposimato, Ava",Ava,Imposimato,0,69,"Imposimato, Ava","Imposimato,Ava",ImposimatoAvaBOW,23,6,22,,Bowdoin,BOW,1121-4169,0,,0,0,0,0,0,0,0,0,0,1,02:00,0,0,0,0,0,0,1,101,145,246,.411,1.44,6,9,-3,1,,,,,,,,,,,,,,,,,,0,42,3,2,1,0.02,0,0,False,,,-1.5602020347759396,148,67
2025-26,whockey,New England Small College Athletic Conference (NESCAC),nescac,Colby,Mallory Farrell,Mallory,Farrell,0,151,Mallory Farrell,"FARRELL,MALLORY",FARRELLMALLORYCOLBY,15,1,15,,Colby,COLBY,0,0,,0,0,0,0,0,0,0,1,0,2,04:00,0,0,0,0,0,0,2,0,0,0,NaN,0,2,3,-1,7,,,,,,,,,,,,,,,,,,0,21,3,2,1,0.05,0,0,False,,,-1.5602020347759396,149,67
2025-26,whockey,New England Small College Athletic Conference (NESCAC),nescac,Hamilton,"Martiniello, Gabby",Gabby,Martiniello,0,267,"Martiniello, Gabby","Martiniello,Gabby",MartinielloGabbyHAM,19,1,7,,Hamilton,HAM,0,0,,0,0,0,0,0,0,0,0,0,3,06:00,0,0,0,0,0,0,3,0,0,0,NaN,0,13,7,6,16,,,,,,,,,,,,,,,,,,0,31,3,2,1,0.03,0,0,False,,,-1.5602020347759396,150,67
2025-26,whockey,New England Small College Athletic Conference (NESCAC),nescac,Wesleyan,"Sims, Aiko",Aiko,Sims,0,764,"Sims, Aiko","Sims,Aiko",SimsAikoWES,25,4,24,,Wesleyan,WES,1130-6394,0,,0,0,0,0,0,0,0,0,0,1,02:00,0,0,0,0,0,0,1,2,5,7,.286,2.50,5,14,-9,28,,,,,,,,,,,,,,,,,,0,41,3,2,1,0.02,0,0,False,,,-1.5602020347759396,151,67
2025-26,whockey,New England Small College Athletic Conference (NESCAC),nescac,Colby,Kate Pura,Kate,Pura,0,151,Kate Pura,"PURA,KATE",PURAKATECOLBY,25,4,23,,Colby,COLBY,0,0,,0,0,0,0,0,0,0,0,0,1,02:00,0,0,0,0,0,0,1,0,0,0,NaN,0,16,8,8,22,,,,,,,,,,,,,,,,,,0,27,3,3,0,0.00,0,0,False,,,-1.6594573814028841,152,67
2025-26,whockey,New England Small College Athletic Conference (NESCAC),nescac,Conn. College,"O'Donnell, Caitlyn",Caitlyn,O'Donnell,0,163,"O'Donnell, Caitlyn","O'Donnell,Caitlyn",O'DonnellCaitlynCON,17,0,11,,Conn. College,CON,0,0,,0,0,0,0,0,0,0,0,0,0,00:00,0,0,0,0,0,0,0,0,1,1,.000,0,7,2,5,4,,,,,,,,,,,,,,,,,,0,10,3,3,0,0.00,0,0,False,,,-1.6594573814028841,153,66
2025-26,whockey,New England Small College Athletic Conference (NESCAC),nescac,Middlebury,"Sobczak, Lauren",Lauren,Sobczak,0,420,"Sobczak, Lauren","Sobczak,Lauren",SobczakLaurenMID,3,3,29,,Middlebury,MID,1126-6043,0,,0,0,0,0,0,0,0,0,0,0,00:00,0,0,0,0,0,0,0,0,0,0,NaN,0,0,0,0,0,3,161:11,1,40,"0,0,000000000000046300000000000000561000000573000000000000000000000000000000",0,1,0,0,0,0,0,.976,3,0,0,0.37,0,0,0,0,0,0.00,0,0,True,,,-1.7083266279962084,154,66
2025-26,whockey,New England Small College Athletic Conference (NESCAC),nescac,Middlebury,"Anthony, Sarah",Sarah,Anthony,0,420,"Anthony, Sarah","Anthony,Sarah",AnthonySarahMID,13,0,24,,Middlebury,MID,1126-6034,0,,0,0,0,0,0,0,0,0,0,0,00:00,0,0,0,0,0,0,0,0,0,0,NaN,0,2,2,0,2,,,,,,,,,,,,,,,,,,0,11,2,0,2,0.18,0,0,False,,,-1.9006724122683076,155,66
2025-26,whockey,New England Small College Athletic Conference (NESCAC),nescac,Conn. College,"Frank, Syndey",Syndey,Frank,0,163,"Frank, Syndey","Frank,Syndey",FrankSyndeyCON,14,1,8,,Conn. College,CON,0,0,,0,0,0,0,0,0,0,0,0,0,00:00,0,0,0,0,0,0,0,33,44,77,.429,1.33,4,6,-2,4,,,,,,,,,,,,,,,,,,0,21,2,0,2,0.10,0,0,False,,,-1.9006724122683076,156,66
2025-26,whockey,New England Small College Athletic Conference (NESCAC),nescac,Middlebury,"Hall, Adrienne",Adrienne,Hall,0,420,"Hall, Adrienne","Hall,Adrienne",HallAdrienneMID,9,0,32,,Middlebury,MID,1126-6552,0,,0,0,0,0,0,0,0,0,0,0,00:00,0,0,0,0,0,0,0,0,0,0,NaN,0,3,1,2,0,,,,,,,,,,,,,,,,,,0,5,2,0,2,0.40,0,0,False,,,-1.9006724122683076,157,66
2025-26,whockey,New England Small College Athletic Conference (NESCAC),nescac,Bowdoin,"Provenzo, Ava",Ava,Provenzo,0,69,"Provenzo, Ava","Provenzo,Ava",ProvenzoAvaBOW,23,2,2,,Bowdoin,BOW,1121-4537,0,,0,0,0,1,0,0,0,0,0,7,14:00,0,0,0,0,0,0,7,0,1,1,.000,0,7,9,-2,6,,,,,,,,,,,,,,,,,,0,21,2,0,2,0.10,0,0,False,,,-1.9006724122683076,158,65
2025-26,whockey,New England Small College Athletic Conference (NESCAC),nescac,Colby,Cailyn Murphy,Cailyn,Murphy,0,151,Cailyn Murphy,"MURPHY,CAILYN",MURPHYCAILYNCOLBY,20,6,5,,Colby,COLBY,0,0,,0,0,0,0,0,0,0,0,0,4,08:00,0,0,0,0,0,0,4,0,0,0,NaN,0,14,6,8,14,,,,,,,,,,,,,,,,,,0,21,2,1,1,0.05,0,0,False,,,-1.999927758895252,159,65
2025-26,whockey,New England Small College Athletic Conference (NESCAC),nescac,Williams,"Harder, Keira",Keira,Harder,0,789,"Harder, Keira","Harder,Keira",HarderKeiraWIL,26,0,15,,Williams,WIL,1131-5356,0,,0,0,0,0,0,0,0,0,0,2,04:00,0,0,0,0,0,0,2,18,27,45,.400,1.50,4,1,3,5,,,,,,,,,,,,,,,,,,0,11,2,1,1,0.09,0,0,False,,,-1.999927758895252,160,65
2025-26,whockey,New England Small College Athletic Conference (NESCAC),nescac,Amherst,Junfei (Tammy) Zhu,Junfei (Tammy),Zhu,0,24,Junfei (Tammy) Zhu,"ZHU,JUNFEI (TAMMY)",ZHUJUNFEI(TAMMY)AMHERST,19,0,17,,Amherst,AMHERST,0,0,,0,0,0,0,0,0,0,1,0,0,00:00,0,0,0,0,0,0,0,1,0,1,1.000,0,3,3,0,2,,,,,,,,,,,,,,,,,,0,14,2,1,1,0.07,0,0,False,,,-1.999927758895252,161,65
2025-26,whockey,New England Small College Athletic Conference (NESCAC),nescac,Conn. College,"Pistorino, Jess",Jess,Pistorino,0,163,"Pistorino, Jess","Pistorino,Jess",PistorinoJessCON,24,1,9,,Conn. College,CON,0,0,,0,0,0,0,0,0,0,0,0,5,10:00,0,0,0,0,0,0,5,1,0,1,1.000,0,8,2,6,12,,,,,,,,,,,,,,,,,,0,51,2,1,1,0.02,0,0,False,,,-1.999927758895252,162,65
2025-26,whockey,New England Small College Athletic Conference (NESCAC),nescac,Colby,Abby Tattersall,Abby,Tattersall,0,151,Abby Tattersall,"TATTERSALL,ABBY",TATTERSALLABBYCOLBY,16,0,4,,Colby,COLBY,0,0,,0,0,0,0,0,0,0,0,0,1,02:00,0,0,0,0,0,0,1,0,0,0,NaN,0,14,3,11,4,,,,,,,,,,,,,,,,,,0,9,2,2,0,0.00,0,0,False,,,-2.0991831055221963,163,64
2025-26,whockey,New England Small College Athletic Conference (NESCAC),nescac,Williams,"Johnson, Grace",Grace,Johnson,0,789,"Johnson, Grace","Johnson,Grace",JohnsonGraceWIL,28,4,14,,Williams,WIL,1131-5801,0,,0,0,0,0,0,0,0,0,0,10,20:00,0,0,0,0,0,0,10,0,0,0,NaN,0,12,7,5,34,,,,,,,,,,,,,,,,,,0,32,2,2,0,0.00,0,0,False,,,-2.0991831055221963,164,64
2025-26,whockey,New England Small College Athletic Conference (NESCAC),nescac,Bowdoin,"Kent, Elizabeth",Elizabeth,Kent,0,69,"Kent, Elizabeth","Kent,Elizabeth",KentElizabethBOW,18,0,10,,Bowdoin,BOW,1121-4536,0,,0,0,0,0,0,0,0,0,0,0,00:00,0,0,0,0,0,0,0,0,0,0,NaN,0,6,6,0,3,,,,,,,,,,,,,,,,,,0,3,2,2,0,0.00,0,0,False,,,-2.0991831055221963,165,64
2025-26,whockey,New England Small College Athletic Conference (NESCAC),nescac,Amherst,Siena Harris,Siena,Harris,0,24,Siena Harris,"HARRIS,SIENA",HARRISSIENAAMHERST,28,0,14,,Amherst,AMHERST,0,0,,0,0,0,0,0,0,0,0,0,3,06:00,0,0,0,0,0,0,3,0,1,1,.000,0,4,2,2,4,,,,,,,,,,,,,,,,,,0,17,2,2,0,0.00,0,0,False,,,-2.0991831055221963,166,64
2025-26,whockey,New England Small College Athletic Conference (NESCAC),nescac,Middlebury,"Simon, Meg",Meg,Simon,0,420,"Simon, Meg","Simon,Meg",SimonMegMID,15,0,28,,Middlebury,MID,1126-5629,0,,0,0,0,0,0,0,0,0,0,2,04:00,0,0,0,0,0,0,2,0,0,0,NaN,0,2,1,1,2,,,,,,,,,,,,,,,,,,0,4,2,2,0,0.00,0,0,False,,,-2.0991831055221963,167,64
2025-26,whockey,New England Small College Athletic Conference (NESCAC),nescac,Middlebury,"Weiner, Sasha",Sasha,Weiner,0,420,"Weiner, Sasha","Weiner,Sasha",WeinerSashaMID,16,0,44,,Middlebury,MID,1126-6554,0,,0,0,0,0,0,0,0,0,0,0,00:00,0,0,0,0,0,0,0,0,0,0,NaN,0,7,3,4,4,,,,,,,,,,,,,,,,,,0,10,2,2,0,0.00,0,0,False,,,-2.0991831055221963,168,63
2025-26,whockey,New England Small College Athletic Conference (NESCAC),nescac,Williams,"Pye, Erin",Erin,Pye,0,789,"Pye, Erin","Pye,Erin",PyeErinWIL,24,24,1,,Williams,WIL,1131-5044,0,,0,0,0,0,0,0,0,0,0,0,00:00,0,0,0,0,0,0,0,0,0,0,NaN,0,0,0,0,0,24,1455:53,29,802,767104101041051580151515,5,1,1,1,3,0,0,.965,24,0,0,1.20,0,0,0,0,0,0.00,0,0,True,,,-2.362622077869114,169,63
2025-26,whockey,New England Small College Athletic Conference (NESCAC),nescac,Colby,Ally Martiniello,Ally,Martiniello,g,151,Ally Martiniello,"MARTINIELLO,ALLY",MARTINIELLOALLYCOLBY,21,20,33,,Colby,COLBY,0,0,,0,0,0,0,0,0,0,0,0,0,00:00,0,0,0,0,0,0,0,0,0,0,NaN,0,0,0,0,0,21,1233:24,24,440,0141510,2,1,1,1,4,0,0,.948,20,0,0,1.17,0,0,0,0,0,0.00,0,0,True,,,-2.3892999173092186,170,63
2025-26,whockey,New England Small College Athletic Conference (NESCAC),nescac,Hamilton,"Ji, Molly",Molly,Ji,0,267,"Ji, Molly","Ji,Molly",JiMollyHAM,7,3,8,,Hamilton,HAM,0,0,,0,0,0,0,0,0,0,0,0,3,06:00,0,0,0,0,0,0,3,0,1,1,.000,0,1,3,-2,0,,,,,,,,,,,,,,,,,,0,12,1,0,1,0.08,0,0,False,,,-2.439653483014564,171,63
2025-26,whockey,New England Small College Athletic Conference (NESCAC),nescac,Hamilton,"Lial, Parker",Parker,Lial,0,267,"Lial, Parker","Lial,Parker",LialParkerHAM,11,0,9,,Hamilton,HAM,0,0,,0,0,0,1,0,0,0,0,0,2,04:00,0,0,0,0,0,0,2,0,0,0,NaN,0,1,1,0,1,,,,,,,,,,,,,,,,,,0,9,1,0,1,0.11,0,0,False,,,-2.439653483014564,172,62
2025-26,whockey,New England Small College Athletic Conference (NESCAC),nescac,Conn. College,Sydney Frank,Sydney,Frank,0,163,Sydney Frank,"FRANK,SYDNEY",FRANKSYDNEYCON,2,-2,8,,Conn. College,CON,1125-2436,0,,0,0,0,0,0,0,0,0,0,0,00:00,0,0,0,0,0,0,0,10,2,12,.833,-66,2,3,-1,0,,,,,,,,,,,,,,,,,,0,2,1,0,1,0.50,0,0,False,,,-2.439653483014564,173,62
2025-26,whockey,New England Small College Athletic Conference (NESCAC),nescac,Williams,"Bentley, Eva",Eva,Bentley,0,789,"Bentley, Eva","Bentley,Eva",BentleyEvaWIL,4,4,33,,Williams,WIL,1131-5510,0,,0,0,0,0,0,0,0,0,0,0,00:00,0,0,0,0,0,0,0,0,0,0,NaN,0,0,0,0,0,5,244:31,5,72,"0,0,0,0,000000106732930000000000553000000559000000",0,1,0,1,2,0,0,.935,4,0,0,1.23,0,0,0,0,0,0.00,0,0,True,,,-2.471904009958045,174,62
2025-26,whockey,New England Small College Athletic Conference (NESCAC),nescac,Middlebury,"Will, Sophia",Sophia,Will,0,420,"Will, Sophia","Will,Sophia",WillSophiaMID,23,23,1,,Middlebury,MID,1126-5624,0,,0,0,0,0,0,0,0,0,0,0,00:00,0,0,0,0,0,0,0,0,0,0,NaN,0,0,0,0,0,23,1454:41,33,581,"7,6,10444267653944264110000314741295219521430000774114613911311101300015818194777431291214830710111078412791495159",2,1,1,1,1,0,0,.946,23,1,0,1.36,0,0,0,0,0,0.00,0,0,True,,,-2.537579734422973,175,62
2025-26,whockey,New England Small College Athletic Conference (NESCAC),nescac,Conn. College,"Barcza, Katelyn",Katelyn,Barcza,0,163,"Barcza, Katelyn","Barcza,Katelyn",BarczaKatelynCON,9,0,24,,Conn. College,CON,0,0,,0,0,0,0,0,0,0,0,0,1,02:00,0,0,0,0,0,0,1,1,0,1,1.000,100,3,3,0,3,,,,,,,,,,,,,,,,,,0,2,1,1,0,0.00,0,0,False,,,-2.5389088296415085,176,62
2025-26,whockey,New England Small College Athletic Conference (NESCAC),nescac,Trinity,"Berman, Taylor",Taylor,Berman,0,713,"Berman, Taylor","Berman,Taylor",BermanTaylorTRI,25,3,5,,Trinity,TRI,1127-5690,0,,0,0,0,0,0,0,0,0,0,2,04:00,0,0,0,0,0,0,2,0,1,1,.000,0,5,8,-3,23,,,,,,,,,,,,,,,,,,0,12,1,1,0,0.00,0,0,False,,,-2.5389088296415085,177,61
2025-26,whockey,New England Small College Athletic Conference (NESCAC),nescac,Bowdoin,"Brush, Channing",Channing,Brush,0,69,"Brush, Channing","Brush,Channing",BrushChanningBOW,24,10,20,,Bowdoin,BOW,1121-4774,0,,0,0,0,0,0,0,0,0,0,3,06:00,0,0,0,0,0,0,3,0,1,1,.000,0,9,10,-1,9,,,,,,,,,,,,,,,,,,0,15,1,1,0,0.00,0,0,False,,,-2.5389088296415085,178,61
2025-26,whockey,New England Small College Athletic Conference (NESCAC),nescac,Trinity,"Calo, Ellie",Ellie,Calo,0,713,"Calo, Ellie","Calo,Ellie",CaloEllieTRI,22,0,15,,Trinity,TRI,1127-5691,0,,0,0,0,0,0,0,0,0,0,1,02:00,0,0,0,0,0,0,1,0,0,0,NaN,0,5,5,0,2,,,,,,,,,,,,,,,,,,0,2,1,1,0,0.00,0,0,False,,,-2.5389088296415085,179,61
2025-26,whockey,New England Small College Athletic Conference (NESCAC),nescac,Amherst,Clara Cumming,Clara,Cumming,0,24,Clara Cumming,"CUMMING,CLARA",CUMMINGCLARAAMHERST,29,2,19,,Amherst,AMHERST,0,0,,0,0,0,0,0,0,0,0,0,0,00:00,0,0,0,0,0,0,0,17,20,37,.459,1.18,6,1,5,13,,,,,,,,,,,,,,,,,,0,44,1,1,0,0.00,0,0,False,,,-2.5389088296415085,180,61
2025-26,whockey,New England Small College Athletic Conference (NESCAC),nescac,Conn. College,"Goldberg, Sasha",Sasha,Goldberg,0,163,"Goldberg, Sasha","Goldberg,Sasha",GoldbergSashaCON,9,0,26,,Conn. College,CON,0,0,,0,0,0,0,0,0,0,0,0,3,06:00,0,0,0,0,0,0,3,9,12,21,.429,1.33,3,2,1,3,,,,,,,,,,,,,,,,,,0,5,1,1,0,0.00,0,0,False,,,-2.5389088296415085,181,61
2025-26,whockey,New England Small College Athletic Conference (NESCAC),nescac,Trinity,"Gosnell, Ava",Ava,Gosnell,0,713,"Gosnell, Ava","Gosnell,Ava",GosnellAvaTRI,9,5,2,,Trinity,TRI,1127-4758,0,,0,0,0,0,0,0,0,0,0,1,02:00,0,0,0,0,0,0,1,0,0,0,NaN,0,1,11,-10,7,,,,,,,,,,,,,,,,,,0,5,1,1,0,0.00,0,0,False,,,-2.5389088296415085,182,60
2025-26,whockey,New England Small College Athletic Conference (NESCAC),nescac,Middlebury,"Hannah, Emma",Emma,Hannah,0,420,"Hannah, Emma","Hannah,Emma",HannahEmmaMID,18,0,22,,Middlebury,MID,1126-6041,0,,0,0,0,0,0,0,0,0,0,7,14:00,0,0,0,0,0,0,7,0,0,0,NaN,0,7,6,1,13,,,,,,,,,,,,,,,,,,0,15,1,1,0,0.00,0,0,False,,,-2.5389088296415085,183,60
2025-26,whockey,New England Small College Athletic Conference (NESCAC),nescac,Colby,Keirstyn Camiolo,Keirstyn,Camiolo,0,151,Keirstyn Camiolo,"CAMIOLO,KEIRSTYN",CAMIOLOKEIRSTYNCOLBY,8,0,2,,Colby,COLBY,0,0,,0,0,0,0,0,0,0,0,0,2,04:00,0,0,0,0,0,0,2,0,0,0,NaN,0,2,3,-1,0,,,,,,,,,,,,,,,,,,0,6,1,1,0,0.00,0,0,False,,,-2.5389088296415085,184,60
2025-26,whockey,New England Small College Athletic Conference (NESCAC),nescac,Trinity,"Merkel, Annabelle",Annabelle,Merkel,0,713,"Merkel, Annabelle","Merkel,Annabelle",MerkelAnnabelleTRI,20,9,4,,Trinity,TRI,1127-4759,0,,0,0,0,0,0,0,0,0,0,9,18:00,0,0,0,0,0,0,9,0,0,0,NaN,0,4,17,-13,18,,,,,,,,,,,,,,,,,,0,13,1,1,0,0.00,0,0,False,,,-2.5389088296415085,185,60
2025-26,whockey,New England Small College Athletic Conference (NESCAC),nescac,Hamilton,"Sheridan, Evie",Evie,Sheridan,0,267,"Sheridan, Evie","Sheridan,Evie",SheridanEvieHAM,9,8,35,,Hamilton,HAM,0,0,,0,0,0,0,0,0,0,0,0,0,00:00,0,0,0,0,0,0,0,0,0,0,NaN,0,0,0,0,0,9,450:03,12,173,"9,13,9,0000006000000000000055300000037160000005681011700000000000572117124000000020000000",0,1,1,1,2,0,0,.935,8,0,0,1.60,0,0,0,0,0,0.00,0,0,True,,,-2.749392900067418,186,60
2025-26,whockey,New England Small College Athletic Conference (NESCAC),nescac,Hamilton,"Brown, Teagan",Teagan,Brown,0,267,"Brown, Teagan","Brown,Teagan",BrownTeaganHAM,17,16,30,,Hamilton,HAM,0,0,,0,0,0,0,0,0,0,0,0,0,00:00,0,0,0,0,0,0,0,0,0,0,NaN,0,0,0,0,0,17,1007:38,28,474,"0,0,0,011111020078721291748611100003980000001113128124000129114934717305107000891686122016111212716113117",3,1,1,1,2,0,0,.944,16,0,0,1.67,0,0,0,0,0,0.00,0,0,True,,,-2.7758559483289567,187,59
2025-26,whockey,New England Small College Athletic Conference (NESCAC),nescac,Conn. College,"Wexler, Jillian",Jillian,Wexler,0,163,"Wexler, Jillian","Wexler,Jillian",WexlerJillianCON,6,5,30,,Conn. College,CON,0,0,,0,0,0,0,0,0,0,0,0,0,00:00,0,0,0,0,0,0,0,0,0,0,NaN,0,0,0,0,0,6,321:39,9,116,840840,0,1,1,0,0,0,0,.928,5,0,0,1.68,0,0,0,0,0,0.00,0,0,True,,,-2.8296398256034414,188,59
2025-26,whockey,New England Small College Athletic Conference (NESCAC),nescac,Conn. College,"Erdman, Alex",Alex,Erdman,0,163,"Erdman, Alex","Erdman,Alex",ErdmanAlexCON,5,2,29,,Conn. College,CON,0,0,,0,0,0,0,0,0,0,0,0,0,00:00,0,0,0,0,0,0,0,1,0,1,1.000,0,0,0,0,0,4,137:24,4,65,0000,0,0,1,1,1,0,0,.942,2,0,0,1.75,0,0,0,0,0,0.00,0,0,True,,,-2.841639068383168,189,59
2025-26,whockey,New England Small College Athletic Conference (NESCAC),nescac,Bowdoin,"Folden, Ericah",Ericah,Folden,0,69,"Folden, Ericah","Folden,Ericah",FoldenEricahBOW,2,2,1,,Bowdoin,BOW,1121-4769,0,,0,0,0,0,0,0,0,0,0,0,00:00,0,0,0,0,0,0,0,0,0,0,NaN,0,0,0,0,0,2,116:16,3,24,"0,0,0000834000000450000000000",0,1,1,0,0,0,0,.889,2,0,0,1.55,0,0,0,0,0,0.00,0,0,True,,,-2.844961411836663,190,59
2025-26,whockey,New England Small College Athletic Conference (NESCAC),nescac,Bowdoin,"Matusovich, Abby",Abby,Matusovich,0,69,"Matusovich, Abby","Matusovich,Abby",MatusovichAbbyBOW,10,10,31,,Bowdoin,BOW,1121-4171,0,,0,0,0,0,0,0,0,0,0,0,00:00,0,0,0,0,0,0,0,0,0,0,NaN,0,0,0,0,0,10,592:08,18,214,"0,0,01410711126470000643000662256121350009167311201528",1,1,1,0,1,0,0,.922,10,0,0,1.82,0,0,0,0,0,0.00,0,0,True,,,-2.9519921884392173,191,59
2025-26,whockey,New England Small College Athletic Conference (NESCAC),nescac,Bowdoin,"Albright, Sage",Sage,Albright,0,69,"Albright, Sage","Albright,Sage",AlbrightSageBOW,17,0,17,,Bowdoin,BOW,1121-4772,0,,0,0,0,0,0,0,0,0,0,0,00:00,0,0,0,0,0,0,0,0,0,0,NaN,0,2,2,0,0,,,,,,,,,,,,,,,,,,0,3,0,0,0,0.00,0,0,False,,,-2.9786345537608208,192,58
2025-26,whockey,New England Small College Athletic Conference (NESCAC),nescac,Bowdoin,"Barrett, Daphne",Daphne,Barrett,0,69,"Barrett, Daphne","Barrett,Daphne",BarrettDaphneBOW,5,0,23,,Bowdoin,BOW,1121-4534,0,,0,0,0,0,0,0,0,0,0,1,02:00,0,0,0,0,0,0,1,0,0,0,NaN,0,0,1,-1,0,,,,,,,,,,,,,,,,,,0,0,0,0,0,0.00,0,0,False,,,-2.9786345537608208,193,58
2025-26,whockey,New England Small College Athletic Conference (NESCAC),nescac,Trinity,"Berglin, Marlie",Marlie,Berglin,0,713,"Berglin, Marlie","Berglin,Marlie",BerglinMarlieTRI,24,0,18,,Trinity,TRI,1127-5689,0,,0,0,0,0,0,0,0,0,0,0,00:00,0,0,0,0,0,0,0,3,1,4,.750,0.33,1,4,-3,2,,,,,,,,,,,,,,,,,,0,3,0,0,0,0.00,0,0,False,,,-2.9786345537608208,194,58
2025-26,whockey,New England Small College Athletic Conference (NESCAC),nescac,Middlebury,"Bown, Zoe",Zoe,Bown,0,420,"Bown, Zoe","Bown,Zoe",BownZoeMID,0,0,25,,Middlebury,MID,1126-6035,0,,0,0,0,0,0,0,0,0,0,0,00:00,0,0,0,0,0,0,0,0,0,0,NaN,0,0,0,0,0,,,,,,,,,,,,,,,,,,0,0,0,0,0,0.00,0,0,False,,,-2.9786345537608208,195,58
2025-26,whockey,New England Small College Athletic Conference (NESCAC),nescac,Wesleyan,"Campbell, Mairead",Mairead,Campbell,0,764,"Campbell, Mairead","Campbell,Mairead",CampbellMaireadWES,25,0,3,,Wesleyan,WES,1130-7204,0,,0,0,0,0,0,0,0,0,0,0,00:00,0,0,0,0,0,0,0,3,2,5,.600,0.67,1,2,-1,1,,,,,,,,,,,,,,,,,,0,2,0,0,0,0.00,0,0,False,,,-2.9786345537608208,196,58
2025-26,whockey,New England Small College Athletic Conference (NESCAC),nescac,Hamilton,"Careri, Victoria",Victoria,Careri,0,267,"Careri, Victoria","Careri,Victoria",CareriVictoriaHAM,1,0,21,,Hamilton,HAM,0,0,,0,0,0,0,0,0,0,0,0,0,00:00,0,0,0,0,0,0,0,0,0,0,NaN,0,0,0,0,0,,,,,,,,,,,,,,,,,,0,0,0,0,0,0.00,0,0,False,,,-2.9786345537608208,197,57
2025-26,whockey,New England Small College Athletic Conference (NESCAC),nescac,Bowdoin,Charlie Frankenfeld,Charlie,Frankenfeld,0,69,Charlie Frankenfeld,"FRANKENFELD,CHARLIE",FRANKENFELDCHARLIEBOW,16,6,9,,Bowdoin,BOW,0,0,,0,0,0,0,0,0,0,0,0,9,18:00,0,0,0,0,0,0,9,0,0,0,NaN,0,9,4,5,6,,,,,,,,,,,,,,,,,,0,18,0,0,0,0.00,0,0,False,,,-2.9786345537608208,198,57
2025-26,whockey,New England Small College Athletic Conference (NESCAC),nescac,Trinity,"Countryman, Sally",Sally,Countryman,0,713,"Countryman, Sally","Countryman,Sally",CountrymanSallyTRI,12,0,6,,Trinity,TRI,1127-5067,0,,0,0,0,0,0,0,0,0,0,0,00:00,0,0,0,0,0,0,0,3,3,6,.500,1.00,0,1,-1,1,,,,,,,,,,,,,,,,,,0,0,0,0,0,0.00,0,0,False,,,-2.9786345537608208,199,57
2025-26,whockey,New England Small College Athletic Conference (NESCAC),nescac,Hamilton,"Heck, Brooke",Brooke,Heck,0,267,"Heck, Brooke","Heck,Brooke",HeckBrookeHAM,13,1,5,,Hamilton,HAM,0,0,,0,0,0,0,0,0,0,0,0,1,02:00,0,0,0,0,0,0,1,0,0,0,NaN,0,8,3,5,11,,,,,,,,,,,,,,,,,,0,13,0,0,0,0.00,0,0,False,,,-2.9786345537608208,200,57
2025-26,whockey,New England Small College Athletic Conference (NESCAC),nescac,Hamilton,"Hughes, Hazel",Hazel,Hughes,0,267,"Hughes, Hazel","Hughes,Hazel",HughesHazelHAM,6,1,26,,Hamilton,HAM,0,0,,0,0,0,0,0,0,0,0,0,0,00:00,0,0,0,0,0,0,0,0,0,0,NaN,0,0,1,-1,5,,,,,,,,,,,,,,,,,,0,8,0,0,0,0.00,0,0,False,,,-2.9786345537608208,201,57
2025-26,whockey,New England Small College Athletic Conference (NESCAC),nescac,Williams,"Kang, Katherine",Katherine,Kang,0,789,"Kang, Katherine","Kang,Katherine",KangKatherineWIL,0,0,11,,Williams,WIL,0,0,,0,0,0,0,0,0,0,0,0,0,00:00,0,0,0,0,0,0,0,0,0,0,NaN,0,0,0,0,0,,,,,,,,,,,,,,,,,,0,0,0,0,0,0.00,0,0,False,,,-2.9786345537608208,202,56
2025-26,whockey,New England Small College Athletic Conference (NESCAC),nescac,Conn. College,"Kilfeather, Galen",Galen,Kilfeather,0,163,"Kilfeather, Galen","Kilfeather,Galen",KilfeatherGalenCON,2,0,28,,Conn. College,CON,0,0,,0,0,0,0,0,0,0,0,0,1,02:00,0,0,0,0,0,0,1,0,0,0,NaN,0,1,0,1,1,,,,,,,,,,,,,,,,,,0,0,0,0,0,0.00,0,0,False,,,-2.9786345537608208,203,56
2025-26,whockey,New England Small College Athletic Conference (NESCAC),nescac,Hamilton,"Koo, Maisie",Maisie,Koo,0,267,"Koo, Maisie","Koo,Maisie",KooMaisieHAM,2,0,17,,Hamilton,HAM,0,0,,0,0,0,0,0,0,0,0,0,1,02:00,0,0,0,0,0,0,1,0,0,0,NaN,0,1,0,1,3,,,,,,,,,,,,,,,,,,0,4,0,0,0,0.00,0,0,False,,,-2.9786345537608208,204,56
2025-26,whockey,New England Small College Athletic Conference (NESCAC),nescac,Conn. College,"Leahy, Emma",Emma,Leahy,0,163,"Leahy, Emma","Leahy,Emma",LeahyEmmaCON,1,0,25,,Conn. College,CON,0,0,,0,0,0,0,0,0,0,0,0,0,00:00,0,0,0,0,0,0,0,0,0,0,NaN,0,1,0,1,0,,,,,,,,,,,,,,,,,,0,1,0,0,0,0.00,0,0,False,,,-2.9786345537608208,205,56
2025-26,whockey,New England Small College Athletic Conference (NESCAC),nescac,Conn. College,"Loeber, Meghan",Meghan,Loeber,0,163,"Loeber, Meghan","Loeber,Meghan",LoeberMeghanCON,3,0,10,,Conn. College,CON,0,0,,0,0,0,0,0,0,0,0,0,0,00:00,0,0,0,0,0,0,0,0,0,0,NaN,0,0,1,-1,0,,,,,,,,,,,,,,,,,,0,2,0,0,0,0.00,0,0,False,,,-2.9786345537608208,206,56
2025-26,whockey,New England Small College Athletic Conference (NESCAC),nescac,Colby,Lyla Casey,Lyla,Casey,0,151,Lyla Casey,"CASEY,LYLA",CASEYLYLACOLBY,5,0,27,,Colby,COLBY,0,0,,0,0,0,0,0,0,0,0,0,0,00:00,0,0,0,0,0,0,0,1,0,1,1.000,0,0,0,0,0,,,,,,,,,,,,,,,,,,0,0,0,0,0,0.00,0,0,False,,,-2.9786345537608208,207,55
2025-26,whockey,New England Small College Athletic Conference (NESCAC),nescac,Middlebury,"McAdams, Maeve",Maeve,McAdams,0,420,"McAdams, Maeve","McAdams,Maeve",McAdamsMaeveMID,10,0,19,,Middlebury,MID,1126-6042,0,,0,0,0,0,0,0,0,0,0,2,04:00,0,0,0,0,0,0,2,0,0,0,NaN,0,1,4,-3,2,,,,,,,,,,,,,,,,,,0,5,0,0,0,0.00,0,0,False,,,-2.9786345537608208,208,55
2025-26,whockey,New England Small College Athletic Conference (NESCAC),nescac,Hamilton,"McMahon, Brighton",Brighton,McMahon,0,267,"McMahon, Brighton","McMahon,Brighton",McMahonBrightonHAM,0,0,2,,Hamilton,HAM,0,0,,0,0,0,0,0,0,0,0,0,0,00:00,0,0,0,0,0,0,0,0,0,0,NaN,0,0,0,0,0,,,,,,,,,,,,,,,,,,0,0,0,0,0,0.00,0,0,False,,,-2.9786345537608208,209,55
2025-26,whockey,New England Small College Athletic Conference (NESCAC),nescac,Wesleyan,"McMennamin, Laura",Laura,McMennamin,0,764,"McMennamin, Laura","McMennamin,Laura",McMennaminLauraWES,25,0,17,,Wesleyan,WES,1130-6909,0,,0,0,0,0,0,0,0,0,0,1,02:00,0,0,0,0,0,0,1,0,0,0,NaN,0,3,11,-8,11,,,,,,,,,,,,,,,,,,0,10,0,0,0,0.00,0,0,False,,,-2.9786345537608208,210,55
2025-26,whockey,New England Small College Athletic Conference (NESCAC),nescac,Colby,Molly Sant,Molly,Sant,0,151,Molly Sant,"SANT,MOLLY",SANTMOLLYCOLBY,0,0,3,,Colby,COLBY,0,0,,0,0,0,0,0,0,0,0,0,0,00:00,0,0,0,0,0,0,0,0,0,0,NaN,0,0,0,0,0,,,,,,,,,,,,,,,,,,0,0,0,0,0,0.00,0,0,False,,,-2.9786345537608208,211,54
2025-26,whockey,New England Small College Athletic Conference (NESCAC),nescac,Wesleyan,"Morey, Kate",Kate,Morey,0,764,"Morey, Kate","Morey,Kate",MoreyKateWES,25,0,2,,Wesleyan,WES,1130-6908,0,,0,0,0,0,0,0,0,0,0,3,06:00,0,0,0,0,0,0,3,1,2,3,.333,2.00,1,9,-8,2,,,,,,,,,,,,,,,,,,0,11,0,0,0,0.00,0,0,False,,,-2.9786345537608208,212,54
2025-26,whockey,New England Small College Athletic Conference (NESCAC),nescac,Conn. College,"Rode, Ava",Ava,Rode,0,163,"Rode, Ava","Rode,Ava",RodeAvaCON,22,1,7,,Conn. College,CON,0,0,,0,0,0,0,0,0,0,0,0,3,06:00,0,0,0,0,0,0,3,0,0,0,NaN,0,7,9,-2,10,,,,,,,,,,,,,,,,,,0,14,0,0,0,0.00,0,0,False,,,-2.9786345537608208,213,54
2025-26,whockey,New England Small College Athletic Conference (NESCAC),nescac,Wesleyan,"Rubinstein, Olivia",Olivia,Rubinstein,0,764,"Rubinstein, Olivia","Rubinstein,Olivia",RubinsteinOliviaWES,21,0,4,,Wesleyan,WES,1130-6676,0,,0,0,0,0,0,0,0,0,0,1,02:00,0,0,0,0,0,0,1,0,0,0,NaN,0,1,1,0,0,,,,,,,,,,,,,,,,,,0,6,0,0,0,0.00,0,0,False,,,-2.9786345537608208,214,54
2025-26,whockey,New England Small College Athletic Conference (NESCAC),nescac,Trinity,"Settles, Taylor",Taylor,Settles,0,713,"Settles, Taylor","Settles,Taylor",SettlesTaylorTRI,22,0,23,,Trinity,TRI,1127-5434,0,,0,0,0,0,0,0,0,0,0,1,02:00,0,0,0,0,0,0,1,0,0,0,NaN,0,4,6,-2,1,,,,,,,,,,,,,,,,,,0,4,0,0,0,0.00,0,0,False,,,-2.9786345537608208,215,54
2025-26,whockey,New England Small College Athletic Conference (NESCAC),nescac,Bowdoin,"Sullivan, Kate",Kate,Sullivan,0,69,"Sullivan, Kate","Sullivan,Kate",SullivanKateBOW,1,0,12,,Bowdoin,BOW,1121-4771,0,,0,0,0,0,0,0,0,0,0,0,00:00,0,0,0,0,0,0,0,0,0,0,NaN,0,0,0,0,0,,,,,,,,,,,,,,,,,,0,0,0,0,0,0.00,0,0,False,,,-2.9786345537608208,216,53
2025-26,whockey,New England Small College Athletic Conference (NESCAC),nescac,Bowdoin,"Peterson, Sarah",Sarah,Peterson,0,69,"Peterson, Sarah","Peterson,Sarah",PetersonSarahBOW,12,12,30,,Bowdoin,BOW,1121-4334,0,,0,0,0,0,0,0,0,0,0,0,00:00,0,0,0,0,0,0,0,0,0,0,NaN,0,0,0,0,0,12,714:51,23,309,81898189,0,1,1,0,0,0,0,.931,12,0,0,1.93,0,0,0,0,0,0.00,0,0,True,,,-3.008454035631498,217,53
2025-26,whockey,New England Small College Athletic Conference (NESCAC),nescac,Amherst,Maleigh Tittel,Maleigh,Tittel,0,24,Maleigh Tittel,"TITTEL,MALEIGH",TITTELMALEIGHAMHERST,1,1,31,,Amherst,AMHERST,0,0,,0,0,0,0,0,0,0,0,0,0,00:00,0,0,0,0,0,0,0,0,0,0,NaN,0,0,0,0,0,1,59:55,1,2,"0,0,0,00000000000000000000000002000000",0,1,0,0,0,0,0,.667,1,0,0,1.00,0,0,0,0,0,0.00,0,0,True,,,-3.074670889931414,218,53
2025-26,whockey,New England Small College Athletic Conference (NESCAC),nescac,Hamilton,"Donovan, Mac",Mac,Donovan,0,267,"Donovan, Mac","Donovan,Mac",DonovanMacHAM,1,1,31,,Hamilton,HAM,0,0,,0,0,0,0,0,0,0,0,0,0,00:00,0,0,0,0,0,0,0,0,0,0,NaN,0,0,0,0,0,1,59:58,2,18,"0,0,0,0000000000000000000000000086400000000000000000000000000000000000000",0,1,0,0,0,0,0,.900,1,0,0,2.00,0,0,0,0,0,0.00,0,0,True,,,-3.1506275277475355,219,53
2025-26,whockey,New England Small College Athletic Conference (NESCAC),nescac,Conn. College,"Galizio, Devon",Devon,Galizio,0,163,"Galizio, Devon","Galizio,Devon",GalizioDevonCON,17,16,1,,Conn. College,CON,0,0,,0,0,0,0,0,0,0,0,0,0,00:00,0,0,0,0,0,0,0,0,0,0,NaN,0,0,0,0,0,17,926:20,35,401,6006,2,1,1,1,10,2,0,.920,16,0,0,2.27,0,0,0,0,0,0.00,0,0,True,,,-3.2952641986028013,220,53
2025-26,whockey,New England Small College Athletic Conference (NESCAC),nescac,Colby,Grace Caligiuri,Grace,Caligiuri,0,151,Grace Caligiuri,"CALIGIURI,GRACE",CALIGIURIGRACECOLBY,7,6,1,,Colby,COLBY,0,0,,0,0,0,0,0,0,0,0,0,0,00:00,0,0,0,0,0,0,0,0,0,0,NaN,0,0,0,0,0,6,308:32,11,77,"7,6,012660000000000002430000000000000004150000366240",0,1,1,0,0,0,0,.875,6,0,0,2.14,0,0,0,0,0,0.00,0,0,True,,,-3.3279423514141975,221,52
2025-26,whockey,New England Small College Athletic Conference (NESCAC),nescac,Trinity,"Carter, Madeline",Madeline,Carter,0,713,"Carter, Madeline","Carter,Madeline",CarterMadelineTRI,16,16,39,,Trinity,TRI,1127-5062,0,,0,0,0,0,0,0,0,0,0,0,00:00,0,0,0,0,0,0,0,0,0,0,NaN,0,0,0,0,0,16,888:51,34,367,"8,4,23445860001171149491214000969000000663138600030010108000000201233012000008129303591414810",2,1,1,1,7,1,0,.915,16,0,0,2.30,0,0,0,0,0,0.00,0,0,True,,,-3.3322271032826705,222,52
2025-26,whockey,New England Small College Athletic Conference (NESCAC),nescac,Amherst,"Zhu, Tammy",Tammy,Zhu,0,24,"Zhu, Tammy","Zhu,Tammy",ZhuTammyAMHERST,-3,0,17,,Amherst,AMHERST,1119-5240,0,,0,0,0,0,0,0,0,0,0,0,00:00,0,0,0,0,0,0,0,-2,1,-1,2.000,0,1,1,0,2,,,,,,,,,,,,,,,,,,0,-2,-1,-1,0,0.00,0,0,False,,,-3.418360277880133,223,52
2025-26,whockey,New England Small College Athletic Conference (NESCAC),nescac,Wesleyan,"Guglielmi, Jenna",Jenna,Guglielmi,0,764,"Guglielmi, Jenna","Guglielmi,Jenna",GuglielmiJennaWES,14,14,1,,Wesleyan,WES,1130-6675,0,,0,0,0,0,0,0,0,0,0,0,00:00,0,0,0,0,0,0,0,0,0,0,NaN,0,0,0,0,0,14,807:10,38,432,"5,12,5000000006889530005900001415400001514700000001117118092316000017118534611288101412114101615",1,1,1,1,5,2,0,.919,14,0,0,2.82,0,0,0,0,0,0.00,0,0,True,,,-3.710640444996881,224,52
2025-26,whockey,New England Small College Athletic Conference (NESCAC),nescac,Colby,Serafina Applegate,Serafina,Applegate,0,151,Serafina Applegate,"APPLEGATE,SERAFINA",APPLEGATESERAFINACOLBY,3,0,30,,Colby,COLBY,0,0,,0,0,0,0,0,0,0,0,0,0,00:00,0,0,0,0,0,0,0,0,0,0,NaN,0,0,0,0,0,3,70:03,3,16,"0,0,00000000000030000000000000000060000000034",0,1,0,0,0,0,0,.842,0,0,0,2.57,0,0,0,0,0,0.00,0,0,True,,,-3.7458905560996465,225,52
2025-26,whockey,New England Small College Athletic Conference (NESCAC),nescac,Wesleyan,"Smith, Sami",Sami,Smith,0,764,"Smith, Sami","Smith,Sami",SmithSamiWES,12,11,30,,Wesleyan,WES,1130-6682,0,,0,0,0,0,0,0,0,0,0,0,00:00,0,0,0,0,0,0,0,0,0,0,NaN,0,0,0,0,0,12,696:38,36,397,132012132012,0,1,1,1,5,2,0,.917,11,0,0,3.10,0,0,0,0,0,0.00,0,0,True,,,-3.9264175597048068,226,51
2025-26,whockey,New England Small College Athletic Conference (NESCAC),nescac,Williams,"Beaudoin, Axelle",Axelle,Beaudoin,0,789,"Beaudoin, Axelle","Beaudoin,Axelle",BeaudoinAxelleWIL,0,0,35,,Williams,WIL,1131-5803,0,,0,0,0,0,0,0,0,0,0,0,00:00,0,0,0,0,0,0,0,0,0,0,NaN,0,0,0,0,0,1,00:00,0,0,"0,0,0,0,00000000000000000000000000000000000000",0,0,0,0,0,0,0,.000,0,0,0,0.00,0,0,0,0,0,0.00,0,0,True,,,-4.254172567936604,227,51
2025-26,whockey,New England Small College Athletic Conference (NESCAC),nescac,Bowdoin,"Fassler, Lucy",Lucy,Fassler,0,69,"Fassler, Lucy","Fassler,Lucy",FasslerLucyBOW,0,0,29,,Bowdoin,BOW,1121-4776,0,,0,0,0,0,0,0,0,0,0,0,00:00,0,0,0,0,0,0,0,0,0,0,NaN,0,0,0,0,0,0,00:00,0,0,"0,0,0000000000000000000",0,0,0,0,0,0,0,.000,0,0,0,0.00,0,0,0,0,0,0.00,0,0,True,,,-4.254172567936604,228,51
2025-26,whockey,New England Small College Athletic Conference (NESCAC),nescac,Hamilton,"Gallagher, Cate",Cate,Gallagher,0,267,"Gallagher, Cate","Gallagher,Cate",GallagherCateHAM,0,0,1,,Hamilton,HAM,0,0,,0,0,0,0,0,0,0,0,0,0,00:00,0,0,0,0,0,0,0,0,0,0,NaN,0,0,0,0,0,0,00:00,0,0,"0,0,0,0000000000000000000000000000000000000000000000000000000000000000000",0,0,0,0,0,0,0,.000,0,0,0,0.00,0,0,0,0,0,0.00,0,0,True,,,-4.254172567936604,229,51
2025-26,whockey,New England Small College Athletic Conference (NESCAC),nescac,Amherst,Joliane Tremblay,Joliane,Tremblay,0,24,Joliane Tremblay,"TREMBLAY,JOLIANE",TREMBLAYJOLIANEAMHERST,1,0,33,,Amherst,AMHERST,0,0,,0,0,0,0,0,0,0,0,0,0,00:00,0,0,0,0,0,0,0,0,0,0,NaN,0,0,0,0,0,0,00:00,0,0,"0,0,0,00000000000000000000000000000000",0,0,0,0,0,0,0,.000,0,0,0,0.00,0,0,0,0,0,0.00,0,0,True,,,-4.254172567936604,230,51
2025-26,whockey,New England Small College Athletic Conference (NESCAC),nescac,Wesleyan,"Ward, Brooke",Brooke,Ward,0,764,"Ward, Brooke","Ward,Brooke",WardBrookeWES,0,0,29,,Wesleyan,WES,1130-7198,0,,0,0,0,0,0,0,0,0,0,0,00:00,0,0,0,0,0,0,0,0,0,0,NaN,0,0,0,0,0,0,00:00,0,0,"0,0,00000000000000000000000000000000000000000000000000000000000",0,0,0,0,0,0,0,.000,0,0,0,0.00,0,0,0,0,0,0.00,0,0,True,,,-4.254172567936604,231,50
2025-26,whockey,New England Small College Athletic Conference (NESCAC),nescac,Trinity,"Lemke, Kathrine",Kathrine,Lemke,0,713,"Lemke, Kathrine","Lemke,Kathrine",LemkeKathrineTRI,10,9,31,,Trinity,TRI,1127-5660,0,,0,0,0,0,0,0,0,0,0,0,00:00,0,0,0,0,0,0,0,0,0,0,NaN,0,0,0,0,0,10,577:12,38,275,"0,0,0000951310106000000000121311000111221311800000036200000038121079000000221013121200000",0,1,1,0,8,1,0,.879,9,0,0,3.95,0,0,0,0,0,0.00,0,0,True,,,-4.673816958644871,232,50
