conference_code,conference,season,sport,team,player_name,class_year,position,uniform,games_played,games_started,goal_stats_shootout_goals,goal_stats_free_positiong_goals,goal_stats_game_tying_goals,goal_stats_empty_net_goals,goal_stats_overtime_goals,goal_stats_first_goals,goal_stats_unassisted_goals,goal_stats_short_handed_goals,goal_stats_power_play_goals,goal_stats_game_winning_goals,goal_stats_hat_tricks,penalty_stats_number,penalty_stats_minutes,penalty_stats_fouls,penalty_stats_misc10,penalty_stats_miscgame,penalty_stats_miscgross,penalty_stats_match,penalty_stats_major,penalty_stats_minor,misc_stats_faceoffs_won,misc_stats_faceoffs_lost,misc_stats_total_faceoffs,misc_stats_faceoff_win_pct,misc_stats_faceoffs_won_pct,misc_stats_plus,misc_stats_minus,misc_stats_plusminus,misc_stats_blocks,goalie_stats_games_played,goalie_stats_minutes,goalie_stats_goals_allowed,goalie_stats_saves,goalie_stats_saves_by_prd,goalie_stats_shutouts,goalie_stats_win,goalie_stats_loss,goalie_stats_tie,goalie_stats_powerplay_goals_allowed,goalie_stats_shorthanded_goals_allowed,goalie_stats_emptynet_goals_allowed,goalie_stats_save_pct,goalie_stats_games_started,goalie_stats_penalty_shot_goals_allowed,goalie_stats_shootout_goals_allowed,goalie_stats_goals_against_avg,shot_stats_shots_on_goal,shot_stats_shots,shot_stats_points,shot_stats_assists,shot_stats_goals,shot_stats_shots_pct,shot_stats_penalty_shot_goals,shot_stats_penalty_shots_attempted
nescac,New England Small College Athletic Conference (NESCAC),2025-26,whockey,Amherst,Natalie Stott,,g,1,24,24,0,,0,0,0,0,0,0,0,0,0,0,00:00,0,0,0,0,0,0,0,0,0,0,NaN,0,0,0,0,0,24,1467:02,17,515,04760,3,1,1,1,3,0,0,.968,24,0,0,0.70,0,0,2,2,0,0.00,0,0
nescac,New England Small College Athletic Conference (NESCAC),2025-26,whockey,Amherst,Cara Mancini,,lw,2,20,1,0,,0,0,0,0,0,0,0,0,0,0,00:00,0,0,0,0,0,0,0,0,0,0,NaN,0,6,4,2,5,,,,,,,,,,,,,,,,,,0,38,3,2,1,0.03,0,0
nescac,New England Small College Athletic Conference (NESCAC),2025-26,whockey,Amherst,Gretchen Dann,,d,3,25,21,0,,0,0,1,2,1,0,3,5,0,5,10:00,0,0,0,0,0,0,5,0,1,1,.000,0,29,4,25,22,,,,,,,,,,,,,,,,,,0,141,22,9,13,0.09,0,0
nescac,New England Small College Athletic Conference (NESCAC),2025-26,whockey,Amherst,Ayla Abban,,0,4,25,4,0,,0,0,1,0,0,0,1,1,0,7,14:00,0,0,0,0,0,0,7,1,2,3,.333,2.00,6,3,3,9,,,,,,,,,,,,,,,,,,0,94,7,6,1,0.01,0,0
nescac,New England Small College Athletic Conference (NESCAC),2025-26,whockey,Amherst,Marie-Eve Marleau,,rw,5,25,16,0,,1,0,0,4,0,0,3,3,0,7,25:00,0,0,1,0,0,1,5,6,5,11,.545,0.83,22,4,18,6,,,,,,,,,,,,,,,,,,0,63,20,12,8,0.13,0,0
nescac,New England Small College Athletic Conference (NESCAC),2025-26,whockey,Amherst,Alejandra Ubarri,,0,6,25,2,0,,0,0,0,0,0,0,1,0,0,7,14:00,0,0,0,0,0,0,7,0,0,0,NaN,0,9,6,3,28,,,,,,,,,,,,,,,,,,0,45,5,4,1,0.02,0,0
nescac,New England Small College Athletic Conference (NESCAC),2025-26,whockey,Amherst,Natalie Fu,,0,7,25,7,0,,0,1,0,0,0,0,1,1,0,3,06:00,0,0,0,0,0,0,3,0,2,2,.000,0,10,4,6,20,,,,,,,,,,,,,,,,,,0,52,10,6,4,0.08,0,0
nescac,New England Small College Athletic Conference (NESCAC),2025-26,whockey,Amherst,Maeve Reynolds,,c,9,25,16,0,,2,3,0,0,1,1,1,0,0,2,04:00,0,0,0,0,0,0,2,316,201,517,.611,0.64,23,4,19,18,,,,,,,,,,,,,,,,,,0,99,27,17,10,0.10,0,0
nescac,New England Small College Athletic Conference (NESCAC),2025-26,whockey,Amherst,Calleigh Brown,,0,10,21,4,0,,0,0,0,0,0,0,2,2,0,2,04:00,0,0,0,0,0,0,2,103,83,186,.554,0.81,10,4,6,4,,,,,,,,,,,,,,,,,,0,54,8,3,5,0.09,0,0
nescac,New England Small College Athletic Conference (NESCAC),2025-26,whockey,Amherst,Sami Lester,,0,11,25,6,0,,0,0,0,0,0,0,0,1,0,11,22:00,0,0,0,0,0,0,11,33,23,56,.589,0.70,13,4,9,10,,,,,,,,,,,,,,,,,,0,29,8,5,3,0.10,0,0
nescac,New England Small College Athletic Conference (NESCAC),2025-26,whockey,Amherst,Siena Harris,,0,14,24,0,0,,0,0,0,0,0,0,0,0,0,3,06:00,0,0,0,0,0,0,3,0,1,1,.000,0,3,2,1,4,,,,,,,,,,,,,,,,,,0,15,2,2,0,0.00,0,0
nescac,New England Small College Athletic Conference (NESCAC),2025-26,whockey,Amherst,Malaya Anaba,,0,16,25,7,0,,0,0,0,0,0,0,2,0,0,1,02:00,0,0,0,0,0,0,1,6,5,11,.545,0.83,15,8,7,16,,,,,,,,,,,,,,,,,,0,41,7,5,2,0.05,0,0
nescac,New England Small College Athletic Conference (NESCAC),2025-26,whockey,Amherst,Junfei (Tammy) Zhu,,0,17,17,0,0,,0,0,0,0,0,0,0,1,0,0,00:00,0,0,0,0,0,0,0,1,0,1,1.000,0,3,3,0,2,,,,,,,,,,,,,,,,,,0,11,2,1,1,0.09,0,0
nescac,New England Small College Athletic Conference (NESCAC),2025-26,whockey,Amherst,Emily Hohmann,,0,18,25,13,0,,0,0,0,0,0,0,1,0,0,12,24:00,0,0,0,0,0,0,12,0,0,0,NaN,0,14,4,10,36,,,,,,,,,,,,,,,,,,0,68,7,5,2,0.03,0,0
nescac,New England Small College Athletic Conference (NESCAC),2025-26,whockey,Amherst,Clara Cumming,,0,19,25,2,0,,0,0,0,0,0,0,0,0,0,0,00:00,0,0,0,0,0,0,0,17,20,37,.459,1.18,4,1,3,10,,,,,,,,,,,,,,,,,,0,41,1,1,0,0.00,0,0
nescac,New England Small College Athletic Conference (NESCAC),2025-26,whockey,Amherst,Carlisle Brush,,0,20,25,1,0,,0,0,0,0,0,0,0,1,0,0,00:00,0,0,0,0,0,0,0,89,119,208,.428,1.34,7,3,4,12,,,,,,,,,,,,,,,,,,0,25,4,2,2,0.08,0,0
nescac,New England Small College Athletic Conference (NESCAC),2025-26,whockey,Amherst,Clare O'Connor,,d,21,25,5,0,,0,0,0,0,0,0,0,0,0,2,04:00,0,0,0,0,0,0,2,0,0,0,NaN,0,17,2,15,24,,,,,,,,,,,,,,,,,,0,33,7,7,0,0.00,0,0
nescac,New England Small College Athletic Conference (NESCAC),2025-26,whockey,Amherst,Bea Flynn,,0,22,25,12,0,,0,0,0,0,0,0,2,2,0,5,10:00,0,0,0,0,0,0,5,8,10,18,.444,1.25,14,3,11,19,,,,,,,,,,,,,,,,,,0,121,14,8,6,0.05,0,0
nescac,New England Small College Athletic Conference (NESCAC),2025-26,whockey,Amherst,Annabel Raffin,,0,24,25,8,0,,0,0,0,0,0,0,0,0,0,7,14:00,0,0,0,0,0,0,7,188,191,379,.496,1.02,9,2,7,8,,,,,,,,,,,,,,,,,,0,55,8,5,3,0.05,0,0
nescac,New England Small College Athletic Conference (NESCAC),2025-26,whockey,Amherst,Maleigh Tittel,,0,31,1,1,0,,0,0,0,0,0,0,0,0,0,0,00:00,0,0,0,0,0,0,0,0,0,0,NaN,0,0,0,0,0,1,59:55,1,2,0000,0,1,0,0,0,0,0,.667,1,0,0,1.00,0,0,0,0,0,0.00,0,0
nescac,New England Small College Athletic Conference (NESCAC),2025-26,whockey,Amherst,Joliane Tremblay,,0,33,1,0,0,,0,0,0,0,0,0,0,0,0,0,00:00,0,0,0,0,0,0,0,0,0,0,NaN,0,0,0,0,0,0,00:00,0,0,0000,0,0,0,0,0,0,0,.000,0,0,0,0.00,0,0,0,0,0,0.00,0,0
nescac,New England Small College Athletic Conference (NESCAC),2025-26,whockey,Amherst,"Zhu, Tammy",,0,17,8,0,0,,0,0,0,0,0,0,0,0,0,0,00:00,0,0,0,0,0,0,0,0,1,1,.000,0,2,1,1,1,,,,,,,,,,,,,,,,,,0,6,0,0,0,0.00,0,0
nescac,New England Small College Athletic Conference (NESCAC),2025-26,whockey,Bowdoin,"Provenzo, Ava",,0,2,23,2,0,,0,0,0,1,0,0,0,0,0,7,14:00,0,0,0,0,0,0,7,0,1,1,.000,0,7,9,-2,6,,,,,,,,,,,,,,,,,,0,21,2,0,2,0.10,0,0
nescac,New England Small College Athletic Conference (NESCAC),2025-26,whockey,Bowdoin,"Ito-Bagshaw, Sara",,0,4,16,5,0,,0,0,0,1,0,0,1,0,0,2,04:00,0,0,0,0,0,0,2,0,0,0,NaN,0,15,5,10,13,,,,,,,,,,,,,,,,,,0,23,11,10,1,0.04,0,0
nescac,New England Small College Athletic Conference (NESCAC),2025-26,whockey,Bowdoin,"Wojciak, Maddie",,0,5,24,5,0,,0,0,0,0,0,0,1,1,0,3,06:00,0,0,0,0,0,0,3,0,0,0,NaN,0,19,12,7,34,,,,,,,,,,,,,,,,,,0,28,10,6,4,0.14,0,0
nescac,New England Small College Athletic Conference (NESCAC),2025-26,whockey,Bowdoin,"Lu, Luna",,0,7,24,14,0,,0,0,0,1,1,1,1,3,0,7,14:00,0,0,0,0,0,0,7,12,56,68,.176,4.67,21,12,9,18,,,,,,,,,,,,,,,,,,0,93,17,5,12,0.13,0,0
nescac,New England Small College Athletic Conference (NESCAC),2025-26,whockey,Bowdoin,"Merrill, Emma",,0,8,24,12,0,,0,0,0,1,0,0,1,2,0,3,06:00,0,0,0,0,0,0,3,1,0,1,1.000,100,7,9,-2,19,,,,,,,,,,,,,,,,,,0,34,6,4,2,0.06,0,0
nescac,New England Small College Athletic Conference (NESCAC),2025-26,whockey,Bowdoin,"Frankenfeld, Charlee",,0,9,7,2,0,,0,0,0,0,0,0,1,0,0,0,00:00,0,0,0,0,0,0,0,1,0,1,1.000,100,9,7,2,5,,,,,,,,,,,,,,,,,,0,10,4,3,1,0.10,0,0
nescac,New England Small College Athletic Conference (NESCAC),2025-26,whockey,Bowdoin,"Kent, Elizabeth",,0,10,18,0,0,,0,0,0,0,0,0,0,0,0,0,00:00,0,0,0,0,0,0,0,0,0,0,NaN,0,6,6,0,3,,,,,,,,,,,,,,,,,,0,3,2,2,0,0.00,0,0
nescac,New England Small College Athletic Conference (NESCAC),2025-26,whockey,Bowdoin,"Mele, Bella",,0,11,24,7,0,,0,0,0,0,0,0,1,1,0,18,36:00,0,0,0,0,0,0,18,0,0,0,NaN,0,22,14,8,12,,,,,,,,,,,,,,,,,,0,60,12,8,4,0.07,0,0
nescac,New England Small College Athletic Conference (NESCAC),2025-26,whockey,Bowdoin,"Sullivan, Kate",,0,12,1,0,0,,0,0,0,0,0,0,0,0,0,0,00:00,0,0,0,0,0,0,0,0,0,0,NaN,0,0,0,0,0,,,,,,,,,,,,,,,,,,0,0,0,0,0,0.00,0,0
nescac,New England Small College Athletic Conference (NESCAC),2025-26,whockey,Bowdoin,"LaPrade, Kendrick",,0,13,19,0,0,,0,0,0,0,0,0,0,0,0,0,00:00,0,0,0,0,0,0,0,0,0,0,NaN,0,4,2,2,0,,,,,,,,,,,,,,,,,,0,9,4,3,1,0.11,0,0
nescac,New England Small College Athletic Conference (NESCAC),2025-26,whockey,Bowdoin,"DiMagno, Elena",,0,14,24,7,0,,0,0,1,0,1,0,0,1,0,5,10:00,0,0,0,0,0,0,5,2,6,8,.250,3.00,9,9,0,3,,,,,,,,,,,,,,,,,,0,46,5,3,2,0.04,0,0
nescac,New England Small College Athletic Conference (NESCAC),2025-26,whockey,Bowdoin,"Britt, Meghan",,0,15,24,14,0,,0,0,0,1,0,1,1,2,0,3,06:00,0,0,0,0,0,0,3,8,7,15,.533,0.88,26,11,15,11,,,,,,,,,,,,,,,,,,0,72,22,12,10,0.14,0,0
nescac,New England Small College Athletic Conference (NESCAC),2025-26,whockey,Bowdoin,"Sun, Anyi",,0,16,24,8,0,,0,0,0,1,0,0,0,1,0,2,04:00,0,0,0,0,0,0,2,9,11,20,.450,1.22,10,4,6,5,,,,,,,,,,,,,,,,,,0,51,8,4,4,0.08,0,0
nescac,New England Small College Athletic Conference (NESCAC),2025-26,whockey,Bowdoin,"Albright, Sage",,0,17,17,0,0,,0,0,0,0,0,0,0,0,0,0,00:00,0,0,0,0,0,0,0,0,0,0,NaN,0,2,2,0,0,,,,,,,,,,,,,,,,,,0,3,0,0,0,0.00,0,0
nescac,New England Small College Athletic Conference (NESCAC),2025-26,whockey,Bowdoin,"Palmer, Bea",,0,18,24,3,0,,0,0,0,0,1,0,1,0,0,2,04:00,0,0,0,0,0,0,2,35,39,74,.473,1.11,12,6,6,7,,,,,,,,,,,,,,,,,,0,35,6,2,4,0.11,0,0
nescac,New England Small College Athletic Conference (NESCAC),2025-26,whockey,Bowdoin,"Ainley, Abigail",,0,19,24,6,0,,0,0,0,0,0,0,0,0,0,4,08:00,0,0,0,0,0,0,4,120,165,285,.421,1.38,11,7,4,13,,,,,,,,,,,,,,,,,,0,27,8,8,0,0.00,0,0
nescac,New England Small College Athletic Conference (NESCAC),2025-26,whockey,Bowdoin,"Brush, Channing",,0,20,24,10,0,,0,0,0,0,0,0,0,0,0,3,06:00,0,0,0,0,0,0,3,0,1,1,.000,0,9,10,-1,9,,,,,,,,,,,,,,,,,,0,15,1,1,0,0.00,0,0
nescac,New England Small College Athletic Conference (NESCAC),2025-26,whockey,Bowdoin,"Cataldo, Molly",,0,21,23,0,0,,0,0,0,0,0,0,0,0,0,1,02:00,0,0,0,0,0,0,1,1,1,2,.500,1.00,8,7,1,3,,,,,,,,,,,,,,,,,,0,26,4,1,3,0.12,0,0
nescac,New England Small College Athletic Conference (NESCAC),2025-26,whockey,Bowdoin,"Imposimato, Ava",,0,22,23,6,0,,0,0,0,0,0,0,0,0,0,1,02:00,0,0,0,0,0,0,1,101,145,246,.411,1.44,6,9,-3,1,,,,,,,,,,,,,,,,,,0,42,3,2,1,0.02,0,0
nescac,New England Small College Athletic Conference (NESCAC),2025-26,whockey,Bowdoin,"Barrett, Daphne",,0,23,5,0,0,,0,0,0,0,0,0,0,0,0,1,02:00,0,0,0,0,0,0,1,0,0,0,NaN,0,0,1,-1,0,,,,,,,,,,,,,,,,,,0,0,0,0,0,0.00,0,0
nescac,New England Small College Athletic Conference (NESCAC),2025-26,whockey,Bowdoin,"Nesvold, Sofia",,0,26,23,1,0,,0,0,0,0,0,0,0,0,0,5,10:00,0,0,0,0,0,0,5,97,72,169,.574,0.74,8,5,3,6,,,,,,,,,,,,,,,,,,0,36,7,5,2,0.06,0,0
nescac,New England Small College Athletic Conference (NESCAC),2025-26,whockey,Bowdoin,"Schifano, Bella",,0,27,24,12,0,,0,0,0,0,1,0,2,0,0,5,10:00,0,0,0,0,0,0,5,199,153,352,.565,0.77,21,14,7,13,,,,,,,,,,,,,,,,,,0,57,14,7,7,0.12,0,0
nescac,New England Small College Athletic Conference (NESCAC),2025-26,whockey,Bowdoin,"Folden, Ericah",,0,1,2,2,0,,0,0,0,0,0,0,0,0,0,0,00:00,0,0,0,0,0,0,0,0,0,0,NaN,0,0,0,0,0,2,116:16,3,24,0000,0,1,1,0,0,0,0,.889,2,0,0,1.55,0,0,0,0,0,0.00,0,0
nescac,New England Small College Athletic Conference (NESCAC),2025-26,whockey,Bowdoin,"Fassler, Lucy",,0,29,0,0,0,,0,0,0,0,0,0,0,0,0,0,00:00,0,0,0,0,0,0,0,0,0,0,NaN,0,0,0,0,0,0,00:00,0,0,0000,0,0,0,0,0,0,0,.000,0,0,0,0.00,0,0,0,0,0,0.00,0,0
nescac,New England Small College Athletic Conference (NESCAC),2025-26,whockey,Bowdoin,"Peterson, Sarah",,0,30,12,12,0,,0,0,0,0,0,0,0,0,0,0,00:00,0,0,0,0,0,0,0,0,0,0,NaN,0,0,0,0,0,12,714:51,23,309,01416171,0,1,1,0,0,0,0,.931,12,0,0,1.93,0,0,0,0,0,0.00,0,0
nescac,New England Small College Athletic Conference (NESCAC),2025-26,whockey,Bowdoin,"Matusovich, Abby",,0,31,10,10,0,,0,0,0,0,0,0,0,0,0,0,00:00,0,0,0,0,0,0,0,0,0,0,NaN,0,0,0,0,0,10,592:08,18,214,3112015281528,1,1,1,0,1,0,0,.922,10,0,0,1.82,0,0,0,0,0,0.00,0,0
nescac,New England Small College Athletic Conference (NESCAC),2025-26,whockey,Bowdoin,Charlie Frankenfeld,,0,9,8,4,0,,0,0,0,0,0,0,0,0,0,9,18:00,0,0,0,0,0,0,9,-2,0,-2,1.000,-200,-3,4,-7,-4,,,,,,,,,,,,,,,,,,0,2,0,0,0,0.00,0,0
nescac,New England Small College Athletic Conference (NESCAC),2025-26,whockey,Colby,Grace Caligiuri,,g,1,7,6,0,,0,0,0,0,0,0,0,0,0,0,00:00,0,0,0,0,0,0,0,0,0,0,NaN,0,0,0,0,0,6,308:32,11,77,0000,0,1,1,0,0,0,0,.875,6,0,0,2.14,0,0,0,0,0,0.00,0,0
nescac,New England Small College Athletic Conference (NESCAC),2025-26,whockey,Colby,Keirstyn Camiolo,,0,2,7,0,0,,0,0,0,0,0,0,0,0,0,2,04:00,0,0,0,0,0,0,2,0,0,0,NaN,0,2,2,0,0,,,,,,,,,,,,,,,,,,0,4,1,1,0,0.00,0,0
nescac,New England Small College Athletic Conference (NESCAC),2025-26,whockey,Colby,Molly Sant,,0,3,0,0,0,,0,0,0,0,0,0,0,0,0,0,00:00,0,0,0,0,0,0,0,0,0,0,NaN,0,0,0,0,0,,,,,,,,,,,,,,,,,,0,0,0,0,0,0.00,0,0
nescac,New England Small College Athletic Conference (NESCAC),2025-26,whockey,Colby,Abby Tattersall,,0,4,15,0,0,,0,0,0,0,0,0,0,0,0,1,02:00,0,0,0,0,0,0,1,0,0,0,NaN,0,14,3,11,4,,,,,,,,,,,,,,,,,,0,9,2,2,0,0.00,0,0
nescac,New England Small College Athletic Conference (NESCAC),2025-26,whockey,Colby,Cailyn Murphy,,0,5,18,6,0,,0,0,0,0,0,0,0,0,0,4,08:00,0,0,0,0,0,0,4,0,0,0,NaN,0,13,6,7,13,,,,,,,,,,,,,,,,,,0,20,2,1,1,0.05,0,0
nescac,New England Small College Athletic Conference (NESCAC),2025-26,whockey,Colby,Brooke Eselunas,,0,7,11,0,0,,0,0,0,0,0,0,0,0,0,2,04:00,0,0,0,0,0,0,2,0,2,2,.000,0,8,1,7,0,,,,,,,,,,,,,,,,,,0,13,5,2,3,0.23,0,0
nescac,New England Small College Athletic Conference (NESCAC),2025-26,whockey,Colby,Michaud-nolan Kayleigh,,0,8,23,4,0,,0,0,0,0,0,0,0,0,0,11,22:00,0,0,0,0,0,0,11,155,99,254,.610,0.64,16,9,7,10,,,,,,,,,,,,,,,,,,0,34,6,5,1,0.03,0,0
nescac,New England Small College Athletic Conference (NESCAC),2025-26,whockey,Colby,Sophia Kennedy,,0,9,24,12,0,,0,2,0,0,1,1,2,3,0,5,10:00,0,0,0,0,0,0,5,2,6,8,.250,3.00,18,3,15,16,,,,,,,,,,,,,,,,,,0,75,17,10,7,0.09,0,0
nescac,New England Small College Athletic Conference (NESCAC),2025-26,whockey,Colby,Marion Legge,,rw,10,24,9,0,,0,0,0,0,0,0,3,0,0,4,08:00,0,0,0,0,0,0,4,157,116,273,.575,0.74,14,10,4,17,,,,,,,,,,,,,,,,,,0,46,12,8,4,0.09,0,0
nescac,New England Small College Athletic Conference (NESCAC),2025-26,whockey,Colby,Allie Corrieri,,d,11,24,9,0,,0,0,0,1,0,0,2,1,0,5,10:00,0,0,0,0,0,0,5,0,0,0,NaN,0,26,10,16,25,,,,,,,,,,,,,,,,,,0,61,14,10,4,0.07,0,0
nescac,New England Small College Athletic Conference (NESCAC),2025-26,whockey,Colby,Emily Olsthoorn,,0,12,20,0,0,,0,0,0,0,0,0,0,1,0,2,04:00,0,0,0,0,0,0,2,50,38,88,.568,0.76,18,3,15,3,,,,,,,,,,,,,,,,,,0,52,17,9,8,0.15,0,0
nescac,New England Small College Athletic Conference (NESCAC),2025-26,whockey,Colby,Beth Sinson,,c,14,24,13,0,,0,0,0,1,0,0,0,1,0,0,00:00,0,0,0,0,0,0,0,295,159,454,.650,0.54,18,6,12,5,,,,,,,,,,,,,,,,,,0,53,13,10,3,0.06,0,0
nescac,New England Small College Athletic Conference (NESCAC),2025-26,whockey,Colby,Mallory Farrell,,0,15,13,1,0,,0,0,0,0,0,0,0,1,0,2,04:00,0,0,0,0,0,0,2,0,0,0,NaN,0,2,3,-1,3,,,,,,,,,,,,,,,,,,0,13,3,2,1,0.08,0,0
nescac,New England Small College Athletic Conference (NESCAC),2025-26,whockey,Colby,Maria Pierce,,0,17,24,9,0,,0,0,0,0,1,0,2,0,0,8,16:00,0,0,0,0,0,0,8,14,19,33,.424,1.36,13,10,3,15,,,,,,,,,,,,,,,,,,0,29,7,4,3,0.10,0,0
nescac,New England Small College Athletic Conference (NESCAC),2025-26,whockey,Colby,Molly Lefebvre,,0,18,24,3,0,,0,0,0,1,0,0,3,1,0,4,08:00,0,0,0,0,0,0,4,3,3,6,.500,1.00,17,6,11,12,,,,,,,,,,,,,,,,,,0,61,18,8,10,0.16,0,0
nescac,New England Small College Athletic Conference (NESCAC),2025-26,whockey,Colby,Sophie Melsness,,0,19,23,1,0,,0,0,0,0,0,0,0,1,0,2,04:00,0,0,0,0,0,0,2,0,3,3,.000,0,10,11,-1,11,,,,,,,,,,,,,,,,,,0,31,4,2,2,0.06,0,0
nescac,New England Small College Athletic Conference (NESCAC),2025-26,whockey,Colby,Lizzy Hamel,,0,20,18,0,0,,0,0,0,0,0,0,0,0,0,1,02:00,0,0,0,0,0,0,1,0,0,0,NaN,0,11,4,7,6,,,,,,,,,,,,,,,,,,0,24,4,2,2,0.08,0,0
nescac,New England Small College Athletic Conference (NESCAC),2025-26,whockey,Colby,Addie Paskowski,,0,21,21,9,0,,0,0,0,0,0,0,0,0,0,6,12:00,0,0,0,0,0,0,6,0,0,0,NaN,0,15,9,6,15,,,,,,,,,,,,,,,,,,0,52,5,3,2,0.04,0,0
nescac,New England Small College Athletic Conference (NESCAC),2025-26,whockey,Colby,Breanna Studley,,d,22,9,4,0,,0,0,0,1,0,0,0,0,0,1,02:00,0,0,0,0,0,0,1,0,0,0,NaN,0,14,4,10,5,,,,,,,,,,,,,,,,,,0,36,10,9,1,0.03,0,0
nescac,New England Small College Athletic Conference (NESCAC),2025-26,whockey,Colby,Kate Pura,,0,23,23,4,0,,0,0,0,0,0,0,0,0,0,1,02:00,0,0,0,0,0,0,1,0,0,0,NaN,0,16,8,8,20,,,,,,,,,,,,,,,,,,0,24,3,3,0,0.00,0,0
nescac,New England Small College Athletic Conference (NESCAC),2025-26,whockey,Colby,Lulu Gray,,0,25,24,1,0,,0,0,0,2,0,0,0,1,0,2,04:00,0,0,0,0,0,0,2,121,108,229,.528,0.89,16,6,10,16,,,,,,,,,,,,,,,,,,0,21,11,8,3,0.14,0,0
nescac,New England Small College Athletic Conference (NESCAC),2025-26,whockey,Colby,Julie Jasaitis,,0,26,13,0,0,,0,0,0,0,0,0,0,0,0,1,02:00,0,0,0,0,0,0,1,0,0,0,NaN,0,4,3,1,1,,,,,,,,,,,,,,,,,,0,15,4,3,1,0.07,0,0
nescac,New England Small College Athletic Conference (NESCAC),2025-26,whockey,Colby,Lyla Casey,,0,27,5,0,0,,0,0,0,0,0,0,0,0,0,0,00:00,0,0,0,0,0,0,0,1,0,1,1.000,0,0,0,0,0,,,,,,,,,,,,,,,,,,0,0,0,0,0,0.00,0,0
nescac,New England Small College Athletic Conference (NESCAC),2025-26,whockey,Colby,Megan Martodam,,0,29,23,10,0,,0,0,0,3,1,0,0,2,0,5,10:00,0,0,0,0,0,0,5,0,0,0,NaN,0,19,3,16,5,,,,,,,,,,,,,,,,,,0,72,16,6,10,0.14,0,0
nescac,New England Small College Athletic Conference (NESCAC),2025-26,whockey,Colby,Serafina Applegate,,0,30,3,0,0,,0,0,0,0,0,0,0,0,0,0,00:00,0,0,0,0,0,0,0,0,0,0,NaN,0,0,0,0,0,3,70:03,3,16,0000,0,1,0,0,0,0,0,.842,0,0,0,2.57,0,0,0,0,0,0.00,0,0
nescac,New England Small College Athletic Conference (NESCAC),2025-26,whockey,Colby,Ally Martiniello,,0,33,19,18,0,,0,0,0,0,0,0,0,0,0,0,00:00,0,0,0,0,0,0,0,0,0,0,NaN,0,0,0,0,0,19,1060:24,22,362,04413,2,1,1,1,3,0,0,.943,18,0,0,1.24,0,0,0,0,0,0.00,0,0
nescac,New England Small College Athletic Conference (NESCAC),2025-26,whockey,Colby,Courtney Schumacher,,lw,36,23,11,0,,0,1,0,1,0,0,5,4,0,2,04:00,0,0,0,0,0,0,2,0,1,1,.000,0,14,6,8,5,,,,,,,,,,,,,,,,,,0,81,16,3,13,0.16,0,0
nescac,New England Small College Athletic Conference (NESCAC),2025-26,whockey,Colby,Jo Tattersall,,0,44,24,14,0,,0,0,0,0,0,0,0,1,0,3,06:00,0,0,0,0,0,0,3,0,2,2,.000,0,21,9,12,12,,,,,,,,,,,,,,,,,,0,49,10,8,2,0.04,0,0
nescac,New England Small College Athletic Conference (NESCAC),2025-26,whockey,Conn. College,"Stern, Lily",,0,2,21,15,0,,0,0,0,0,0,0,1,0,0,3,06:00,0,0,0,0,0,0,3,0,0,0,NaN,0,10,9,1,18,,,,,,,,,,,,,,,,,,0,35,6,5,1,0.03,0,0
nescac,New England Small College Athletic Conference (NESCAC),2025-26,whockey,Conn. College,"Fagan, Olivia",,0,3,21,0,0,,0,0,0,1,0,0,0,0,0,6,12:00,0,0,0,0,0,0,6,0,0,0,NaN,0,7,9,-2,2,,,,,,,,,,,,,,,,,,0,24,3,2,1,0.04,0,0
nescac,New England Small College Athletic Conference (NESCAC),2025-26,whockey,Conn. College,"Burm, Alana",,0,4,24,16,0,,0,1,0,1,0,0,4,2,0,6,12:00,0,0,0,0,0,0,6,0,0,0,NaN,0,11,10,1,10,,,,,,,,,,,,,,,,,,0,41,11,5,6,0.15,0,0
nescac,New England Small College Athletic Conference (NESCAC),2025-26,whockey,Conn. College,"Oar, Christine",,0,5,24,1,0,,0,0,0,0,1,0,0,0,0,5,10:00,0,0,0,0,0,0,5,134,136,270,.496,1.01,9,3,6,13,,,,,,,,,,,,,,,,,,0,28,10,9,1,0.04,0,0
nescac,New England Small College Athletic Conference (NESCAC),2025-26,whockey,Conn. College,"McGann, Bridget",,0,6,24,6,0,,0,0,0,0,1,0,0,1,0,0,00:00,0,0,0,0,0,0,0,13,22,35,.371,1.69,12,6,6,13,,,,,,,,,,,,,,,,,,0,36,7,2,5,0.14,0,0
nescac,New England Small College Athletic Conference (NESCAC),2025-26,whockey,Conn. College,"Rode, Ava",,0,7,22,1,0,,0,0,0,0,0,0,0,0,0,3,06:00,0,0,0,0,0,0,3,0,0,0,NaN,0,7,9,-2,10,,,,,,,,,,,,,,,,,,0,14,0,0,0,0.00,0,0
nescac,New England Small College Athletic Conference (NESCAC),2025-26,whockey,Conn. College,"Frank, Syndey",,0,8,14,1,0,,0,0,0,0,0,0,0,0,0,0,00:00,0,0,0,0,0,0,0,33,44,77,.429,1.33,4,6,-2,4,,,,,,,,,,,,,,,,,,0,21,2,0,2,0.10,0,0
nescac,New England Small College Athletic Conference (NESCAC),2025-26,whockey,Conn. College,"Pistorino, Jess",,0,9,24,1,0,,0,0,0,0,0,0,0,0,0,5,10:00,0,0,0,0,0,0,5,1,0,1,1.000,0,8,2,6,12,,,,,,,,,,,,,,,,,,0,51,2,1,1,0.02,0,0
nescac,New England Small College Athletic Conference (NESCAC),2025-26,whockey,Conn. College,"Loeber, Meghan",,0,10,3,0,0,,0,0,0,0,0,0,0,0,0,0,00:00,0,0,0,0,0,0,0,0,0,0,NaN,0,0,1,-1,0,,,,,,,,,,,,,,,,,,0,2,0,0,0,0.00,0,0
nescac,New England Small College Athletic Conference (NESCAC),2025-26,whockey,Conn. College,"O'Donnell, Caitlyn",,0,11,17,0,0,,0,0,0,0,0,0,0,0,0,0,00:00,0,0,0,0,0,0,0,0,1,1,.000,0,7,2,5,4,,,,,,,,,,,,,,,,,,0,10,3,3,0,0.00,0,0
nescac,New England Small College Athletic Conference (NESCAC),2025-26,whockey,Conn. College,"Harris, Charlotte",,0,12,24,9,0,,0,0,0,0,0,0,1,0,0,2,04:00,0,0,0,0,0,0,2,29,26,55,.527,0.90,10,16,-6,11,,,,,,,,,,,,,,,,,,0,14,5,3,2,0.14,0,0
nescac,New England Small College Athletic Conference (NESCAC),2025-26,whockey,Conn. College,"Montembeault, Olivia",,0,13,24,1,0,,0,0,0,0,0,0,0,0,0,4,08:00,0,0,0,0,0,0,4,0,1,1,.000,0,6,5,1,10,,,,,,,,,,,,,,,,,,0,21,4,2,2,0.10,0,0
nescac,New England Small College Athletic Conference (NESCAC),2025-26,whockey,Conn. College,"Donnelly, Sofia",,0,14,24,5,0,,0,0,0,0,0,0,1,0,0,1,02:00,0,0,0,0,0,0,1,0,0,0,NaN,0,10,13,-3,15,,,,,,,,,,,,,,,,,,0,27,4,2,2,0.07,0,0
nescac,New England Small College Athletic Conference (NESCAC),2025-26,whockey,Conn. College,"Chesner, Casey",,0,15,24,18,0,,0,0,0,1,1,0,1,0,0,0,00:00,0,0,0,0,0,0,0,0,0,0,NaN,0,13,13,0,15,,,,,,,,,,,,,,,,,,0,90,13,6,7,0.08,0,0
nescac,New England Small College Athletic Conference (NESCAC),2025-26,whockey,Conn. College,"Lileika, Maya",,0,16,24,0,0,,0,0,0,1,0,0,0,0,0,4,08:00,0,0,0,0,0,0,4,0,0,0,NaN,0,5,10,-5,6,,,,,,,,,,,,,,,,,,0,29,5,3,2,0.07,0,0
nescac,New England Small College Athletic Conference (NESCAC),2025-26,whockey,Conn. College,"Engle, Ashley",,0,17,23,5,0,,0,1,0,3,1,0,0,0,0,4,08:00,0,0,0,0,0,0,4,139,120,259,.537,0.86,12,13,-1,24,,,,,,,,,,,,,,,,,,0,42,7,2,5,0.12,0,0
nescac,New England Small College Athletic Conference (NESCAC),2025-26,whockey,Conn. College,"Peterson, Emma",,0,18,24,5,0,,0,0,0,1,0,0,1,2,0,6,12:00,0,0,0,0,0,0,6,0,0,0,NaN,0,14,14,0,22,,,,,,,,,,,,,,,,,,0,38,10,7,3,0.08,0,0
nescac,New England Small College Athletic Conference (NESCAC),2025-26,whockey,Conn. College,"Polizzi, Sofia",,0,19,24,1,0,,0,0,0,0,0,0,0,0,0,4,08:00,0,0,0,0,0,0,4,7,6,13,.538,0.86,10,11,-1,16,,,,,,,,,,,,,,,,,,0,39,4,4,0,0.00,0,0
nescac,New England Small College Athletic Conference (NESCAC),2025-26,whockey,Conn. College,"Seiple, Serena",,0,20,24,17,0,,0,0,0,1,2,0,1,3,0,1,02:00,0,0,0,0,0,0,1,253,176,429,.590,0.70,9,10,-1,15,,,,,,,,,,,,,,,,,,0,41,12,7,5,0.12,0,0
nescac,New England Small College Athletic Conference (NESCAC),2025-26,whockey,Conn. College,"Bonner, Elizabeth",,0,22,23,18,0,,0,0,0,1,0,0,0,0,0,6,12:00,0,0,0,0,0,0,6,1,0,1,1.000,100,12,11,1,39,,,,,,,,,,,,,,,,,,0,45,6,5,1,0.02,0,0
nescac,New England Small College Athletic Conference (NESCAC),2025-26,whockey,Conn. College,"Barcza, Katelyn",,0,24,9,0,0,,0,0,0,0,0,0,0,0,0,1,02:00,0,0,0,0,0,0,1,1,0,1,1.000,100,3,3,0,3,,,,,,,,,,,,,,,,,,0,2,1,1,0,0.00,0,0
nescac,New England Small College Athletic Conference (NESCAC),2025-26,whockey,Conn. College,"Leahy, Emma",,0,25,1,0,0,,0,0,0,0,0,0,0,0,0,0,00:00,0,0,0,0,0,0,0,0,0,0,NaN,0,1,0,1,0,,,,,,,,,,,,,,,,,,0,1,0,0,0,0.00,0,0
nescac,New England Small College Athletic Conference (NESCAC),2025-26,whockey,Conn. College,"Goldberg, Sasha",,0,26,9,0,0,,0,0,0,0,0,0,0,0,0,3,06:00,0,0,0,0,0,0,3,9,12,21,.429,1.33,3,2,1,3,,,,,,,,,,,,,,,,,,0,5,1,1,0,0.00,0,0
nescac,New England Small College Athletic Conference (NESCAC),2025-26,whockey,Conn. College,"Kilfeather, Galen",,0,28,2,0,0,,0,0,0,0,0,0,0,0,0,1,02:00,0,0,0,0,0,0,1,0,0,0,NaN,0,1,0,1,1,,,,,,,,,,,,,,,,,,0,0,0,0,0,0.00,0,0
nescac,New England Small College Athletic Conference (NESCAC),2025-26,whockey,Conn. College,"Galizio, Devon",,0,1,17,16,0,,0,0,0,0,0,0,0,0,0,0,00:00,0,0,0,0,0,0,0,0,0,0,NaN,0,0,0,0,0,17,926:20,35,401,064111000006,2,1,1,1,10,2,0,.920,16,0,0,2.27,0,0,0,0,0,0.00,0,0
nescac,New England Small College Athletic Conference (NESCAC),2025-26,whockey,Conn. College,"Erdman, Alex",,0,29,5,2,0,,0,0,0,0,0,0,0,0,0,0,00:00,0,0,0,0,0,0,0,1,0,1,1.000,0,0,0,0,0,4,137:24,4,65,0000000000,0,0,1,1,1,0,0,.942,2,0,0,1.75,0,0,0,0,0,0.00,0,0
nescac,New England Small College Athletic Conference (NESCAC),2025-26,whockey,Conn. College,"Wexler, Jillian",,0,30,6,5,0,,0,0,0,0,0,0,0,0,0,0,00:00,0,0,0,0,0,0,0,0,0,0,NaN,0,0,0,0,0,6,321:39,9,116,3121231212307840,0,1,1,0,0,0,0,.928,5,0,0,1.68,0,0,0,0,0,0.00,0,0
nescac,New England Small College Athletic Conference (NESCAC),2025-26,whockey,Conn. College,"Olson, Avery",,0,35,2,1,0,,0,0,0,0,0,0,0,0,0,0,00:00,0,0,0,0,0,0,0,0,0,0,NaN,0,0,0,0,0,2,60:00,0,21,0000000000,1,1,0,0,0,0,0,1.000,1,0,0,0.00,0,0,0,0,0,0.00,0,0
nescac,New England Small College Athletic Conference (NESCAC),2025-26,whockey,Conn. College,Sydney Frank,,0,8,-8,0,0,,0,0,0,0,0,0,0,0,0,0,00:00,0,0,0,0,0,0,0,-9,-27,-36,.250,3.00,-1,-2,1,-4,,,,,,,,,,,,,,,,,,0,-7,1,0,1,-0.14,0,0
nescac,New England Small College Athletic Conference (NESCAC),2025-26,whockey,Hamilton,"McMahon, Brighton",,0,2,0,0,0,,0,0,0,0,0,0,0,0,0,0,00:00,0,0,0,0,0,0,0,0,0,0,NaN,0,0,0,0,0,,,,,,,,,,,,,,,,,,0,0,0,0,0,0.00,0,0
nescac,New England Small College Athletic Conference (NESCAC),2025-26,whockey,Hamilton,"Rodham, Sophia",,0,4,25,8,0,,0,0,0,0,0,0,0,0,0,0,00:00,0,0,0,0,0,0,0,0,0,0,NaN,0,14,19,-5,31,,,,,,,,,,,,,,,,,,0,39,4,4,0,0.00,0,0
nescac,New England Small College Athletic Conference (NESCAC),2025-26,whockey,Hamilton,"Heck, Brooke",,0,5,13,1,0,,0,0,0,0,0,0,0,0,0,1,02:00,0,0,0,0,0,0,1,0,0,0,NaN,0,8,3,5,11,,,,,,,,,,,,,,,,,,0,13,0,0,0,0.00,0,0
nescac,New England Small College Athletic Conference (NESCAC),2025-26,whockey,Hamilton,"Martiniello, Gabby",,0,7,19,1,0,,0,0,0,0,0,0,0,0,0,3,06:00,0,0,0,0,0,0,3,0,0,0,NaN,0,13,7,6,16,,,,,,,,,,,,,,,,,,0,31,3,2,1,0.03,0,0
nescac,New England Small College Athletic Conference (NESCAC),2025-26,whockey,Hamilton,"Ji, Molly",,0,8,7,3,0,,0,0,0,0,0,0,0,0,0,3,06:00,0,0,0,0,0,0,3,0,1,1,.000,0,1,3,-2,0,,,,,,,,,,,,,,,,,,0,12,1,0,1,0.08,0,0
nescac,New England Small College Athletic Conference (NESCAC),2025-26,whockey,Hamilton,"Lial, Parker",,0,9,11,0,0,,0,0,0,1,0,0,0,0,0,2,04:00,0,0,0,0,0,0,2,0,0,0,NaN,0,1,1,0,1,,,,,,,,,,,,,,,,,,0,9,1,0,1,0.11,0,0
nescac,New England Small College Athletic Conference (NESCAC),2025-26,whockey,Hamilton,"Long, Grace",,0,10,21,1,0,,0,0,0,0,0,0,0,0,0,2,04:00,0,0,0,0,0,0,2,55,67,122,.451,1.22,9,5,4,5,,,,,,,,,,,,,,,,,,0,23,7,5,2,0.09,0,0
nescac,New England Small College Athletic Conference (NESCAC),2025-26,whockey,Hamilton,"McMahon, Carly",,0,11,24,6,0,,0,0,0,0,0,0,0,0,0,3,06:00,0,0,0,0,0,0,3,34,72,106,.321,2.12,10,14,-4,8,,,,,,,,,,,,,,,,,,0,27,7,6,1,0.04,0,0
nescac,New England Small College Athletic Conference (NESCAC),2025-26,whockey,Hamilton,"Rockwood, Bri",,0,14,25,3,0,,0,0,0,2,0,0,1,2,0,3,06:00,0,0,0,0,0,0,3,0,0,0,NaN,0,10,13,-3,4,,,,,,,,,,,,,,,,,,0,40,8,2,6,0.15,0,0
nescac,New England Small College Athletic Conference (NESCAC),2025-26,whockey,Hamilton,"Klein, Sadie",,0,15,25,2,0,,0,0,0,1,0,0,0,0,0,3,06:00,0,0,0,0,0,0,3,142,148,290,.490,1.04,12,8,4,10,,,,,,,,,,,,,,,,,,0,22,8,7,1,0.05,0,0
nescac,New England Small College Athletic Conference (NESCAC),2025-26,whockey,Hamilton,"Bullock, Lydia",,0,16,24,23,0,,0,0,0,3,1,1,0,1,0,8,16:00,0,0,0,0,0,0,8,11,7,18,.611,0.64,16,12,4,15,,,,,,,,,,,,,,,,,,0,65,12,6,6,0.09,0,0
nescac,New England Small College Athletic Conference (NESCAC),2025-26,whockey,Hamilton,"Koo, Maisie",,0,17,2,0,0,,0,0,0,0,0,0,0,0,0,1,02:00,0,0,0,0,0,0,1,0,0,0,NaN,0,1,0,1,3,,,,,,,,,,,,,,,,,,0,4,0,0,0,0.00,0,0
nescac,New England Small College Athletic Conference (NESCAC),2025-26,whockey,Hamilton,"Snow, Lila",,0,18,22,0,0,,0,0,0,0,0,0,0,1,0,2,04:00,0,0,0,0,0,0,2,2,0,2,1.000,200,7,9,-2,1,,,,,,,,,,,,,,,,,,0,41,6,3,3,0.07,0,0
nescac,New England Small College Athletic Conference (NESCAC),2025-26,whockey,Hamilton,"Romano, Ava",,0,19,21,1,0,,0,0,0,1,0,0,0,0,0,1,02:00,0,0,0,0,0,0,1,1,0,1,1.000,100,11,4,7,1,,,,,,,,,,,,,,,,,,0,11,5,3,2,0.18,0,0
nescac,New England Small College Athletic Conference (NESCAC),2025-26,whockey,Hamilton,"Truchon, Lilly",,0,20,22,10,0,,0,1,0,1,0,0,1,0,0,1,02:00,0,0,0,0,0,0,1,13,19,32,.406,1.46,15,6,9,10,,,,,,,,,,,,,,,,,,0,34,10,6,4,0.12,0,0
nescac,New England Small College Athletic Conference (NESCAC),2025-26,whockey,Hamilton,"Careri, Victoria",,0,21,1,0,0,,0,0,0,0,0,0,0,0,0,0,00:00,0,0,0,0,0,0,0,0,0,0,NaN,0,0,0,0,0,,,,,,,,,,,,,,,,,,0,0,0,0,0,0.00,0,0
nescac,New England Small College Athletic Conference (NESCAC),2025-26,whockey,Hamilton,"Porter, Jamie",,0,22,23,5,0,,0,1,0,1,0,0,0,1,0,3,06:00,0,0,0,0,0,0,3,1,3,4,.250,3.00,10,9,1,3,,,,,,,,,,,,,,,,,,0,40,6,2,4,0.10,0,0
nescac,New England Small College Athletic Conference (NESCAC),2025-26,whockey,Hamilton,"Crowley, Grace",,0,23,24,20,0,,0,0,0,1,0,0,0,1,1,4,08:00,0,0,0,0,0,0,4,239,211,450,.531,0.88,17,8,9,16,,,,,,,,,,,,,,,,,,0,50,12,8,4,0.08,0,0
nescac,New England Small College Athletic Conference (NESCAC),2025-26,whockey,Hamilton,"Puskar, Grace",,0,24,25,1,0,,1,0,0,0,0,0,1,1,0,2,04:00,0,0,0,0,0,0,2,192,168,360,.533,0.88,13,9,4,20,,,,,,,,,,,,,,,,,,0,39,10,5,5,0.13,0,0
nescac,New England Small College Athletic Conference (NESCAC),2025-26,whockey,Hamilton,"Myziuk, Sarah",,0,25,23,0,0,,1,0,0,0,1,0,2,3,1,7,17:00,0,0,0,0,0,1,6,0,1,1,.000,0,17,4,13,7,,,,,,,,,,,,,,,,,,0,50,18,9,9,0.18,0,0
nescac,New England Small College Athletic Conference (NESCAC),2025-26,whockey,Hamilton,"Hughes, Hazel",,0,26,6,1,0,,0,0,0,0,0,0,0,0,0,0,00:00,0,0,0,0,0,0,0,0,0,0,NaN,0,0,1,-1,5,,,,,,,,,,,,,,,,,,0,8,0,0,0,0.00,0,0
nescac,New England Small College Athletic Conference (NESCAC),2025-26,whockey,Hamilton,"Wagner, Sarah",,0,27,23,4,0,,0,0,1,0,0,0,0,1,0,4,08:00,0,0,0,0,0,0,4,0,1,1,.000,0,16,7,9,13,,,,,,,,,,,,,,,,,,0,24,6,5,1,0.04,0,0
nescac,New England Small College Athletic Conference (NESCAC),2025-26,whockey,Hamilton,"Berghammer, Sophie",,0,28,25,17,0,,0,0,0,1,0,0,0,0,0,6,12:00,0,0,0,0,0,0,6,0,0,0,NaN,0,15,10,5,21,,,,,,,,,,,,,,,,,,0,48,7,5,2,0.04,0,0
nescac,New England Small College Athletic Conference (NESCAC),2025-26,whockey,Hamilton,"Testa, Sophia",,0,29,21,1,0,,0,0,0,0,0,0,0,0,0,1,02:00,0,0,0,0,0,0,1,0,0,0,NaN,0,15,7,8,36,,,,,,,,,,,,,,,,,,0,46,6,5,1,0.02,0,0
nescac,New England Small College Athletic Conference (NESCAC),2025-26,whockey,Hamilton,"Allen, Katie",,0,33,25,4,0,,0,0,0,0,0,0,0,0,0,5,10:00,0,0,0,0,0,0,5,0,0,0,NaN,0,9,5,4,2,,,,,,,,,,,,,,,,,,0,28,6,4,2,0.07,0,0
nescac,New England Small College Athletic Conference (NESCAC),2025-26,whockey,Hamilton,"Sullivan, Cuora",,0,34,17,13,0,,0,0,0,0,0,0,0,0,0,3,06:00,0,0,0,0,0,0,3,0,0,0,NaN,0,14,7,7,18,,,,,,,,,,,,,,,,,,0,35,6,6,0,0.00,0,0
nescac,New England Small College Athletic Conference (NESCAC),2025-26,whockey,Hamilton,"Gallagher, Cate",,0,1,0,0,0,,0,0,0,0,0,0,0,0,0,0,00:00,0,0,0,0,0,0,0,0,0,0,NaN,0,0,0,0,0,0,00:00,0,0,0000,0,0,0,0,0,0,0,.000,0,0,0,0.00,0,0,0,0,0,0.00,0,0
nescac,New England Small College Athletic Conference (NESCAC),2025-26,whockey,Hamilton,"Brown, Teagan",,0,30,17,16,0,,0,0,0,0,0,0,0,0,0,0,00:00,0,0,0,0,0,0,0,0,0,0,NaN,0,0,0,0,0,17,1007:38,28,474,0161112,3,1,1,1,2,0,0,.944,16,0,0,1.67,0,0,0,0,0,0.00,0,0
nescac,New England Small College Athletic Conference (NESCAC),2025-26,whockey,Hamilton,"Donovan, Mac",,0,31,1,1,0,,0,0,0,0,0,0,0,0,0,0,00:00,0,0,0,0,0,0,0,0,0,0,NaN,0,0,0,0,0,1,59:58,2,18,0000,0,1,0,0,0,0,0,.900,1,0,0,2.00,0,0,0,0,0,0.00,0,0
nescac,New England Small College Athletic Conference (NESCAC),2025-26,whockey,Hamilton,"Sheridan, Evie",,0,35,9,8,0,,0,0,0,0,0,0,0,0,0,0,00:00,0,0,0,0,0,0,0,0,0,0,NaN,0,0,0,0,0,9,450:03,12,173,2002,0,1,1,1,2,0,0,.935,8,0,0,1.60,0,0,0,0,0,0.00,0,0
nescac,New England Small College Athletic Conference (NESCAC),2025-26,whockey,Middlebury,"Frazier, Alyssa",,0,3,25,13,0,,0,0,0,0,0,0,2,0,0,5,10:00,0,0,0,0,0,0,5,1,1,2,.500,1.00,29,13,16,20,,,,,,,,,,,,,,,,,,0,65,11,9,2,0.03,0,0
nescac,New England Small College Athletic Conference (NESCAC),2025-26,whockey,Middlebury,"Neyman, Rachel",,0,4,25,0,0,,0,0,0,0,0,0,0,0,0,2,04:00,0,0,0,0,0,0,2,58,71,129,.450,1.22,8,4,4,11,,,,,,,,,,,,,,,,,,0,15,4,2,2,0.13,0,0
nescac,New England Small College Athletic Conference (NESCAC),2025-26,whockey,Middlebury,"Means, Jocelyn",,0,5,24,12,0,,0,0,0,0,0,0,0,0,0,1,02:00,0,0,0,0,0,0,1,0,0,0,NaN,0,19,10,9,12,,,,,,,,,,,,,,,,,,0,33,6,5,1,0.03,0,0
nescac,New England Small College Athletic Conference (NESCAC),2025-26,whockey,Middlebury,"Flynn, Kate",,0,6,25,8,0,,0,0,0,1,0,0,1,3,0,3,06:00,0,0,0,0,0,0,3,4,2,6,.667,0.50,15,15,0,4,,,,,,,,,,,,,,,,,,0,68,17,10,7,0.10,0,0
nescac,New England Small College Athletic Conference (NESCAC),2025-26,whockey,Middlebury,"Fernandez, Liv",,0,7,25,1,0,,0,0,0,0,0,0,0,1,0,4,08:00,0,0,0,0,0,0,4,50,57,107,.467,1.14,8,5,3,4,,,,,,,,,,,,,,,,,,0,28,6,4,2,0.07,0,0
nescac,New England Small College Athletic Conference (NESCAC),2025-26,whockey,Middlebury,"Kennedy, Peyton",,0,8,21,0,0,,0,0,0,0,0,0,0,0,0,2,04:00,0,0,0,0,0,0,2,1,3,4,.250,3.00,6,2,4,3,,,,,,,,,,,,,,,,,,0,22,5,3,2,0.09,0,0
nescac,New England Small College Athletic Conference (NESCAC),2025-26,whockey,Middlebury,"Pincelli, Zoe",,0,9,22,1,0,,0,0,0,0,0,0,0,0,0,3,06:00,0,0,0,0,0,0,3,133,130,263,.506,0.98,14,7,7,15,,,,,,,,,,,,,,,,,,0,25,9,6,3,0.12,0,0
nescac,New England Small College Athletic Conference (NESCAC),2025-26,whockey,Middlebury,"Ferraris, Callia",,0,10,25,4,0,,0,0,0,0,0,0,0,0,0,1,02:00,0,0,0,0,0,0,1,1,0,1,1.000,100,14,10,4,12,,,,,,,,,,,,,,,,,,0,18,6,6,0,0.00,0,0
nescac,New England Small College Athletic Conference (NESCAC),2025-26,whockey,Middlebury,"Nawrocki, Britt",,0,11,25,0,0,,0,1,0,1,0,0,2,0,0,11,22:00,0,0,0,0,0,0,11,26,12,38,.684,0.46,11,8,3,5,,,,,,,,,,,,,,,,,,0,44,10,4,6,0.14,0,0
nescac,New England Small College Athletic Conference (NESCAC),2025-26,whockey,Middlebury,"McInerny, Avery",,0,15,25,24,0,,0,0,0,3,1,1,3,3,0,7,14:00,0,0,0,0,0,0,7,294,256,550,.535,0.87,33,8,25,10,,,,,,,,,,,,,,,,,,0,82,30,20,10,0.12,0,0
nescac,New England Small College Athletic Conference (NESCAC),2025-26,whockey,Middlebury,"McManus, Olivia",,0,18,25,13,0,,0,0,0,0,0,0,1,1,0,2,04:00,0,0,0,0,0,0,2,0,0,0,NaN,0,26,15,11,29,,,,,,,,,,,,,,,,,,0,68,18,16,2,0.03,0,0
nescac,New England Small College Athletic Conference (NESCAC),2025-26,whockey,Middlebury,"McAdams, Maeve",,0,19,9,0,0,,0,0,0,0,0,0,0,0,0,2,04:00,0,0,0,0,0,0,2,0,0,0,NaN,0,1,4,-3,2,,,,,,,,,,,,,,,,,,0,3,0,0,0,0.00,0,0
nescac,New England Small College Athletic Conference (NESCAC),2025-26,whockey,Middlebury,"Ward, Susannah",,0,20,25,8,0,,1,0,0,0,0,0,1,0,0,3,06:00,0,0,0,0,0,0,3,0,0,0,NaN,0,27,9,18,27,,,,,,,,,,,,,,,,,,0,53,15,12,3,0.06,0,0
nescac,New England Small College Athletic Conference (NESCAC),2025-26,whockey,Middlebury,"Hannah, Emma",,0,22,17,0,0,,0,0,0,0,0,0,0,0,0,7,14:00,0,0,0,0,0,0,7,0,0,0,NaN,0,7,5,2,12,,,,,,,,,,,,,,,,,,0,13,1,1,0,0.00,0,0
nescac,New England Small College Athletic Conference (NESCAC),2025-26,whockey,Middlebury,"Giebler, Alison",,0,23,22,0,0,,0,0,0,0,1,1,1,2,0,6,12:00,0,0,0,0,0,0,6,100,111,211,.474,1.11,15,7,8,12,,,,,,,,,,,,,,,,,,0,25,7,4,3,0.12,0,0
nescac,New England Small College Athletic Conference (NESCAC),2025-26,whockey,Middlebury,"Anthony, Sarah",,0,24,13,0,0,,0,0,0,0,0,0,0,0,0,0,00:00,0,0,0,0,0,0,0,0,0,0,NaN,0,2,2,0,2,,,,,,,,,,,,,,,,,,0,11,2,0,2,0.18,0,0
nescac,New England Small College Athletic Conference (NESCAC),2025-26,whockey,Middlebury,"Bown, Zoe",,0,25,0,0,0,,0,0,0,0,0,0,0,0,0,0,00:00,0,0,0,0,0,0,0,0,0,0,NaN,0,0,0,0,0,,,,,,,,,,,,,,,,,,0,0,0,0,0,0.00,0,0
nescac,New England Small College Athletic Conference (NESCAC),2025-26,whockey,Middlebury,"Thomas, Caroline",,0,26,23,16,0,,0,0,0,3,0,1,0,2,1,1,02:00,0,0,0,0,0,0,1,6,2,8,.750,0.33,31,10,21,6,,,,,,,,,,,,,,,,,,0,80,26,9,17,0.21,0,0
nescac,New England Small College Athletic Conference (NESCAC),2025-26,whockey,Middlebury,"Acosta, Jocelyn",,0,27,7,0,0,,0,0,0,0,0,0,0,0,0,0,00:00,0,0,0,0,0,0,0,0,0,0,NaN,0,3,1,2,0,,,,,,,,,,,,,,,,,,0,3,3,2,1,0.33,0,0
nescac,New England Small College Athletic Conference (NESCAC),2025-26,whockey,Middlebury,"Simon, Meg",,0,28,15,0,0,,0,0,0,0,0,0,0,0,0,2,04:00,0,0,0,0,0,0,2,0,0,0,NaN,0,2,1,1,2,,,,,,,,,,,,,,,,,,0,4,2,2,0,0.00,0,0
nescac,New England Small College Athletic Conference (NESCAC),2025-26,whockey,Middlebury,"Hall, Adrienne",,0,32,9,0,0,,0,0,0,0,0,0,0,0,0,0,00:00,0,0,0,0,0,0,0,0,0,0,NaN,0,3,1,2,0,,,,,,,,,,,,,,,,,,0,5,2,0,2,0.40,0,0
nescac,New England Small College Athletic Conference (NESCAC),2025-26,whockey,Middlebury,"Gordon, Olivia",,0,33,25,6,0,,0,0,0,0,0,0,2,0,0,7,14:00,0,0,0,0,0,0,7,10,5,15,.667,0.50,12,7,5,4,,,,,,,,,,,,,,,,,,0,42,12,7,5,0.12,0,0
nescac,New England Small College Athletic Conference (NESCAC),2025-26,whockey,Middlebury,"Walsh, Trinity",,0,40,25,19,0,,0,1,1,2,1,0,2,5,0,4,08:00,0,0,0,0,0,0,4,8,2,10,.800,0.25,31,11,20,7,,,,,,,,,,,,,,,,,,0,60,32,21,11,0.18,0,0
nescac,New England Small College Athletic Conference (NESCAC),2025-26,whockey,Middlebury,"Weiner, Sasha",,0,44,15,0,0,,0,0,0,0,0,0,0,0,0,0,00:00,0,0,0,0,0,0,0,0,0,0,NaN,0,7,3,4,4,,,,,,,,,,,,,,,,,,0,10,2,2,0,0.00,0,0
nescac,New England Small College Athletic Conference (NESCAC),2025-26,whockey,Middlebury,"Will, Sophia",,0,1,22,22,0,,0,0,0,0,0,0,0,0,0,0,00:00,0,0,0,0,0,0,0,0,0,0,NaN,0,0,0,0,0,22,1339:04,31,520,107841274127,2,1,1,1,1,0,0,.944,22,0,0,1.39,0,0,0,0,0,0.00,0,0
nescac,New England Small College Athletic Conference (NESCAC),2025-26,whockey,Middlebury,"Sobczak, Lauren",,0,29,3,3,0,,0,0,0,0,0,0,0,0,0,0,00:00,0,0,0,0,0,0,0,0,0,0,NaN,0,0,0,0,0,3,161:11,1,40,0000,0,1,0,0,0,0,0,.976,3,0,0,0.37,0,0,0,0,0,0.00,0,0
nescac,New England Small College Athletic Conference (NESCAC),2025-26,whockey,Middlebury,"Gray, Bridget",,0,31,2,0,0,,0,0,0,0,0,0,0,0,0,0,00:00,0,0,0,0,0,0,0,0,0,0,NaN,0,0,0,0,0,2,18:08,0,3,0000,0,0,0,0,0,0,0,1.000,0,0,0,0.00,0,0,0,0,0,0.00,0,0
nescac,New England Small College Athletic Conference (NESCAC),2025-26,whockey,Trinity,"Gosnell, Ava",,0,2,9,5,0,,0,0,0,0,0,0,0,0,0,1,02:00,0,0,0,0,0,0,1,0,0,0,NaN,0,1,11,-10,7,,,,,,,,,,,,,,,,,,0,5,1,1,0,0.00,0,0
nescac,New England Small College Athletic Conference (NESCAC),2025-26,whockey,Trinity,"Yaun, Cassidy",,0,3,24,8,0,,1,0,0,0,0,0,1,0,0,5,10:00,0,0,0,0,0,0,5,1,0,1,1.000,100,11,15,-4,17,,,,,,,,,,,,,,,,,,0,19,5,4,1,0.05,0,0
nescac,New England Small College Athletic Conference (NESCAC),2025-26,whockey,Trinity,"Merkel, Annabelle",,0,4,20,9,0,,0,0,0,0,0,0,0,0,0,9,18:00,0,0,0,0,0,0,9,0,0,0,NaN,0,4,17,-13,18,,,,,,,,,,,,,,,,,,0,13,1,1,0,0.00,0,0
nescac,New England Small College Athletic Conference (NESCAC),2025-26,whockey,Trinity,"Berman, Taylor",,0,5,25,3,0,,0,0,0,0,0,0,0,0,0,2,04:00,0,0,0,0,0,0,2,0,1,1,.000,0,5,8,-3,23,,,,,,,,,,,,,,,,,,0,12,1,1,0,0.00,0,0
nescac,New England Small College Athletic Conference (NESCAC),2025-26,whockey,Trinity,"Countryman, Sally",,0,6,12,0,0,,0,0,0,0,0,0,0,0,0,0,00:00,0,0,0,0,0,0,0,3,3,6,.500,1.00,0,1,-1,1,,,,,,,,,,,,,,,,,,0,0,0,0,0,0.00,0,0
nescac,New England Small College Athletic Conference (NESCAC),2025-26,whockey,Trinity,"Keyes, Nani",,0,7,25,9,0,,0,1,0,0,1,0,1,1,0,3,06:00,0,0,0,0,0,0,3,3,2,5,.600,0.67,11,20,-9,7,,,,,,,,,,,,,,,,,,0,44,10,5,5,0.11,0,0
nescac,New England Small College Athletic Conference (NESCAC),2025-26,whockey,Trinity,"Rousell, Sophie",,0,8,25,0,0,,0,0,0,1,0,0,0,1,0,4,08:00,0,0,0,0,0,0,4,3,4,7,.429,1.33,12,16,-4,3,,,,,,,,,,,,,,,,,,0,22,4,1,3,0.14,0,0
nescac,New England Small College Athletic Conference (NESCAC),2025-26,whockey,Trinity,"Holm, Caroline",,0,9,25,8,0,,1,0,0,0,1,0,2,1,0,8,16:00,0,0,0,0,0,0,8,221,196,417,.530,0.89,9,19,-10,8,,,,,,,,,,,,,,,,,,0,38,7,3,4,0.11,0,0
nescac,New England Small College Athletic Conference (NESCAC),2025-26,whockey,Trinity,"Bussey, Georgia",,0,10,23,5,0,,0,0,0,0,0,0,0,0,0,9,18:00,0,0,0,0,0,0,9,0,0,0,NaN,0,10,16,-6,16,,,,,,,,,,,,,,,,,,0,24,4,2,2,0.08,0,0
nescac,New England Small College Athletic Conference (NESCAC),2025-26,whockey,Trinity,"Brook, Lily",,0,11,25,6,0,,0,0,0,0,0,0,0,0,0,2,04:00,0,0,0,0,0,0,2,1,1,2,.500,1.00,11,19,-8,14,,,,,,,,,,,,,,,,,,0,49,5,4,1,0.02,0,0
nescac,New England Small College Athletic Conference (NESCAC),2025-26,whockey,Trinity,"French, Kate",,0,13,25,17,0,,0,0,0,2,0,0,0,0,0,7,14:00,0,0,0,0,0,0,7,291,233,524,.555,0.80,16,21,-5,14,,,,,,,,,,,,,,,,,,0,31,6,2,4,0.13,0,0
nescac,New England Small College Athletic Conference (NESCAC),2025-26,whockey,Trinity,"Calo, Ellie",,0,15,22,0,0,,0,0,0,0,0,0,0,0,0,1,02:00,0,0,0,0,0,0,1,0,0,0,NaN,0,5,5,0,2,,,,,,,,,,,,,,,,,,0,2,1,1,0,0.00,0,0
nescac,New England Small College Athletic Conference (NESCAC),2025-26,whockey,Trinity,"Murray, Mikayla",,0,16,25,6,0,,0,0,0,0,0,0,0,0,0,3,06:00,0,0,0,0,0,0,3,0,0,0,NaN,0,10,15,-5,9,,,,,,,,,,,,,,,,,,0,40,4,4,0,0.00,0,0
nescac,New England Small College Athletic Conference (NESCAC),2025-26,whockey,Trinity,"Al-Kadiri, Meena",,0,17,25,3,0,,0,0,0,1,0,0,3,1,0,18,39:00,0,0,0,0,0,1,17,2,2,4,.500,1.00,8,16,-8,11,,,,,,,,,,,,,,,,,,0,64,12,5,7,0.11,0,0
nescac,New England Small College Athletic Conference (NESCAC),2025-26,whockey,Trinity,"Berglin, Marlie",,0,18,24,0,0,,0,0,0,0,0,0,0,0,0,0,00:00,0,0,0,0,0,0,0,3,1,4,.750,0.33,1,4,-3,2,,,,,,,,,,,,,,,,,,0,3,0,0,0,0.00,0,0
nescac,New England Small College Athletic Conference (NESCAC),2025-26,whockey,Trinity,"Cassidy, Lillian",,0,21,25,17,0,,0,1,0,1,1,1,0,1,0,2,04:00,0,0,0,0,0,0,2,5,6,11,.455,1.20,15,22,-7,19,,,,,,,,,,,,,,,,,,0,45,11,7,4,0.09,0,0
nescac,New England Small College Athletic Conference (NESCAC),2025-26,whockey,Trinity,"Angioletti, Livia",,0,22,25,14,0,,0,0,0,1,0,0,2,1,0,11,22:00,0,0,0,0,0,0,11,0,0,0,NaN,0,11,24,-13,30,,,,,,,,,,,,,,,,,,0,67,8,6,2,0.03,0,0
nescac,New England Small College Athletic Conference (NESCAC),2025-26,whockey,Trinity,"Settles, Taylor",,0,23,22,0,0,,0,0,0,0,0,0,0,0,0,1,02:00,0,0,0,0,0,0,1,0,0,0,NaN,0,4,6,-2,1,,,,,,,,,,,,,,,,,,0,4,0,0,0,0.00,0,0
nescac,New England Small College Athletic Conference (NESCAC),2025-26,whockey,Trinity,"McKenna, Nina",,0,24,25,0,0,,0,0,0,0,1,0,0,0,0,1,02:00,0,0,0,0,0,0,1,150,167,317,.473,1.11,10,21,-11,18,,,,,,,,,,,,,,,,,,0,31,7,4,3,0.10,0,0
nescac,New England Small College Athletic Conference (NESCAC),2025-26,whockey,Trinity,"Gross, Gabriela",,0,25,25,15,0,,0,1,0,0,1,0,0,1,0,5,13:00,0,0,0,0,0,1,4,6,5,11,.545,0.83,8,15,-7,13,,,,,,,,,,,,,,,,,,0,78,7,1,6,0.08,0,0
nescac,New England Small College Athletic Conference (NESCAC),2025-26,whockey,Trinity,"Bizup, Charlotte",,0,30,1,0,0,,0,0,0,0,0,0,0,0,0,0,00:00,0,0,0,0,0,0,0,0,0,0,NaN,0,0,0,0,0,1,20:00,0,2,0000,0,0,0,0,0,0,0,1.000,0,0,0,0.00,0,0,0,0,0,0.00,0,0
nescac,New England Small College Athletic Conference (NESCAC),2025-26,whockey,Trinity,"Lemke, Kathrine",,0,31,10,9,0,,0,0,0,0,0,0,0,0,0,0,00:00,0,0,0,0,0,0,0,0,0,0,NaN,0,0,0,0,0,10,577:12,38,275,0000,0,1,1,0,8,1,0,.879,9,0,0,3.95,0,0,0,0,0,0.00,0,0
nescac,New England Small College Athletic Conference (NESCAC),2025-26,whockey,Trinity,"Eschweiler, Emma",,0,33,1,0,0,,0,0,0,0,0,0,0,0,0,0,00:00,0,0,0,0,0,0,0,0,0,0,NaN,0,0,0,0,0,1,19:49,0,4,0000,0,0,0,0,0,0,0,1.000,0,0,0,0.00,0,0,0,0,0,0.00,0,0
nescac,New England Small College Athletic Conference (NESCAC),2025-26,whockey,Trinity,"Carter, Madeline",,0,39,16,16,0,,0,0,0,0,0,0,0,0,0,0,00:00,0,0,0,0,0,0,0,0,0,0,NaN,0,0,0,0,0,16,888:51,34,367,01494,2,1,1,1,7,1,0,.915,16,0,0,2.30,0,0,0,0,0,0.00,0,0
nescac,New England Small College Athletic Conference (NESCAC),2025-26,whockey,Wesleyan,"Morey, Kate",,0,2,25,0,0,,0,0,0,0,0,0,0,0,0,3,06:00,0,0,0,0,0,0,3,1,2,3,.333,2.00,1,9,-8,2,,,,,,,,,,,,,,,,,,0,11,0,0,0,0.00,0,0
nescac,New England Small College Athletic Conference (NESCAC),2025-26,whockey,Wesleyan,"Campbell, Mairead",,0,3,25,0,0,,0,0,0,0,0,0,0,0,0,0,00:00,0,0,0,0,0,0,0,3,2,5,.600,0.67,1,2,-1,1,,,,,,,,,,,,,,,,,,0,2,0,0,0,0.00,0,0
nescac,New England Small College Athletic Conference (NESCAC),2025-26,whockey,Wesleyan,"Rubinstein, Olivia",,0,4,21,0,0,,0,0,0,0,0,0,0,0,0,1,02:00,0,0,0,0,0,0,1,0,0,0,NaN,0,1,1,0,0,,,,,,,,,,,,,,,,,,0,6,0,0,0,0.00,0,0
nescac,New England Small College Athletic Conference (NESCAC),2025-26,whockey,Wesleyan,"Tura, Beats",,0,5,25,5,0,,0,0,0,0,0,1,0,1,0,7,14:00,0,0,0,0,0,0,7,0,0,0,NaN,0,11,18,-7,37,,,,,,,,,,,,,,,,,,0,20,5,2,3,0.15,0,0
nescac,New England Small College Athletic Conference (NESCAC),2025-26,whockey,Wesleyan,"Jung, Kimberly",,0,7,23,5,0,,0,0,0,0,0,0,0,1,0,0,00:00,0,0,0,0,0,0,0,0,0,0,NaN,0,12,18,-6,22,,,,,,,,,,,,,,,,,,0,25,5,3,2,0.08,0,0
nescac,New England Small College Athletic Conference (NESCAC),2025-26,whockey,Wesleyan,"Molin, Amelia",,0,8,25,3,0,,0,0,0,0,0,0,0,0,0,2,04:00,0,0,0,0,0,0,2,48,32,80,.600,0.67,12,25,-13,9,,,,,,,,,,,,,,,,,,0,52,7,4,3,0.06,0,0
nescac,New England Small College Athletic Conference (NESCAC),2025-26,whockey,Wesleyan,"Humber, Caroline",,0,10,25,18,0,,0,0,0,0,1,0,3,0,0,3,06:00,0,0,0,0,0,0,3,5,22,27,.185,4.40,16,14,2,15,,,,,,,,,,,,,,,,,,0,40,17,11,6,0.15,0,0
nescac,New England Small College Athletic Conference (NESCAC),2025-26,whockey,Wesleyan,"Green, Dylan",,0,11,25,19,0,,0,1,0,2,1,2,3,1,0,31,62:00,0,0,0,0,0,0,31,8,13,21,.381,1.63,23,18,5,22,,,,,,,,,,,,,,,,,,0,101,22,11,11,0.11,0,0
nescac,New England Small College Athletic Conference (NESCAC),2025-26,whockey,Wesleyan,"Seppenwolde, Aimee",,0,12,24,21,0,,0,0,1,1,0,0,2,1,0,6,12:00,0,0,0,0,0,0,6,0,0,0,NaN,0,15,19,-4,32,,,,,,,,,,,,,,,,,,0,59,12,7,5,0.08,0,0
nescac,New England Small College Athletic Conference (NESCAC),2025-26,whockey,Wesleyan,"Omura, Eve",,0,13,24,0,0,,0,0,0,0,0,0,0,0,0,3,06:00,0,0,0,0,0,0,3,0,0,0,NaN,0,8,12,-4,6,,,,,,,,,,,,,,,,,,0,29,4,3,1,0.03,0,0
nescac,New England Small College Athletic Conference (NESCAC),2025-26,whockey,Wesleyan,"Ward, Carly",,0,14,25,19,0,,0,0,0,1,0,0,0,0,0,11,22:00,0,0,0,0,0,0,11,0,0,0,NaN,0,18,19,-1,43,,,,,,,,,,,,,,,,,,0,48,4,3,1,0.02,0,0
nescac,New England Small College Athletic Conference (NESCAC),2025-26,whockey,Wesleyan,"Caldara, Parker",,0,16,21,3,0,,1,0,0,2,5,0,1,3,0,3,06:00,0,0,0,0,0,0,3,8,2,10,.800,0.25,15,19,-4,9,,,,,,,,,,,,,,,,,,0,58,13,4,9,0.16,0,0
nescac,New England Small College Athletic Conference (NESCAC),2025-26,whockey,Wesleyan,"McMennamin, Laura",,0,17,25,0,0,,0,0,0,0,0,0,0,0,0,1,02:00,0,0,0,0,0,0,1,0,0,0,NaN,0,3,11,-8,11,,,,,,,,,,,,,,,,,,0,10,0,0,0,0.00,0,0
nescac,New England Small College Athletic Conference (NESCAC),2025-26,whockey,Wesleyan,"Galanek, Sam",,0,18,25,1,0,,0,0,0,0,0,0,0,0,0,1,02:00,0,0,0,0,0,0,1,131,177,308,.425,1.35,6,20,-14,14,,,,,,,,,,,,,,,,,,0,34,3,2,1,0.03,0,0
nescac,New England Small College Athletic Conference (NESCAC),2025-26,whockey,Wesleyan,"Place, Lilly",,0,19,25,18,0,,0,0,0,0,0,0,2,0,0,6,12:00,0,0,0,0,0,0,6,237,251,488,.486,1.06,17,12,5,10,,,,,,,,,,,,,,,,,,0,18,12,9,3,0.17,0,0
nescac,New England Small College Athletic Conference (NESCAC),2025-26,whockey,Wesleyan,"Anderson, Bree",,0,20,25,2,0,,0,0,0,0,0,0,0,0,0,5,10:00,0,0,0,0,0,0,5,0,0,0,NaN,0,10,23,-13,19,,,,,,,,,,,,,,,,,,0,37,9,8,1,0.03,0,0
nescac,New England Small College Athletic Conference (NESCAC),2025-26,whockey,Wesleyan,"Kee, Caroline",,0,21,23,7,0,,0,1,0,0,1,0,1,0,0,8,16:00,0,0,0,0,0,0,8,190,265,455,.418,1.39,11,18,-7,23,,,,,,,,,,,,,,,,,,0,61,5,1,4,0.07,0,0
nescac,New England Small College Athletic Conference (NESCAC),2025-26,whockey,Wesleyan,"Lucchese, Emma",,0,23,25,0,0,,0,0,0,0,0,0,0,0,0,3,06:00,0,0,0,0,0,0,3,0,0,0,NaN,0,7,6,1,11,,,,,,,,,,,,,,,,,,0,12,4,4,0,0.00,0,0
nescac,New England Small College Athletic Conference (NESCAC),2025-26,whockey,Wesleyan,"Sims, Aiko",,0,24,25,4,0,,0,0,0,0,0,0,0,0,0,1,02:00,0,0,0,0,0,0,1,2,5,7,.286,2.50,5,14,-9,28,,,,,,,,,,,,,,,,,,0,41,3,2,1,0.02,0,0
nescac,New England Small College Athletic Conference (NESCAC),2025-26,whockey,Wesleyan,"Guglielmi, Jenna",,0,1,14,14,0,,0,0,0,0,0,0,0,0,0,0,00:00,0,0,0,0,0,0,0,0,0,0,NaN,0,0,0,0,0,14,807:10,38,432,0101615,1,1,1,1,5,2,0,.919,14,0,0,2.82,0,0,0,0,0,0.00,0,0
nescac,New England Small College Athletic Conference (NESCAC),2025-26,whockey,Wesleyan,"Ward, Brooke",,0,29,0,0,0,,0,0,0,0,0,0,0,0,0,0,00:00,0,0,0,0,0,0,0,0,0,0,NaN,0,0,0,0,0,0,00:00,0,0,0000,0,0,0,0,0,0,0,.000,0,0,0,0.00,0,0,0,0,0,0.00,0,0
nescac,New England Small College Athletic Conference (NESCAC),2025-26,whockey,Wesleyan,"Smith, Sami",,0,30,12,11,0,,0,0,0,0,0,0,0,0,0,0,00:00,0,0,0,0,0,0,0,0,0,0,NaN,0,0,0,0,0,12,696:38,36,397,0000,0,1,1,1,5,2,0,.917,11,0,0,3.10,0,0,0,0,0,0.00,0,0
nescac,New England Small College Athletic Conference (NESCAC),2025-26,whockey,Williams,Erin Pye,,g,01,21,21,0,,0,0,0,0,0,0,0,0,0,0,00:00,0,0,0,0,0,0,0,0,0,0,NaN,0,0,0,0,0,21,1275:52,25,690,091010,3,1,1,1,3,0,0,.965,21,0,0,1.18,0,0,0,0,0,0.00,0,0
nescac,New England Small College Athletic Conference (NESCAC),2025-26,whockey,Williams,Savana Littlewood,,0,02,23,5,0,,0,1,0,1,0,1,0,1,0,5,10:00,0,0,0,0,0,0,5,1,2,3,.333,2.00,14,10,4,10,,,,,,,,,,,,,,,,,,0,70,18,13,5,0.07,0,0
nescac,New England Small College Athletic Conference (NESCAC),2025-26,whockey,Williams,Annie Gallagher,,0,03,25,7,0,,0,0,0,1,0,0,5,3,0,6,12:00,0,0,0,0,0,0,6,125,132,257,.486,1.06,15,9,6,21,,,,,,,,,,,,,,,,,,0,55,13,5,8,0.15,0,0
nescac,New England Small College Athletic Conference (NESCAC),2025-26,whockey,Williams,Lucie Bond,,rw,04,25,10,0,,0,1,0,0,0,0,3,0,0,3,06:00,0,0,0,0,0,0,3,1,2,3,.333,2.00,17,10,7,5,,,,,,,,,,,,,,,,,,0,83,18,10,8,0.10,0,0
nescac,New England Small College Athletic Conference (NESCAC),2025-26,whockey,Williams,Reese Luber,,0,05,23,8,0,,0,0,0,0,0,0,1,0,0,7,14:00,0,0,0,0,0,0,7,0,0,0,NaN,0,18,16,2,19,,,,,,,,,,,,,,,,,,0,36,9,6,3,0.08,0,0
nescac,New England Small College Athletic Conference (NESCAC),2025-26,whockey,Williams,Claire Murphy,,d,06,19,15,0,,0,0,0,0,0,0,1,0,0,2,04:00,0,0,0,0,0,0,2,0,0,0,NaN,0,23,9,14,28,,,,,,,,,,,,,,,,,,0,95,13,9,4,0.04,0,0
nescac,New England Small College Athletic Conference (NESCAC),2025-26,whockey,Williams,Becca White,,0,07,25,0,0,,0,0,0,1,1,0,1,1,0,1,02:00,0,0,0,0,0,0,1,0,2,2,.000,0,9,3,6,4,,,,,,,,,,,,,,,,,,0,24,6,3,3,0.13,0,0
nescac,New England Small College Athletic Conference (NESCAC),2025-26,whockey,Williams,Chloe Noxon,,c,08,25,10,0,,0,1,0,0,0,1,0,0,0,2,04:00,0,0,0,0,0,0,2,83,121,204,.407,1.46,16,10,6,18,,,,,,,,,,,,,,,,,,0,60,11,7,4,0.07,0,0
nescac,New England Small College Athletic Conference (NESCAC),2025-26,whockey,Williams,Maddie Samaan,,0,10,25,2,0,,0,0,0,1,0,0,0,1,0,0,00:00,0,0,0,0,0,0,0,6,3,9,.667,0.50,9,1,8,5,,,,,,,,,,,,,,,,,,0,16,6,3,3,0.19,0,0
nescac,New England Small College Athletic Conference (NESCAC),2025-26,whockey,Williams,Noa Diop,,0,12,25,0,0,,0,0,0,0,0,0,0,0,0,3,06:00,0,0,0,0,0,0,3,0,0,0,NaN,0,16,2,14,5,,,,,,,,,,,,,,,,,,0,17,5,4,1,0.06,0,0
nescac,New England Small College Athletic Conference (NESCAC),2025-26,whockey,Williams,Jaelyn Keiver,,lw,13,23,8,0,,1,0,0,1,1,0,2,2,0,0,00:00,0,0,0,0,0,0,0,147,116,263,.559,0.79,12,5,7,12,,,,,,,,,,,,,,,,,,0,51,15,8,7,0.14,0,0
nescac,New England Small College Athletic Conference (NESCAC),2025-26,whockey,Williams,Grace Johnson,,0,14,25,4,0,,0,0,0,0,0,0,0,0,0,9,18:00,0,0,0,0,0,0,9,0,0,0,NaN,0,12,7,5,30,,,,,,,,,,,,,,,,,,0,29,2,2,0,0.00,0,0
nescac,New England Small College Athletic Conference (NESCAC),2025-26,whockey,Williams,Keira Harder,,0,15,23,0,0,,0,0,0,0,0,0,0,0,0,2,04:00,0,0,0,0,0,0,2,17,24,41,.415,1.41,4,1,3,5,,,,,,,,,,,,,,,,,,0,11,2,1,1,0.09,0,0
nescac,New England Small College Athletic Conference (NESCAC),2025-26,whockey,Williams,Celine Mayer,,0,17,25,7,0,,0,0,0,0,0,0,0,0,0,7,14:00,0,0,0,0,0,0,7,0,0,0,NaN,0,19,8,11,32,,,,,,,,,,,,,,,,,,0,35,10,10,0,0.00,0,0
nescac,New England Small College Athletic Conference (NESCAC),2025-26,whockey,Williams,Isa Healey,,0,18,25,0,0,,0,0,0,0,0,0,0,2,0,6,12:00,0,0,0,0,0,0,6,50,42,92,.543,0.84,5,0,5,3,,,,,,,,,,,,,,,,,,0,15,3,1,2,0.13,0,0
nescac,New England Small College Athletic Conference (NESCAC),2025-26,whockey,Williams,Charlotte Fetherston,,0,19,25,10,0,,0,0,0,0,0,0,1,2,0,8,16:00,0,0,0,0,0,0,8,110,126,236,.466,1.15,21,10,11,20,,,,,,,,,,,,,,,,,,0,102,18,10,8,0.08,0,0
nescac,New England Small College Athletic Conference (NESCAC),2025-26,whockey,Williams,Skyler Moore,,0,20,25,7,0,,0,0,0,0,0,0,0,0,0,2,04:00,0,0,0,0,0,0,2,40,44,84,.476,1.10,9,5,4,23,,,,,,,,,,,,,,,,,,0,21,4,3,1,0.05,0,0
nescac,New England Small College Athletic Conference (NESCAC),2025-26,whockey,Williams,Laney Mead,,d,22,25,16,0,,0,0,0,0,0,0,0,0,0,3,06:00,0,0,0,0,0,0,3,0,0,0,NaN,0,16,4,12,38,,,,,,,,,,,,,,,,,,0,38,7,5,2,0.05,0,0
nescac,New England Small College Athletic Conference (NESCAC),2025-26,whockey,Williams,Zoe Rosenberg,,0,23,25,8,0,,0,1,1,1,0,0,2,2,0,10,20:00,0,0,0,0,0,0,10,38,33,71,.535,0.87,20,7,13,5,,,,,,,,,,,,,,,,,,0,79,16,9,7,0.09,0,0
nescac,New England Small College Athletic Conference (NESCAC),2025-26,whockey,Williams,Leah Rubinshteyn,,0,24,25,8,0,,0,0,0,1,0,0,1,1,0,1,02:00,0,0,0,0,0,0,1,76,56,132,.576,0.74,13,6,7,16,,,,,,,,,,,,,,,,,,0,53,12,8,4,0.08,0,0
nescac,New England Small College Athletic Conference (NESCAC),2025-26,whockey,Williams,Eva Bentley,,0,33,4,4,0,,0,0,0,0,0,0,0,0,0,0,00:00,0,0,0,0,0,0,0,0,0,0,NaN,0,0,0,0,0,5,244:31,5,72,000000,0,1,0,1,2,0,0,.935,4,0,0,1.23,0,0,0,0,0,0.00,0,0
nescac,New England Small College Athletic Conference (NESCAC),2025-26,whockey,Williams,Axelle Beaudoin,,0,35,0,0,0,,0,0,0,0,0,0,0,0,0,0,00:00,0,0,0,0,0,0,0,0,0,0,NaN,0,0,0,0,0,1,00:00,0,0,000000,0,0,0,0,0,0,0,.000,0,0,0,0.00,0,0,0,0,0,0.00,0,0
nescac,New England Small College Athletic Conference (NESCAC),2025-26,whockey,Williams,"Kang, Katherine",,0,11,0,0,0,,0,0,0,0,0,0,0,0,0,0,00:00,0,0,0,0,0,0,0,0,0,0,NaN,0,0,0,0,0,,,,,,,,,,,,,,,,,,0,0,0,0,0,0.00,0,0
