conference_code,conference,season,sport,team,player_name,class_year,position,uniform,games_played,games_started,goal_stats_shootout_goals,goal_stats_free_positiong_goals,goal_stats_game_tying_goals,goal_stats_empty_net_goals,goal_stats_overtime_goals,goal_stats_first_goals,goal_stats_unassisted_goals,goal_stats_short_handed_goals,goal_stats_power_play_goals,goal_stats_game_winning_goals,penalty_stats_number,penalty_stats_minutes,penalty_stats_fouls,penalty_stats_green_cards,penalty_stats_yellow_cards,penalty_stats_red_cards,penalty_stats_match,penalty_stats_major,penalty_stats_minor,misc_stats_powerplay_opps,misc_stats_powerplay_goals,misc_stats_faceoffs_won,misc_stats_faceoffs_lost,misc_stats_ground_balls,misc_stats_draw_controls,misc_stats_turnovers,misc_stats_caused_turnovers,misc_stats_minutes_played,misc_stats_seconds,misc_stats_faceoffs_taken,misc_stats_penalty_killing_pct,goalie_stats_games_played,goalie_stats_minutes,goalie_stats_goals_allowed,goalie_stats_saves,goalie_stats_shutouts,goalie_stats_win,goalie_stats_loss,goalie_stats_tie,goalie_stats_powerplay_goals_allowed,goalie_stats_shorthanded_goals_allowed,goalie_stats_emptynet_goals_allowed,goalie_stats_shots_faced,goalie_stats_goals_against_avg,goalie_stats_save_pct,shot_stats_shots_on_goal,shot_stats_shots,shot_stats_free_position_shots,shot_stats_points,shot_stats_assists,shot_stats_goals,shot_stats_shots_on_goal_pct
newmac,New England Women's and Men's Athletic Conference (NEWMAC),2025-26,mlax,Babson,Andrew Almquist,,,,19,0,0,0,0,0,0,0,0,0,0,0,0,0,0,0,0,0,0,0,0,0,0,0,0,4,0,1,2,00:00,0,0,1.000,19,125:39,25,40,0,2,1,0,0,0,0,109,11.94,.615,0,0,0,0,0,0,.000
newmac,New England Women's and Men's Athletic Conference (NEWMAC),2025-26,mlax,Babson,Max Mallett,,,,11,0,0,0,0,0,0,0,0,0,0,0,0,0,0,0,0,0,0,0,0,0,0,0,0,6,0,3,0,00:00,0,0,1.000,,,,,,,,,,,,,,,3,7,0,1,0,1,.429
newmac,New England Women's and Men's Athletic Conference (NEWMAC),2025-26,mlax,Babson,Luke D'Orsi,,,,11,0,0,0,0,0,0,0,2,0,1,0,0,0,0,0,0,0,0,0,0,0,0,0,0,2,0,2,2,00:00,0,0,1.000,,,,,,,,,,,,,,,8,18,0,4,0,4,.444
newmac,New England Women's and Men's Athletic Conference (NEWMAC),2025-26,mlax,Babson,Grayson Ambrosh,,,,17,0,0,0,0,0,0,0,2,0,0,0,0,0,0,0,0,0,0,1,4,0,0,0,0,18,0,3,11,00:00,0,0,1.000,,,,,,,,,,,,,,,3,7,0,2,0,2,.429
newmac,New England Women's and Men's Athletic Conference (NEWMAC),2025-26,mlax,Babson,Tyee Ambrosh,,,,10,0,0,0,0,0,0,0,1,0,0,0,0,0,0,0,0,0,0,0,3,0,0,1,0,9,0,1,5,00:00,0,1,1.000,,,,,,,,,,,,,,,2,4,0,1,0,1,.500
newmac,New England Women's and Men's Athletic Conference (NEWMAC),2025-26,mlax,Babson,Ben Anastos,,,,4,0,0,0,0,0,0,0,0,0,0,0,0,0,0,0,0,0,0,0,0,0,0,0,0,1,0,0,1,00:00,0,0,1.000,2,08:26,0,1,0,0,0,0,0,0,0,3,.00,1.000,1,1,0,0,0,0,1.000
newmac,New England Women's and Men's Athletic Conference (NEWMAC),2025-26,mlax,Babson,Chase Wightman,,,,12,0,0,0,0,0,0,0,1,0,1,0,0,0,0,0,0,0,0,0,0,0,0,0,0,5,0,3,1,00:00,0,0,1.000,,,,,,,,,,,,,,,5,7,0,7,4,3,.714
newmac,New England Women's and Men's Athletic Conference (NEWMAC),2025-26,mlax,Babson,Jack Feeks,,,,11,0,0,0,0,0,0,0,2,0,0,0,0,0,0,0,0,0,0,0,0,0,0,0,0,0,0,2,0,00:00,0,0,1.000,,,,,,,,,,,,,,,5,11,0,5,2,3,.455
newmac,New England Women's and Men's Athletic Conference (NEWMAC),2025-26,mlax,Babson,David Santa Maria,,,,4,0,0,0,0,0,0,0,0,0,0,0,0,0,0,0,0,0,0,0,0,0,0,0,0,1,0,0,0,00:00,0,0,1.000,,,,,,,,,,,,,,,1,1,0,0,0,0,1.000
newmac,New England Women's and Men's Athletic Conference (NEWMAC),2025-26,mlax,Babson,Jake Murray,,,,2,0,0,0,0,0,0,0,0,0,0,0,0,0,0,0,0,0,0,0,0,0,0,0,0,0,0,0,0,00:00,0,0,1.000,,,,,,,,,,,,,,,0,0,0,0,0,0,.000
newmac,New England Women's and Men's Athletic Conference (NEWMAC),2025-26,mlax,Babson,Sammy Kalishman,,,,20,0,0,0,0,0,0,0,3,0,0,0,0,0,0,0,0,0,0,1,2,0,0,0,0,50,0,10,10,00:00,0,0,1.000,,,,,,,,,,,,,,,9,17,0,7,3,4,.529
newmac,New England Women's and Men's Athletic Conference (NEWMAC),2025-26,mlax,Babson,Emmett Martin,,,,12,0,0,0,0,0,0,0,3,0,0,1,0,0,0,0,0,0,0,0,0,0,0,0,0,3,0,4,0,00:00,0,0,1.000,,,,,,,,,,,,,,,5,13,0,5,0,5,.385
newmac,New England Women's and Men's Athletic Conference (NEWMAC),2025-26,mlax,Babson,Mark Brown,,,,8,0,0,0,0,0,0,0,0,0,0,0,0,0,0,0,0,0,0,0,1,0,0,0,0,5,0,2,5,00:00,0,0,1.000,,,,,,,,,,,,,,,2,2,0,0,0,0,1.000
newmac,New England Women's and Men's Athletic Conference (NEWMAC),2025-26,mlax,Babson,Chris Farinacci,,,,10,0,0,0,0,0,0,0,0,0,0,0,0,0,0,0,0,0,0,0,0,0,0,0,0,2,0,1,1,00:00,0,0,1.000,,,,,,,,,,,,,,,0,1,0,0,0,0,.000
newmac,New England Women's and Men's Athletic Conference (NEWMAC),2025-26,mlax,Babson,Andrew Berardi,,,,17,9,0,0,0,0,0,1,8,0,0,0,0,0,0,0,0,0,0,0,0,0,0,0,0,4,0,8,0,540:00,0,0,1.000,,,,,,,,,,,,,,,19,42,0,16,2,14,.452
newmac,New England Women's and Men's Athletic Conference (NEWMAC),2025-26,mlax,Babson,Jacob Tauss,,,,8,2,0,0,0,0,0,1,5,0,2,0,0,0,0,0,0,0,0,0,0,0,0,1,0,7,0,8,2,120:00,0,1,1.000,,,,,,,,,,,,,,,19,42,0,15,2,13,.452
newmac,New England Women's and Men's Athletic Conference (NEWMAC),2025-26,mlax,Babson,Jackson Simon,,,,9,5,0,0,0,0,0,0,0,0,0,0,0,0,0,0,0,0,0,0,0,0,0,0,0,1,0,2,1,300:00,0,0,1.000,,,,,,,,,,,,,,,2,3,0,1,0,1,.667
newmac,New England Women's and Men's Athletic Conference (NEWMAC),2025-26,mlax,Babson,Tre Ahn,,,,5,0,0,0,0,0,0,0,0,0,0,0,0,0,0,0,0,0,0,0,0,0,0,0,0,0,0,0,0,00:00,0,0,1.000,,,,,,,,,,,,,,,0,0,0,0,0,0,.000
newmac,New England Women's and Men's Athletic Conference (NEWMAC),2025-26,mlax,Babson,Tommy French,,,,0,0,,,,,,,,,,,,,,,,,,,,,,,,,,,,,,,,,,,,,,,,,,,,,,,,,,,,
newmac,New England Women's and Men's Athletic Conference (NEWMAC),2025-26,mlax,Babson,Bryce Smith,,,,7,0,0,0,0,0,0,0,0,0,0,0,0,0,0,0,0,0,0,0,0,0,0,0,0,3,0,0,1,00:00,0,0,1.000,,,,,,,,,,,,,,,0,0,0,0,0,0,.000
newmac,New England Women's and Men's Athletic Conference (NEWMAC),2025-26,mlax,Babson,Beck Trafton,,,,13,0,0,0,0,0,0,0,0,0,0,0,0,0,0,0,0,0,0,1,0,0,0,39,34,16,0,0,1,00:00,0,73,1.000,,,,,,,,,,,,,,,1,1,0,1,0,1,1.000
newmac,New England Women's and Men's Athletic Conference (NEWMAC),2025-26,mlax,Babson,Riley Shaw,,,,19,0,0,0,0,0,0,0,3,0,0,1,0,0,0,0,0,0,0,0,0,0,0,0,0,19,0,7,7,00:00,0,0,1.000,,,,,,,,,,,,,,,5,9,0,7,3,4,.556
newmac,New England Women's and Men's Athletic Conference (NEWMAC),2025-26,mlax,Babson,Theo Breton,,,,5,0,0,0,0,0,0,0,0,0,0,0,0,0,0,0,0,0,0,0,0,0,0,0,0,0,0,1,0,00:00,0,0,1.000,,,,,,,,,,,,,,,1,2,0,0,0,0,.500
newmac,New England Women's and Men's Athletic Conference (NEWMAC),2025-26,mlax,Babson,Matt Park,,,,9,0,0,0,0,0,0,0,2,0,1,0,0,0,0,0,0,0,0,0,0,0,0,0,0,0,0,1,0,00:00,0,0,1.000,,,,,,,,,,,,,,,3,5,0,4,1,3,.600
newmac,New England Women's and Men's Athletic Conference (NEWMAC),2025-26,mlax,Babson,Drew Scott,,,,3,0,0,0,0,0,0,0,0,0,0,0,0,0,0,0,0,0,0,0,0,0,0,0,0,0,0,0,0,00:00,0,0,1.000,,,,,,,,,,,,,,,1,1,0,0,0,0,1.000
newmac,New England Women's and Men's Athletic Conference (NEWMAC),2025-26,mlax,Babson,Sam Sisk,,,,20,14,0,0,0,0,0,2,16,0,0,1,0,0,0,0,0,0,0,1,3,0,0,0,0,22,0,24,5,840:00,0,0,1.000,,,,,,,,,,,,,,,36,55,0,37,15,22,.655
newmac,New England Women's and Men's Athletic Conference (NEWMAC),2025-26,mlax,Babson,Jake Caldwell,,,,5,0,0,0,0,0,0,0,0,0,0,0,0,0,0,0,0,0,0,0,0,0,0,0,0,2,0,1,0,00:00,0,0,1.000,,,,,,,,,,,,,,,2,3,0,0,0,0,.667
newmac,New England Women's and Men's Athletic Conference (NEWMAC),2025-26,mlax,Babson,Jesse Buchanan,,,,4,0,0,0,0,0,0,0,0,0,0,0,0,0,0,0,0,0,0,1,0,0,0,0,0,0,0,0,0,00:00,0,0,1.000,,,,,,,,,,,,,,,0,2,0,0,0,0,.000
newmac,New England Women's and Men's Athletic Conference (NEWMAC),2025-26,mlax,Babson,Anthony Stillwell,,,,19,4,0,0,0,0,0,0,12,0,0,0,0,0,0,0,0,0,0,0,0,0,0,0,0,9,0,11,0,240:00,0,0,1.000,,,,,,,,,,,,,,,38,70,0,21,2,19,.543
newmac,New England Women's and Men's Athletic Conference (NEWMAC),2025-26,mlax,Babson,Jared Lucich,,,,10,0,0,0,0,0,0,0,0,0,0,0,0,0,0,0,0,0,0,0,0,0,0,11,14,7,0,0,1,00:00,0,25,1.000,,,,,,,,,,,,,,,0,0,0,0,0,0,.000
newmac,New England Women's and Men's Athletic Conference (NEWMAC),2025-26,mlax,Babson,Camden Matthews,,,,20,14,0,0,0,0,0,1,11,0,3,1,0,0,0,0,0,0,0,1,0,0,0,0,0,25,0,13,6,840:00,0,0,1.000,,,,,,,,,,,,,,,61,84,0,47,11,36,.726
newmac,New England Women's and Men's Athletic Conference (NEWMAC),2025-26,mlax,Babson,Samir McElroy,,,,11,0,0,0,0,0,0,0,0,0,0,0,0,0,0,0,0,0,0,2,0,0,0,0,0,7,0,4,2,00:00,0,0,1.000,,,,,,,,,,,,,,,0,1,0,1,1,0,.000
newmac,New England Women's and Men's Athletic Conference (NEWMAC),2025-26,mlax,Babson,Henry Rome,,,,6,0,0,0,0,0,0,0,0,0,0,0,0,0,0,0,0,0,0,0,0,0,0,0,0,0,0,0,0,00:00,0,0,1.000,,,,,,,,,,,,,,,1,2,0,1,0,1,.500
newmac,New England Women's and Men's Athletic Conference (NEWMAC),2025-26,mlax,Babson,Seamus Rooney,,,,20,20,0,0,0,0,0,5,16,1,4,2,0,0,0,0,0,0,0,2,3,0,0,0,0,24,0,30,4,1200:00,0,0,1.000,,,,,,,,,,,,,,,75,140,0,63,28,35,.536
newmac,New England Women's and Men's Athletic Conference (NEWMAC),2025-26,mlax,Babson,Alex Fascilla,,,,20,20,0,0,0,0,0,0,0,0,0,0,0,0,0,0,0,0,0,0,0,0,0,0,0,41,0,9,5,1200:00,0,0,1.000,20,1052:55,160,207,0,14,6,0,0,0,0,643,9.12,.564,0,2,0,0,0,0,.000
newmac,New England Women's and Men's Athletic Conference (NEWMAC),2025-26,mlax,Babson,Bruno Batty,,,,19,0,0,0,0,0,0,0,0,0,0,0,0,0,0,0,0,0,0,0,0,0,0,0,0,19,0,7,9,00:00,0,0,1.000,,,,,,,,,,,,,,,1,2,0,1,0,1,.500
newmac,New England Women's and Men's Athletic Conference (NEWMAC),2025-26,mlax,Babson,Ryan Gaudion,,,,0,0,,,,,,,,,,,,,,,,,,,,,,,,,,,,,,,,,,,,,,,,,,,,,,,,,,,,
newmac,New England Women's and Men's Athletic Conference (NEWMAC),2025-26,mlax,Babson,Cooper Chapman,,,,17,0,0,0,0,0,0,0,4,0,0,1,0,0,0,0,0,0,0,0,0,0,0,0,0,10,0,5,0,00:00,0,0,1.000,,,,,,,,,,,,,,,15,26,0,15,5,10,.577
newmac,New England Women's and Men's Athletic Conference (NEWMAC),2025-26,mlax,Babson,Rowan Mondello,,,,19,0,0,0,0,0,0,0,3,0,0,1,0,0,0,0,0,0,0,1,1,0,0,0,0,4,0,8,0,00:00,0,0,1.000,,,,,,,,,,,,,,,22,40,0,13,7,6,.550
newmac,New England Women's and Men's Athletic Conference (NEWMAC),2025-26,mlax,Babson,Justin Greene,,,,20,6,0,0,0,0,0,2,10,0,0,1,0,0,0,0,0,0,0,1,0,0,0,0,1,13,0,17,5,360:00,0,1,1.000,,,,,,,,,,,,,,,49,70,0,25,6,19,.700
newmac,New England Women's and Men's Athletic Conference (NEWMAC),2025-26,mlax,Babson,Cooper Ash,,,,12,0,0,0,0,0,0,0,0,0,0,0,0,0,0,0,0,0,0,1,0,0,0,0,1,5,0,2,1,00:00,0,1,1.000,,,,,,,,,,,,,,,0,0,0,0,0,0,.000
newmac,New England Women's and Men's Athletic Conference (NEWMAC),2025-26,mlax,Babson,Will Reading,,,,20,0,0,0,0,0,0,0,6,0,0,1,0,0,0,0,0,0,0,0,1,0,0,218,181,104,0,11,3,00:00,0,399,1.000,,,,,,,,,,,,,,,9,11,0,6,0,6,.818
newmac,New England Women's and Men's Athletic Conference (NEWMAC),2025-26,mlax,Babson,Jay Ellison,,,,3,0,0,0,0,0,0,0,0,0,0,0,0,0,0,0,0,0,0,0,0,0,0,0,0,0,0,0,0,00:00,0,0,1.000,,,,,,,,,,,,,,,0,0,0,0,0,0,.000
newmac,New England Women's and Men's Athletic Conference (NEWMAC),2025-26,mlax,Babson,Chris Trebing,,,,0,0,,,,,,,,,,,,,,,,,,,,,,,,,,,,,,,,,,,,,,,,,,,,,,,,,,,,
newmac,New England Women's and Men's Athletic Conference (NEWMAC),2025-26,mlax,Babson,Sam Erjavac,,,,19,19,0,0,0,0,0,0,0,0,0,0,0,0,0,0,0,0,0,0,1,0,0,0,0,14,0,3,8,1140:00,0,0,1.000,,,,,,,,,,,,,,,0,0,0,0,0,0,.000
newmac,New England Women's and Men's Athletic Conference (NEWMAC),2025-26,mlax,Babson,Topher Bower,,,,18,17,0,0,0,0,0,0,5,0,1,0,0,0,0,0,0,0,0,0,0,0,0,0,0,12,0,24,3,1020:00,0,0,1.000,,,,,,,,,,,,,,,27,51,0,27,16,11,.529
newmac,New England Women's and Men's Athletic Conference (NEWMAC),2025-26,mlax,Babson,Colt Bordonaro,,,,12,6,0,0,0,0,0,0,0,0,0,0,0,0,0,0,0,0,0,0,0,0,0,0,0,7,0,12,2,360:00,0,0,1.000,,,,,,,,,,,,,,,9,13,0,5,3,2,.692
newmac,New England Women's and Men's Athletic Conference (NEWMAC),2025-26,mlax,Babson,Nick Crouthamel,,,,3,0,0,0,0,0,0,0,0,0,0,0,0,0,0,0,0,0,0,0,0,0,0,0,0,1,0,0,0,00:00,0,0,1.000,,,,,,,,,,,,,,,0,0,0,0,0,0,.000
newmac,New England Women's and Men's Athletic Conference (NEWMAC),2025-26,mlax,Babson,Brendan Maher,,,,20,20,0,0,0,0,0,0,0,0,0,0,0,0,0,0,0,0,0,5,2,0,0,0,0,48,0,11,24,1200:00,0,0,1.000,,,,,,,,,,,,,,,0,0,0,1,1,0,.000
newmac,New England Women's and Men's Athletic Conference (NEWMAC),2025-26,mlax,Babson,Ryan St. Onge,,,,20,4,0,0,0,0,0,0,1,1,0,1,0,0,0,0,0,0,0,3,0,0,0,0,0,21,0,8,16,240:00,0,0,1.000,,,,,,,,,,,,,,,2,2,0,3,1,2,1.000
newmac,New England Women's and Men's Athletic Conference (NEWMAC),2025-26,mlax,Babson,Arthur Peters,,,,3,0,0,0,0,0,0,0,0,0,0,0,0,0,0,0,0,0,0,0,0,0,0,0,0,0,0,0,1,00:00,0,0,1.000,2,13:00,3,0,0,0,0,0,0,0,0,7,13.85,.000,0,0,0,0,0,0,.000
newmac,New England Women's and Men's Athletic Conference (NEWMAC),2025-26,mlax,Babson,Luke Wang,,,,9,4,0,0,0,0,0,0,2,0,0,1,0,0,0,0,0,0,0,0,2,0,0,0,0,3,0,7,0,240:00,0,0,1.000,,,,,,,,,,,,,,,7,17,0,7,3,4,.412
newmac,New England Women's and Men's Athletic Conference (NEWMAC),2025-26,mlax,Babson,Terry Li,,,,5,0,0,0,0,0,0,0,0,0,0,0,0,0,0,0,0,0,0,1,0,0,0,4,8,1,0,0,0,00:00,0,12,1.000,,,,,,,,,,,,,,,0,0,0,0,0,0,.000
newmac,New England Women's and Men's Athletic Conference (NEWMAC),2025-26,mlax,Babson,Braden Reilly,,,,15,0,0,0,0,0,0,0,0,0,0,0,0,0,0,0,0,0,0,0,1,0,0,0,0,12,0,5,2,00:00,0,0,1.000,,,,,,,,,,,,,,,19,29,0,15,7,8,.655
newmac,New England Women's and Men's Athletic Conference (NEWMAC),2025-26,mlax,Babson,Ethan Swenson,,,,4,0,0,0,0,0,0,0,0,0,0,0,0,0,0,0,0,0,0,0,0,0,0,0,0,0,0,1,0,00:00,0,0,1.000,,,,,,,,,,,,,,,0,0,0,0,0,0,.000
newmac,New England Women's and Men's Athletic Conference (NEWMAC),2025-26,mlax,Babson,Gavin Bailey,,,,19,0,0,0,0,0,0,0,0,0,0,0,0,0,0,0,0,0,0,2,1,0,0,1,6,32,0,8,15,00:00,0,7,1.000,,,,,,,,,,,,,,,4,6,0,1,0,1,.667
newmac,New England Women's and Men's Athletic Conference (NEWMAC),2025-26,mlax,Babson,Bennett Smith,,,,20,19,0,0,0,0,0,0,5,1,5,1,0,0,0,0,0,0,0,1,2,0,0,1,0,30,0,28,8,1140:00,0,1,1.000,,,,,,,,,,,,,,,32,75,0,34,15,19,.427
newmac,New England Women's and Men's Athletic Conference (NEWMAC),2025-26,mlax,Babson,Tripp Clark,,,,17,17,0,0,0,0,0,0,2,0,0,0,0,0,0,0,0,0,0,7,1,0,0,0,0,69,0,17,32,1020:00,0,0,1.000,,,,,,,,,,,,,,,6,11,0,6,2,4,.545
newmac,New England Women's and Men's Athletic Conference (NEWMAC),2025-26,mlax,Clark,Alex D'Entrone,,,,14,0,0,0,0,0,0,0,3,0,1,0,0,0,0,0,0,0,0,0,0,0,0,0,0,2,0,13,2,00:00,0,0,1.000,,,,,,,,,,,,,,,16,35,0,10,4,6,.457
newmac,New England Women's and Men's Athletic Conference (NEWMAC),2025-26,mlax,Clark,Kyle Palmieri,,,,5,0,0,0,0,0,0,0,0,0,0,0,0,0,0,0,0,0,0,0,0,0,0,0,0,3,0,3,0,00:00,0,0,1.000,,,,,,,,,,,,,,,0,1,0,0,0,0,.000
newmac,New England Women's and Men's Athletic Conference (NEWMAC),2025-26,mlax,Clark,Patrick O'Rourke,,,,16,10,0,0,0,0,0,0,0,0,0,0,0,0,0,0,0,0,0,1,0,0,0,112,59,64,0,6,0,600:00,0,171,1.000,,,,,,,,,,,,,,,2,3,0,0,0,0,.667
newmac,New England Women's and Men's Athletic Conference (NEWMAC),2025-26,mlax,Clark,Jason Tautel,,,,15,14,0,0,0,0,0,0,0,0,0,0,0,0,0,0,0,0,0,2,0,0,0,0,0,40,0,5,38,840:00,0,0,1.000,,,,,,,,,,,,,,,0,0,0,0,0,0,.000
newmac,New England Women's and Men's Athletic Conference (NEWMAC),2025-26,mlax,Clark,Griffin Robbins,,,,5,0,0,0,0,0,0,0,0,0,0,0,0,0,0,0,0,0,0,0,0,0,0,0,0,1,0,1,0,00:00,0,0,1.000,,,,,,,,,,,,,,,1,1,0,1,0,1,1.000
newmac,New England Women's and Men's Athletic Conference (NEWMAC),2025-26,mlax,Clark,Matthew Minkwitz,,,,15,15,0,0,0,0,0,2,20,0,4,2,0,0,0,0,0,0,0,0,0,0,0,0,0,32,0,32,4,900:00,0,0,1.000,,,,,,,,,,,,,,,95,152,0,77,28,49,.625
newmac,New England Women's and Men's Athletic Conference (NEWMAC),2025-26,mlax,Clark,Huy Doan,,,,15,6,0,0,0,0,0,0,0,0,0,0,0,0,0,0,0,0,0,0,0,0,0,91,47,50,0,7,0,360:00,0,138,1.000,,,,,,,,,,,,,,,0,1,0,0,0,0,.000
newmac,New England Women's and Men's Athletic Conference (NEWMAC),2025-26,mlax,Clark,Matt Wells,,,,15,12,0,0,0,0,0,1,1,0,3,2,0,0,0,0,0,0,0,0,0,0,0,0,0,15,0,9,2,720:00,0,0,1.000,,,,,,,,,,,,,,,51,91,0,36,13,23,.560
newmac,New England Women's and Men's Athletic Conference (NEWMAC),2025-26,mlax,Clark,Zach Sinclair,,,,10,0,0,0,0,0,0,0,0,0,0,0,0,0,0,0,0,0,0,0,0,0,0,0,0,3,0,5,0,00:00,0,0,1.000,,,,,,,,,,,,,,,0,1,0,1,1,0,.000
newmac,New England Women's and Men's Athletic Conference (NEWMAC),2025-26,mlax,Clark,Brett Newman,,,,16,16,0,0,0,0,0,0,0,0,1,0,0,0,0,0,0,0,0,0,0,0,0,0,0,42,0,11,14,960:00,0,0,1.000,,,,,,,,,,,,,,,7,14,0,7,2,5,.500
newmac,New England Women's and Men's Athletic Conference (NEWMAC),2025-26,mlax,Clark,Brayden Grainger,,,,11,0,0,0,0,0,0,0,0,0,0,0,0,0,0,0,0,0,0,0,0,0,0,0,0,5,0,10,3,00:00,0,0,1.000,,,,,,,,,,,,,,,9,20,0,5,4,1,.450
newmac,New England Women's and Men's Athletic Conference (NEWMAC),2025-26,mlax,Clark,Thomas Sheehan,,,,14,8,0,0,0,0,0,0,1,0,0,0,0,0,0,0,0,0,0,1,0,0,0,0,0,25,0,10,12,480:00,0,0,1.000,,,,,,,,,,,,,,,1,1,0,2,1,1,1.000
newmac,New England Women's and Men's Athletic Conference (NEWMAC),2025-26,mlax,Clark,Ryan Kerr,,,,11,0,0,0,0,0,0,0,0,0,2,0,0,0,0,0,0,0,0,0,0,0,0,0,0,4,0,9,1,00:00,0,0,1.000,,,,,,,,,,,,,,,10,29,0,7,2,5,.345
newmac,New England Women's and Men's Athletic Conference (NEWMAC),2025-26,mlax,Clark,John Golioto,,,,9,0,0,0,0,0,0,0,0,0,0,0,0,0,0,0,0,0,0,0,1,0,0,0,1,13,0,6,1,00:00,0,1,1.000,,,,,,,,,,,,,,,3,4,0,1,0,1,.750
newmac,New England Women's and Men's Athletic Conference (NEWMAC),2025-26,mlax,Clark,Joseph Zelaya-Fiallos,,,,4,1,0,0,0,0,0,0,0,0,0,0,0,0,0,0,0,0,0,0,0,0,0,0,0,3,0,4,2,60:00,0,0,1.000,,,,,,,,,,,,,,,0,0,0,0,0,0,.000
newmac,New England Women's and Men's Athletic Conference (NEWMAC),2025-26,mlax,Clark,Eric Aswad,,,,16,6,0,0,0,0,0,1,3,0,2,0,0,0,0,0,0,0,0,0,1,0,0,0,0,12,0,21,1,360:00,0,0,1.000,,,,,,,,,,,,,,,28,41,0,15,4,11,.683
newmac,New England Women's and Men's Athletic Conference (NEWMAC),2025-26,mlax,Clark,Spencer Arzanipour,,,,15,0,0,0,0,0,0,0,3,0,0,0,0,0,0,0,0,0,0,0,0,0,0,66,53,41,0,7,2,00:00,0,119,1.000,,,,,,,,,,,,,,,5,8,0,6,3,3,.625
newmac,New England Women's and Men's Athletic Conference (NEWMAC),2025-26,mlax,Clark,Tate Gorman,,,,12,0,0,0,0,0,0,0,0,0,0,0,0,0,0,0,0,0,0,0,0,0,0,0,0,3,0,7,1,00:00,0,0,1.000,,,,,,,,,,,,,,,5,6,0,8,6,2,.833
newmac,New England Women's and Men's Athletic Conference (NEWMAC),2025-26,mlax,Clark,Attilio Lavecchia,,,,6,0,0,0,0,0,0,1,3,0,2,0,0,0,0,0,0,0,0,0,0,0,0,0,0,5,0,7,0,00:00,0,0,1.000,,,,,,,,,,,,,,,20,35,0,15,5,10,.571
newmac,New England Women's and Men's Athletic Conference (NEWMAC),2025-26,mlax,Clark,Brennan Hare,,,,6,0,0,0,0,0,0,0,0,0,0,0,0,0,0,0,0,0,0,0,0,0,0,0,0,0,0,2,0,00:00,0,0,1.000,5,52:55,10,12,0,0,0,0,0,0,0,29,11.34,.545,0,0,0,0,0,0,.000
newmac,New England Women's and Men's Athletic Conference (NEWMAC),2025-26,mlax,Clark,Colin Howard,,,,14,9,0,0,0,0,0,1,3,0,2,0,0,0,0,0,0,0,0,0,1,0,0,0,0,12,0,16,2,540:00,0,0,1.000,,,,,,,,,,,,,,,35,53,0,21,7,14,.660
newmac,New England Women's and Men's Athletic Conference (NEWMAC),2025-26,mlax,Clark,Luke Nufer,,,,7,1,0,0,0,0,0,0,0,0,0,0,0,0,0,0,0,0,0,0,0,0,0,0,0,1,0,5,1,60:00,0,0,1.000,,,,,,,,,,,,,,,3,6,0,0,0,0,.500
newmac,New England Women's and Men's Athletic Conference (NEWMAC),2025-26,mlax,Clark,Maxwell Biondi,,,,4,0,0,0,0,0,0,0,0,0,0,0,0,0,0,0,0,0,0,1,0,0,0,0,0,1,0,2,1,00:00,0,0,1.000,,,,,,,,,,,,,,,2,3,0,2,1,1,.667
newmac,New England Women's and Men's Athletic Conference (NEWMAC),2025-26,mlax,Clark,Henry Fitzpatrick,,,,0,0,,,,,,,,,,,,,,,,,,,,,,,,,,,,,,,,,,,,,,,,,,,,,,,,,,,,
newmac,New England Women's and Men's Athletic Conference (NEWMAC),2025-26,mlax,Clark,Lucas Cuda,,,,15,5,0,0,0,0,0,0,1,0,0,0,0,0,0,0,0,0,0,1,5,0,0,0,0,32,0,16,26,300:00,0,0,1.000,,,,,,,,,,,,,,,5,12,0,4,3,1,.417
newmac,New England Women's and Men's Athletic Conference (NEWMAC),2025-26,mlax,Clark,Charlie Spottiswoode,,,,3,0,0,0,0,0,0,0,0,0,0,0,0,0,0,0,0,0,0,0,0,0,0,0,0,0,0,0,0,00:00,0,0,1.000,,,,,,,,,,,,,,,0,1,0,0,0,0,.000
newmac,New England Women's and Men's Athletic Conference (NEWMAC),2025-26,mlax,Clark,Sean Braunwart,,,,12,4,0,0,0,0,0,0,0,0,0,0,0,0,0,0,0,0,0,0,0,0,0,0,0,10,0,3,4,240:00,0,0,1.000,,,,,,,,,,,,,,,0,0,0,0,0,0,.000
newmac,New England Women's and Men's Athletic Conference (NEWMAC),2025-26,mlax,Clark,Gabe Mahon,,,,6,0,0,0,0,0,0,0,0,0,0,0,0,0,0,0,0,0,0,0,0,0,0,0,0,1,0,5,1,00:00,0,0,1.000,,,,,,,,,,,,,,,0,0,0,0,0,0,.000
newmac,New England Women's and Men's Athletic Conference (NEWMAC),2025-26,mlax,Clark,Jack Insalaco,,,,16,6,0,0,0,0,0,0,0,0,0,0,0,0,0,0,0,0,0,1,1,0,0,0,1,21,0,4,10,360:00,0,1,1.000,,,,,,,,,,,,,,,0,0,0,0,0,0,.000
newmac,New England Women's and Men's Athletic Conference (NEWMAC),2025-26,mlax,Clark,Aidan Peterson,,,,6,0,0,0,0,0,0,0,0,0,0,0,0,0,0,0,0,0,0,1,0,0,0,0,0,6,0,3,3,00:00,0,0,1.000,,,,,,,,,,,,,,,2,2,0,0,0,0,1.000
newmac,New England Women's and Men's Athletic Conference (NEWMAC),2025-26,mlax,Clark,Casey McCullough,,,,15,15,0,0,0,0,0,0,0,0,0,0,0,0,0,0,0,0,0,0,0,0,0,0,0,26,0,15,4,900:00,0,0,1.000,15,856:43,162,160,0,8,7,0,0,0,0,555,11.35,.497,1,3,0,0,0,0,.333
newmac,New England Women's and Men's Athletic Conference (NEWMAC),2025-26,mlax,Clark,Owen McNally,,,,3,0,0,0,0,0,0,0,0,0,0,0,0,0,0,0,0,0,0,0,0,0,0,0,0,1,0,0,0,00:00,0,0,1.000,,,,,,,,,,,,,,,0,0,0,0,0,0,.000
newmac,New England Women's and Men's Athletic Conference (NEWMAC),2025-26,mlax,Clark,John Nolan,,,,11,0,0,0,0,0,0,0,2,0,0,0,0,0,0,0,0,0,0,0,1,0,0,0,0,0,0,10,0,00:00,0,0,1.000,,,,,,,,,,,,,,,6,14,0,4,1,3,.429
newmac,New England Women's and Men's Athletic Conference (NEWMAC),2025-26,mlax,Clark,Jacob Kaufman,,,,3,0,0,0,0,0,0,0,0,0,0,0,0,0,0,0,0,0,0,0,0,0,0,0,0,0,0,0,0,00:00,0,0,1.000,,,,,,,,,,,,,,,0,0,0,0,0,0,.000
newmac,New England Women's and Men's Athletic Conference (NEWMAC),2025-26,mlax,Clark,Thomas Michaud,,,,12,0,0,0,0,0,0,1,7,0,2,2,0,0,0,0,0,0,0,0,1,0,0,0,0,8,0,15,3,00:00,0,0,1.000,,,,,,,,,,,,,,,29,50,0,19,6,13,.580
newmac,New England Women's and Men's Athletic Conference (NEWMAC),2025-26,mlax,Clark,Harrison Leduc,,,,11,0,0,0,0,0,0,0,0,0,0,0,0,0,0,0,0,0,0,1,0,0,0,0,0,18,0,7,4,00:00,0,0,1.000,,,,,,,,,,,,,,,1,1,0,0,0,0,1.000
newmac,New England Women's and Men's Athletic Conference (NEWMAC),2025-26,mlax,Clark,Patrick Liddy,,,,15,1,0,0,0,0,0,0,9,0,2,1,0,0,0,0,0,0,0,0,2,0,0,0,0,15,0,16,4,60:00,0,0,1.000,,,,,,,,,,,,,,,30,64,0,28,14,14,.469
newmac,New England Women's and Men's Athletic Conference (NEWMAC),2025-26,mlax,Clark,Josh Reno,,,,4,0,0,0,0,0,0,0,0,0,0,0,0,0,0,0,0,0,0,0,0,0,0,0,0,0,0,1,0,00:00,0,0,1.000,3,39:13,4,9,0,0,0,0,0,0,0,20,6.12,.692,0,0,0,0,0,0,.000
newmac,New England Women's and Men's Athletic Conference (NEWMAC),2025-26,mlax,Clark,Mason Kaufmann,,,,15,10,0,0,0,0,0,0,2,0,0,0,0,0,0,0,0,0,2,3,2,0,0,0,0,23,0,9,10,600:00,0,0,1.000,,,,,,,,,,,,,,,7,10,0,5,3,2,.700
newmac,New England Women's and Men's Athletic Conference (NEWMAC),2025-26,mlax,Clark,Jacob Wharton,,,,15,14,0,0,0,0,0,0,0,0,0,0,0,0,0,0,0,0,0,3,2,0,0,0,0,52,0,12,33,840:00,0,0,1.000,,,,,,,,,,,,,,,0,2,0,1,1,0,.000
newmac,New England Women's and Men's Athletic Conference (NEWMAC),2025-26,mlax,Clark,Aaron Mickiewicz,,,,1,0,0,0,0,0,0,0,0,0,0,0,0,0,0,0,0,0,0,0,0,0,0,0,0,0,0,0,0,00:00,0,0,1.000,,,,,,,,,,,,,,,0,0,0,0,0,0,.000
newmac,New England Women's and Men's Athletic Conference (NEWMAC),2025-26,mlax,Clark,M. Berman Annunziata,,,,11,3,0,0,0,0,0,0,2,0,1,1,0,0,0,0,0,0,0,0,1,0,0,0,0,4,0,10,0,180:00,0,0,1.000,,,,,,,,,,,,,,,12,17,0,15,5,10,.706
newmac,New England Women's and Men's Athletic Conference (NEWMAC),2025-26,mlax,Clark,Riley Joyce,,,,9,0,0,0,0,0,0,0,1,0,0,0,0,0,0,0,0,0,0,0,0,0,0,0,0,6,0,2,5,00:00,0,0,1.000,,,,,,,,,,,,,,,2,5,0,2,1,1,.400
newmac,New England Women's and Men's Athletic Conference (NEWMAC),2025-26,mlax,Clark,Jason Shackley,,,,16,0,0,0,0,0,0,0,2,0,0,1,0,0,0,0,0,0,0,1,0,0,0,0,0,16,0,6,2,00:00,0,0,1.000,,,,,,,,,,,,,,,7,7,0,6,2,4,1.000
newmac,New England Women's and Men's Athletic Conference (NEWMAC),2025-26,mlax,Clark,Michael Berman Annunziata,,,,1,1,0,0,0,0,0,0,2,0,0,0,0,0,0,0,0,0,0,0,0,0,0,0,0,0,0,4,0,60,0,0,1.000,,,,,,,,,,,,,,,6,8,0,5,2,3,.750
newmac,New England Women's and Men's Athletic Conference (NEWMAC),2025-26,mlax,Clark,Lucas Wojnas,,,,1,1,0,0,0,0,0,0,0,0,0,0,0,0,0,0,0,0,0,0,0,0,0,0,0,0,0,0,0,60,0,0,1.000,,,,,,,,,,,,,,,0,0,0,0,0,0,.000
newmac,New England Women's and Men's Athletic Conference (NEWMAC),2025-26,mlax,Clark,Declan Ginty,,,,0,0,,,,,,,,,,,,,,,,,,,,,,,,,,,,,,,,,,,,,,,,,,,,,,,,,,,,
newmac,New England Women's and Men's Athletic Conference (NEWMAC),2025-26,mlax,Clark,Brendan Walter,,,,0,0,,,,,,,,,,,,,,,,,,,,,,,,,,,,,,,,,,,,,,,,,,,,,,,,,,,,
newmac,New England Women's and Men's Athletic Conference (NEWMAC),2025-26,mlax,Clark,Luca Palleschi,,,,1,1,0,0,0,0,0,0,0,0,0,0,0,0,0,0,0,0,0,0,0,0,0,0,0,1,0,1,0,60,0,0,1.000,1,30:00,12,4,0,0,1,0,0,0,0,29,24.00,.250,0,0,0,0,0,0,.000
newmac,New England Women's and Men's Athletic Conference (NEWMAC),2025-26,mlax,Clark,Jordin Pepin,,,,1,0,0,0,0,0,0,0,0,0,0,0,0,0,0,0,0,0,0,0,0,0,0,0,0,0,0,0,0,0,0,0,1.000,,,,,,,,,,,,,,,0,1,0,0,0,0,.000
newmac,New England Women's and Men's Athletic Conference (NEWMAC),2025-26,mlax,Clark,Ryan Wallace,,,,1,0,0,0,0,0,0,0,0,0,0,0,0,0,0,0,0,0,0,1,0,0,0,0,0,3,0,1,0,0,0,0,1.000,,,,,,,,,,,,,,,0,0,0,0,0,0,.000
newmac,New England Women's and Men's Athletic Conference (NEWMAC),2025-26,mlax,Clark,John Delaney,,,,0,0,,,,,,,,,,,,,,,,,,,,,,,,,,,,,,,,,,,,,,,,,,,,,,,,,,,,
newmac,New England Women's and Men's Athletic Conference (NEWMAC),2025-26,mlax,Clark,Ethan Swift,,,,0,0,,,,,,,,,,,,,,,,,,,,,,,,,,,,,,,,,,,,,,,,,,,,,,,,,,,,
newmac,New England Women's and Men's Athletic Conference (NEWMAC),2025-26,mlax,Clark,Nicholas Gutierrez,,,,0,0,,,,,,,,,,,,,,,,,,,,,,,,,,,,,,,,,,,,,,,,,,,,,,,,,,,,
newmac,New England Women's and Men's Athletic Conference (NEWMAC),2025-26,mlax,Clark,Terrence Flewelling-Allen,,,,0,0,,,,,,,,,,,,,,,,,,,,,,,,,,,,,,,,,,,,,,,,,,,,,,,,,,,,
newmac,New England Women's and Men's Athletic Conference (NEWMAC),2025-26,mlax,Clark,Brett Lusby,,,,1,0,0,0,0,0,0,0,0,0,0,0,0,0,0,0,0,0,0,0,0,0,0,0,0,3,0,0,4,0,0,0,1.000,,,,,,,,,,,,,,,0,0,0,0,0,0,.000
newmac,New England Women's and Men's Athletic Conference (NEWMAC),2025-26,mlax,Coast Guard,Harrison Holland,,,,4,0,0,0,0,0,0,0,0,0,0,0,0,0,0,0,0,0,0,0,0,0,0,0,0,0,0,0,0,00:00,0,0,1.000,,,,,,,,,,,,,,,0,0,0,0,0,0,.000
newmac,New England Women's and Men's Athletic Conference (NEWMAC),2025-26,mlax,Coast Guard,Patrick Smith,,,,14,0,0,0,0,0,0,0,8,1,0,0,0,0,0,0,0,0,0,1,1,0,0,0,0,9,0,15,1,00:00,0,0,1.000,,,,,,,,,,,,,,,19,66,0,20,8,12,.288
newmac,New England Women's and Men's Athletic Conference (NEWMAC),2025-26,mlax,Coast Guard,Bane Klinefelter,,,,6,0,0,0,0,0,0,0,0,0,0,0,0,0,0,0,0,0,0,0,0,0,0,10,6,3,0,0,0,00:00,0,16,1.000,,,,,,,,,,,,,,,0,0,0,0,0,0,.000
newmac,New England Women's and Men's Athletic Conference (NEWMAC),2025-26,mlax,Coast Guard,Dustin Miller,,,,11,10,0,0,0,0,0,0,0,0,0,0,0,0,0,0,0,0,0,0,0,0,0,0,0,4,0,6,1,600:00,32,0,1.000,11,480:38,78,82,0,6,4,0,2,0,0,276,9.74,.513,0,0,0,0,0,0,.000
newmac,New England Women's and Men's Athletic Conference (NEWMAC),2025-26,mlax,Coast Guard,Noah Heller,,,,8,0,0,0,0,0,0,0,1,0,0,0,0,0,0,0,0,0,0,0,0,0,0,1,0,1,0,3,2,00:00,0,1,1.000,,,,,,,,,,,,,,,3,5,0,3,0,3,.600
newmac,New England Women's and Men's Athletic Conference (NEWMAC),2025-26,mlax,Coast Guard,Tobias Perkins,,,,5,0,0,0,0,0,0,0,0,0,0,0,0,0,0,0,0,0,0,0,0,0,0,0,0,4,0,2,0,00:00,0,0,1.000,,,,,,,,,,,,,,,2,3,0,0,0,0,.667
newmac,New England Women's and Men's Athletic Conference (NEWMAC),2025-26,mlax,Coast Guard,Ben Nocerito,,,,15,14,0,0,0,0,0,0,0,0,0,0,0,0,0,0,0,0,0,1,0,0,0,0,0,17,0,5,10,840:00,32,0,1.000,,,,,,,,,,,,,,,4,6,0,1,0,1,.667
newmac,New England Women's and Men's Athletic Conference (NEWMAC),2025-26,mlax,Coast Guard,Abraham Al-Khalili,,,,14,0,0,0,0,0,0,0,0,0,0,0,0,0,0,0,0,0,0,0,0,0,0,26,16,9,0,1,0,00:00,0,42,1.000,,,,,,,,,,,,,,,1,1,0,1,1,0,1.000
newmac,New England Women's and Men's Athletic Conference (NEWMAC),2025-26,mlax,Coast Guard,Reggie Bartels,,,,6,0,0,0,0,0,0,0,0,0,0,0,0,0,0,0,0,0,0,0,0,0,0,0,0,1,0,0,0,00:00,0,0,1.000,,,,,,,,,,,,,,,0,1,0,0,0,0,.000
newmac,New England Women's and Men's Athletic Conference (NEWMAC),2025-26,mlax,Coast Guard,Nate Johnson,,,,3,0,0,0,0,0,0,0,0,0,0,0,0,0,0,0,0,0,0,0,0,0,0,0,0,1,0,0,1,00:00,0,0,1.000,2,05:42,0,0,0,0,0,0,0,0,0,3,.00,.000,0,0,0,0,0,0,.000
newmac,New England Women's and Men's Athletic Conference (NEWMAC),2025-26,mlax,Coast Guard,Max Silver,,,,15,0,0,0,0,0,0,0,6,0,5,2,0,0,0,0,0,0,0,0,0,0,0,0,0,4,0,8,2,00:00,0,0,1.000,,,,,,,,,,,,,,,35,60,0,21,6,15,.583
newmac,New England Women's and Men's Athletic Conference (NEWMAC),2025-26,mlax,Coast Guard,Nick Butler,,,,15,12,0,0,0,0,0,0,0,0,0,0,0,0,0,0,0,0,0,2,3,0,0,0,0,21,0,15,6,720:00,32,0,1.000,,,,,,,,,,,,,,,2,4,0,3,2,1,.500
newmac,New England Women's and Men's Athletic Conference (NEWMAC),2025-26,mlax,Coast Guard,Ryan Hunter,,,,15,7,0,0,0,0,0,1,10,0,0,1,0,0,0,0,0,0,0,2,3,0,0,0,0,14,0,26,6,420:00,0,0,1.000,,,,,,,,,,,,,,,56,102,0,48,22,26,.549
newmac,New England Women's and Men's Athletic Conference (NEWMAC),2025-26,mlax,Coast Guard,Mason Tucker,,,,15,13,0,0,0,0,0,0,0,0,0,0,0,0,0,0,0,0,0,2,1,0,0,194,106,117,0,11,0,780:00,32,300,1.000,,,,,,,,,,,,,,,3,4,0,1,1,0,.750
newmac,New England Women's and Men's Athletic Conference (NEWMAC),2025-26,mlax,Coast Guard,Mason LaForte,,,,15,15,0,0,0,0,0,1,1,0,3,0,0,0,0,0,0,0,0,1,1,0,0,1,0,12,0,17,3,900:00,32,1,1.000,,,,,,,,,,,,,,,17,30,0,16,6,10,.567
newmac,New England Women's and Men's Athletic Conference (NEWMAC),2025-26,mlax,Coast Guard,Luke Nemsick,,,,1,0,0,0,0,0,0,0,0,0,0,0,0,0,0,0,0,0,0,0,0,0,0,0,0,0,0,0,0,00:00,0,0,1.000,,,,,,,,,,,,,,,0,0,0,0,0,0,.000
newmac,New England Women's and Men's Athletic Conference (NEWMAC),2025-26,mlax,Coast Guard,Eric Key,,,,15,15,0,0,0,0,0,1,9,0,5,2,0,0,0,0,0,0,0,1,0,0,0,1,0,22,0,25,9,900:00,32,1,1.000,,,,,,,,,,,,,,,72,127,0,59,20,39,.567
newmac,New England Women's and Men's Athletic Conference (NEWMAC),2025-26,mlax,Coast Guard,Luke Lambert,,,,6,0,0,0,0,0,0,0,0,0,0,0,0,0,0,0,0,0,0,0,0,0,0,0,0,1,0,0,0,00:00,0,0,1.000,,,,,,,,,,,,,,,1,1,0,1,0,1,1.000
newmac,New England Women's and Men's Athletic Conference (NEWMAC),2025-26,mlax,Coast Guard,Brett Tobasky,,,,9,5,0,0,0,0,0,0,0,0,0,0,0,0,0,0,0,0,0,0,0,0,0,0,0,15,0,13,1,300:00,0,0,1.000,9,385:27,66,91,0,4,2,0,0,0,0,257,10.27,.580,0,0,0,0,0,0,.000
newmac,New England Women's and Men's Athletic Conference (NEWMAC),2025-26,mlax,Coast Guard,Thomas Butler,,,,7,0,0,0,0,0,0,0,0,0,0,0,0,0,0,0,0,0,0,0,0,0,0,0,0,2,0,1,3,00:00,0,0,1.000,,,,,,,,,,,,,,,0,1,0,0,0,0,.000
newmac,New England Women's and Men's Athletic Conference (NEWMAC),2025-26,mlax,Coast Guard,Ezekiel Christian,,,,15,15,0,0,0,0,0,4,9,0,5,1,0,0,0,0,0,0,0,1,0,0,0,0,0,18,0,28,4,900:00,32,0,1.000,,,,,,,,,,,,,,,60,103,0,57,22,35,.583
newmac,New England Women's and Men's Athletic Conference (NEWMAC),2025-26,mlax,Coast Guard,Oliver Bolton,,,,15,15,0,0,0,0,0,0,0,0,0,0,0,0,0,0,0,0,1,2,1,0,0,0,0,44,0,5,22,900:00,32,0,1.000,,,,,,,,,,,,,,,5,9,0,2,2,0,.556
newmac,New England Women's and Men's Athletic Conference (NEWMAC),2025-26,mlax,Coast Guard,Nolan Grizzle,,,,15,0,0,0,0,0,0,1,7,0,0,1,0,0,0,0,0,0,0,0,0,0,0,1,0,6,0,14,1,00:00,0,1,1.000,,,,,,,,,,,,,,,22,40,0,15,5,10,.550
newmac,New England Women's and Men's Athletic Conference (NEWMAC),2025-26,mlax,Coast Guard,Smith Musselman,,,,5,0,0,0,0,0,0,0,0,0,0,0,0,0,0,0,0,0,0,0,0,0,0,0,0,0,0,0,0,00:00,0,0,1.000,,,,,,,,,,,,,,,0,0,0,0,0,0,.000
newmac,New England Women's and Men's Athletic Conference (NEWMAC),2025-26,mlax,Coast Guard,Dustin Shattan,,,,13,0,0,0,0,0,0,0,0,0,0,0,0,0,0,0,0,0,0,0,0,0,0,0,0,8,0,3,3,00:00,0,0,1.000,,,,,,,,,,,,,,,0,1,0,0,0,0,.000
newmac,New England Women's and Men's Athletic Conference (NEWMAC),2025-26,mlax,Coast Guard,Evan Granahan,,,,14,0,0,0,0,0,0,0,0,0,0,0,0,0,0,0,0,0,1,4,0,0,0,1,0,4,0,5,7,00:00,0,1,1.000,,,,,,,,,,,,,,,1,3,0,0,0,0,.333
newmac,New England Women's and Men's Athletic Conference (NEWMAC),2025-26,mlax,Coast Guard,Jack Elgas,,,,5,0,0,0,0,0,0,0,0,0,0,0,0,0,0,0,0,0,0,0,0,0,0,0,0,1,0,1,0,00:00,0,0,1.000,,,,,,,,,,,,,,,3,6,0,1,0,1,.500
newmac,New England Women's and Men's Athletic Conference (NEWMAC),2025-26,mlax,Coast Guard,Samuel Fritz,,,,5,0,0,0,0,0,0,0,0,0,0,0,0,0,0,0,0,0,0,0,0,0,0,0,0,2,0,0,0,00:00,0,0,1.000,,,,,,,,,,,,,,,0,1,0,0,0,0,.000
newmac,New England Women's and Men's Athletic Conference (NEWMAC),2025-26,mlax,Coast Guard,Van Buhrman,,,,14,0,0,0,0,0,0,0,1,0,0,0,0,0,0,0,0,0,0,0,1,0,0,0,0,9,0,0,3,00:00,0,0,1.000,,,,,,,,,,,,,,,2,2,0,4,3,1,1.000
newmac,New England Women's and Men's Athletic Conference (NEWMAC),2025-26,mlax,Coast Guard,Elijah Hinson,,,,2,0,0,0,0,0,0,0,0,0,0,0,0,0,0,0,0,0,0,0,0,0,0,0,0,1,0,0,0,00:00,0,0,1.000,2,27:24,6,4,0,0,0,0,0,0,0,12,13.14,.400,0,0,0,0,0,0,.000
newmac,New England Women's and Men's Athletic Conference (NEWMAC),2025-26,mlax,Coast Guard,Jake Chambers,,,,14,0,0,0,0,0,0,0,3,0,0,0,0,0,0,0,0,0,0,2,0,0,0,0,0,12,0,1,3,00:00,0,0,1.000,,,,,,,,,,,,,,,7,11,0,6,2,4,.636
newmac,New England Women's and Men's Athletic Conference (NEWMAC),2025-26,mlax,Coast Guard,Andrew McDowell,,,,2,0,0,0,0,0,0,0,0,0,0,0,0,0,0,0,0,0,0,0,0,0,0,0,0,0,0,0,0,00:00,0,0,1.000,1,00:49,0,1,0,0,0,0,0,0,0,1,.00,1.000,0,0,0,0,0,0,.000
newmac,New England Women's and Men's Athletic Conference (NEWMAC),2025-26,mlax,Coast Guard,Frederick Wheaton,,,,15,15,0,0,0,0,0,0,0,0,0,0,0,0,0,0,0,0,0,3,1,0,0,0,0,11,0,3,4,900:00,32,0,1.000,,,,,,,,,,,,,,,0,1,0,0,0,0,.000
newmac,New England Women's and Men's Athletic Conference (NEWMAC),2025-26,mlax,Coast Guard,Jamison Wildt,,,,15,14,0,0,0,0,0,0,1,0,0,0,0,0,0,0,0,0,0,5,2,0,0,0,0,24,0,8,14,840:00,32,0,1.000,,,,,,,,,,,,,,,4,10,0,3,1,2,.400
newmac,New England Women's and Men's Athletic Conference (NEWMAC),2025-26,mlax,Coast Guard,Liam Drewniak,,,,3,0,0,0,0,0,0,0,0,0,0,0,0,0,0,0,0,0,0,0,0,0,0,2,1,1,0,0,0,00:00,0,3,1.000,,,,,,,,,,,,,,,0,0,0,0,0,0,.000
newmac,New England Women's and Men's Athletic Conference (NEWMAC),2025-26,mlax,Coast Guard,Owen Pray,,,,3,0,0,0,0,0,0,0,0,0,0,0,0,0,0,0,0,0,0,0,0,0,0,0,0,0,0,0,0,00:00,0,0,1.000,,,,,,,,,,,,,,,0,0,0,0,0,0,.000
newmac,New England Women's and Men's Athletic Conference (NEWMAC),2025-26,mlax,Coast Guard,Carson Throne,,,,4,0,0,0,0,0,0,0,0,0,0,0,0,0,0,0,0,0,0,0,0,0,0,4,5,1,0,0,0,00:00,0,9,1.000,,,,,,,,,,,,,,,0,0,0,0,0,0,.000
newmac,New England Women's and Men's Athletic Conference (NEWMAC),2025-26,mlax,Coast Guard,Brayden Feeney,,,,3,0,0,0,0,0,0,0,0,0,0,0,0,0,0,0,0,0,0,0,0,0,0,1,0,1,0,0,1,00:00,0,1,1.000,,,,,,,,,,,,,,,0,0,0,0,0,0,.000
newmac,New England Women's and Men's Athletic Conference (NEWMAC),2025-26,mlax,Coast Guard,Davis Lee,,,,3,0,0,0,0,0,0,0,1,0,0,0,0,0,0,0,0,0,0,0,0,0,0,0,0,0,0,3,0,00:00,0,0,1.000,,,,,,,,,,,,,,,2,2,0,2,0,2,1.000
newmac,New England Women's and Men's Athletic Conference (NEWMAC),2025-26,mlax,Coast Guard,Ben Lewis,,,,15,0,0,0,0,0,0,0,1,0,0,0,0,0,0,0,0,0,0,2,2,0,0,0,0,19,0,3,5,00:00,0,0,1.000,,,,,,,,,,,,,,,5,8,0,5,2,3,.625
newmac,New England Women's and Men's Athletic Conference (NEWMAC),2025-26,mlax,Coast Guard,Gregory Lempin,,,,4,0,0,0,0,0,0,0,0,0,0,0,0,0,0,0,0,0,0,0,0,0,0,0,0,0,0,0,0,00:00,0,0,1.000,,,,,,,,,,,,,,,0,1,0,0,0,0,.000
newmac,New England Women's and Men's Athletic Conference (NEWMAC),2025-26,mlax,Coast Guard,Ryder Bonser,,,,15,0,0,0,0,0,0,1,5,0,0,1,0,0,0,0,0,0,0,1,1,0,0,0,0,4,0,13,2,00:00,0,0,1.000,,,,,,,,,,,,,,,20,30,0,20,10,10,.667
newmac,New England Women's and Men's Athletic Conference (NEWMAC),2025-26,mlax,Coast Guard,Matthew Clarke,,,,6,0,0,0,0,0,0,0,0,0,0,0,0,0,0,0,0,0,0,0,0,0,0,0,0,2,0,0,0,00:00,0,0,1.000,,,,,,,,,,,,,,,0,1,0,0,0,0,.000
newmac,New England Women's and Men's Athletic Conference (NEWMAC),2025-26,mlax,Coast Guard,Will Clarke,,,,1,0,0,0,0,0,0,0,0,0,0,0,0,0,0,0,0,0,0,0,0,0,0,0,0,0,0,0,0,0,0,0,1.000,,,,,,,,,,,,,,,0,0,0,0,0,0,.000
newmac,New England Women's and Men's Athletic Conference (NEWMAC),2025-26,mlax,Coast Guard,Charles Bednar,,,,10,0,0,0,0,0,0,0,0,0,0,0,0,0,0,0,0,0,0,2,1,0,0,0,0,1,0,1,1,00:00,0,0,1.000,,,,,,,,,,,,,,,0,0,0,0,0,0,.000
newmac,New England Women's and Men's Athletic Conference (NEWMAC),2025-26,mlax,Coast Guard,Ethan Cumming,,,,7,0,0,0,0,0,0,0,0,0,0,0,0,0,0,0,0,0,2,2,1,0,0,0,0,1,0,1,3,00:00,0,0,1.000,,,,,,,,,,,,,,,0,0,0,0,0,0,.000
newmac,New England Women's and Men's Athletic Conference (NEWMAC),2025-26,mlax,Coast Guard,Blane Klinefelter,,,,1,0,0,0,0,0,0,0,0,0,0,0,0,0,0,0,0,0,0,0,0,0,0,0,1,0,0,0,0,00:00,0,1,1.000,,,,,,,,,,,,,,,0,0,0,0,0,0,.000
newmac,New England Women's and Men's Athletic Conference (NEWMAC),2025-26,mlax,Emerson,Liam Donaldson,,,,14,2,0,0,0,0,0,0,0,0,0,0,0,0,0,0,0,0,0,2,0,0,0,4,11,20,0,14,8,115:00,13,15,1.000,,,,,,,,,,,,,,,0,0,0,0,0,0,.000
newmac,New England Women's and Men's Athletic Conference (NEWMAC),2025-26,mlax,Emerson,Aedan Kiniry,,,,14,10,0,0,0,0,0,0,5,0,0,0,0,0,0,0,0,0,0,0,0,0,0,0,0,22,0,19,3,596:00,52,0,1.000,,,,,,,,,,,,,,,29,49,0,15,6,9,.592
newmac,New England Women's and Men's Athletic Conference (NEWMAC),2025-26,mlax,Emerson,Zack Jewel,,,,6,1,0,0,0,0,0,0,0,0,0,0,0,0,0,0,0,0,0,0,0,0,0,0,0,1,0,4,0,60:00,0,0,1.000,,,,,,,,,,,,,,,0,1,0,0,0,0,.000
newmac,New England Women's and Men's Athletic Conference (NEWMAC),2025-26,mlax,Emerson,Brady Fish,,,,13,0,0,0,0,0,0,2,7,0,0,0,0,0,0,0,0,0,0,0,0,0,0,0,0,5,0,26,3,00:00,0,0,1.000,,,,,,,,,,,,,,,26,40,0,11,3,8,.650
newmac,New England Women's and Men's Athletic Conference (NEWMAC),2025-26,mlax,Emerson,Charlie Van beuren,,,,12,11,0,0,0,0,0,0,0,0,0,0,0,0,0,0,0,0,0,1,2,0,0,0,0,33,0,9,14,661:00,95,0,1.000,,,,,,,,,,,,,,,0,0,0,0,0,0,.000
newmac,New England Women's and Men's Athletic Conference (NEWMAC),2025-26,mlax,Emerson,John Marcone,,,,14,14,0,0,0,0,0,0,0,0,0,0,0,0,0,0,0,0,0,2,5,0,0,0,0,44,0,6,19,836:00,108,0,1.000,,,,,,,,,,,,,,,1,2,0,2,2,0,.500
newmac,New England Women's and Men's Athletic Conference (NEWMAC),2025-26,mlax,Emerson,Benson Offit,,,,14,14,0,0,0,0,0,1,15,0,1,2,0,0,0,0,0,0,0,1,0,0,0,0,0,17,0,27,1,836:00,108,0,1.000,,,,,,,,,,,,,,,56,92,0,31,2,29,.609
newmac,New England Women's and Men's Athletic Conference (NEWMAC),2025-26,mlax,Emerson,Zachary Stern-Hayes,,,,14,1,0,0,0,0,0,0,8,0,0,0,0,0,0,0,0,0,0,2,2,0,0,0,0,14,0,35,5,60:00,56,0,1.000,,,,,,,,,,,,,,,32,62,0,14,2,12,.516
newmac,New England Women's and Men's Athletic Conference (NEWMAC),2025-26,mlax,Emerson,Owen Rosen,,,,14,14,0,0,0,0,0,0,0,0,0,0,0,0,0,0,0,0,0,1,2,0,0,0,0,23,0,6,17,836:00,108,0,1.000,,,,,,,,,,,,,,,0,0,0,0,0,0,.000
newmac,New England Women's and Men's Athletic Conference (NEWMAC),2025-26,mlax,Emerson,Quinn Gardiner,,,,14,14,0,0,0,0,0,0,1,0,0,0,0,0,0,0,0,0,0,0,1,0,0,98,198,35,0,6,1,836:00,108,296,1.000,,,,,,,,,,,,,,,2,2,0,1,0,1,1.000
newmac,New England Women's and Men's Athletic Conference (NEWMAC),2025-26,mlax,Emerson,Owen Lotti,,,,1,0,0,0,0,0,0,0,0,0,0,0,0,0,0,0,0,0,0,0,0,0,0,0,0,0,0,0,0,00:00,0,0,1.000,,,,,,,,,,,,,,,0,0,0,0,0,0,.000
newmac,New England Women's and Men's Athletic Conference (NEWMAC),2025-26,mlax,Emerson,Jared Valluzzi,,,,4,3,0,0,0,0,0,0,0,0,1,0,0,0,0,0,0,0,1,1,0,0,0,0,0,4,0,5,3,180:00,56,0,1.000,,,,,,,,,,,,,,,5,10,0,3,1,2,.500
newmac,New England Women's and Men's Athletic Conference (NEWMAC),2025-26,mlax,Emerson,Grant Wilson,,,,13,13,0,0,0,0,0,0,2,0,0,0,0,0,0,0,0,0,1,2,1,0,0,0,0,29,0,18,12,776:00,52,0,1.000,,,,,,,,,,,,,,,11,22,0,5,3,2,.500
newmac,New England Women's and Men's Athletic Conference (NEWMAC),2025-26,mlax,Emerson,Elijah Turbow,,,,11,10,0,0,0,0,0,0,0,0,0,0,0,0,0,0,0,0,0,0,0,0,0,0,0,26,0,12,1,596:00,108,0,1.000,11,521:10,105,120,0,3,8,0,2,0,0,392,12.09,.533,0,0,0,0,0,0,.000
newmac,New England Women's and Men's Athletic Conference (NEWMAC),2025-26,mlax,Emerson,Jacob Stearns,,,,9,0,0,0,0,0,0,0,0,0,0,0,0,0,0,0,0,0,0,0,0,0,0,2,15,0,0,0,0,00:00,0,17,1.000,,,,,,,,,,,,,,,0,0,0,0,0,0,.000
newmac,New England Women's and Men's Athletic Conference (NEWMAC),2025-26,mlax,Emerson,Toby Cunningham,,,,12,0,0,0,0,0,0,0,0,0,0,0,0,0,0,0,0,0,0,0,0,0,0,0,0,6,0,14,0,00:00,0,0,1.000,,,,,,,,,,,,,,,9,12,0,7,4,3,.750
newmac,New England Women's and Men's Athletic Conference (NEWMAC),2025-26,mlax,Emerson,Benjamin Redlener,,,,10,0,0,0,0,0,0,0,2,0,2,0,0,0,0,0,0,0,0,0,0,0,0,0,0,2,0,3,1,00:00,0,0,1.000,,,,,,,,,,,,,,,7,13,0,8,3,5,.538
newmac,New England Women's and Men's Athletic Conference (NEWMAC),2025-26,mlax,Emerson,Alex Menendez,,,,12,1,0,0,0,0,0,0,2,0,0,0,0,0,0,0,0,0,0,0,0,0,0,0,0,11,0,22,4,60:00,0,0,1.000,,,,,,,,,,,,,,,11,17,0,16,11,5,.647
newmac,New England Women's and Men's Athletic Conference (NEWMAC),2025-26,mlax,Emerson,Landon Segal,,,,14,14,0,0,0,0,0,0,0,0,0,0,0,0,0,0,0,0,0,2,1,0,0,0,0,15,0,4,11,836:00,108,0,1.000,,,,,,,,,,,,,,,0,0,0,0,0,0,.000
newmac,New England Women's and Men's Athletic Conference (NEWMAC),2025-26,mlax,Emerson,Jack Burns,,,,14,14,0,0,0,0,0,3,18,0,3,0,0,0,0,0,0,0,0,0,1,0,0,0,0,18,0,30,6,836:00,108,0,1.000,,,,,,,,,,,,,,,69,122,0,49,14,35,.566
newmac,New England Women's and Men's Athletic Conference (NEWMAC),2025-26,mlax,Emerson,Ethan Corby,,,,9,4,0,0,0,0,0,0,0,0,0,0,0,0,0,0,0,0,0,0,0,0,0,0,0,18,0,8,3,240:00,0,0,1.000,9,311:47,65,105,0,0,5,0,0,0,0,266,12.51,.618,0,1,0,0,0,0,.000
newmac,New England Women's and Men's Athletic Conference (NEWMAC),2025-26,mlax,Emerson,Jacob Goldberg,,,,3,0,0,0,0,0,0,0,0,0,0,0,0,0,0,0,0,0,0,0,0,0,0,0,0,0,0,1,0,00:00,0,0,1.000,2,04:51,1,0,0,0,0,0,0,0,0,2,12.37,.000,0,0,0,0,0,0,.000
newmac,New England Women's and Men's Athletic Conference (NEWMAC),2025-26,mlax,Emerson,Sebastian Gates-Graceson,,,,2,0,0,0,0,0,0,0,0,0,0,0,0,0,0,0,0,0,0,0,0,0,0,0,0,1,0,1,0,00:00,0,0,1.000,,,,,,,,,,,,,,,0,0,0,0,0,0,.000
newmac,New England Women's and Men's Athletic Conference (NEWMAC),2025-26,mlax,MIT,Miles Mann,,,,3,0,0,0,0,0,0,0,0,0,0,0,0,0,0,0,0,0,0,0,0,0,0,0,0,1,0,1,0,00:00,0,0,1.000,,,,,,,,,,,,,,,1,1,0,0,0,0,1.000
newmac,New England Women's and Men's Athletic Conference (NEWMAC),2025-26,mlax,MIT,S. Epstein-Petrullo,,,,14,1,0,0,0,0,0,0,0,0,0,0,0,0,0,0,0,0,0,1,0,0,0,0,0,8,0,4,3,60:00,0,0,1.000,,,,,,,,,,,,,,,1,2,0,2,1,1,.500
newmac,New England Women's and Men's Athletic Conference (NEWMAC),2025-26,mlax,MIT,Andrew Palleiko,,,,9,8,0,0,0,0,0,0,3,0,0,0,0,0,0,0,0,0,0,0,0,0,0,76,108,45,0,6,0,480:00,53,184,1.000,,,,,,,,,,,,,,,5,6,0,4,1,3,.833
newmac,New England Women's and Men's Athletic Conference (NEWMAC),2025-26,mlax,MIT,Oscar Lindenthal,,,,14,0,0,0,0,0,0,1,2,0,0,0,0,0,0,0,0,0,0,0,1,0,0,0,0,11,0,5,3,00:00,0,0,1.000,,,,,,,,,,,,,,,16,26,0,6,0,6,.615
newmac,New England Women's and Men's Athletic Conference (NEWMAC),2025-26,mlax,MIT,Dylan Nelson,,,,12,0,0,0,0,0,0,2,8,0,0,0,0,0,0,0,0,0,0,0,0,0,0,0,0,12,0,7,1,00:00,0,0,1.000,,,,,,,,,,,,,,,26,50,0,25,9,16,.520
newmac,New England Women's and Men's Athletic Conference (NEWMAC),2025-26,mlax,MIT,Christian Biggins,,,,2,2,0,0,0,0,0,0,0,0,0,0,0,0,0,0,0,0,0,0,0,0,0,0,0,3,0,0,2,120:00,0,0,1.000,,,,,,,,,,,,,,,1,1,0,0,0,0,1.000
newmac,New England Women's and Men's Athletic Conference (NEWMAC),2025-26,mlax,MIT,Zach Bleil,,,,15,2,0,0,0,0,0,3,22,0,1,0,0,0,0,0,0,0,0,2,1,0,0,0,0,19,0,15,1,120:00,0,0,1.000,,,,,,,,,,,,,,,61,93,0,45,15,30,.656
newmac,New England Women's and Men's Athletic Conference (NEWMAC),2025-26,mlax,MIT,Nick Stiles,,,,15,15,0,0,0,0,0,1,3,0,3,0,0,0,0,0,0,0,0,1,1,0,0,0,0,21,0,20,1,900:00,53,0,1.000,,,,,,,,,,,,,,,52,87,0,44,11,33,.598
newmac,New England Women's and Men's Athletic Conference (NEWMAC),2025-26,mlax,MIT,Hayden Calabretta,,,,14,0,0,0,0,0,0,0,2,0,0,0,0,0,0,0,0,0,0,0,1,0,0,0,0,5,0,9,0,00:00,0,0,1.000,,,,,,,,,,,,,,,8,21,0,8,3,5,.381
newmac,New England Women's and Men's Athletic Conference (NEWMAC),2025-26,mlax,MIT,Ashton Axe,,,,15,15,0,0,0,0,0,0,1,0,0,0,0,0,0,0,0,0,0,0,1,0,0,0,2,40,0,7,14,900:00,53,2,1.000,,,,,,,,,,,,,,,4,6,0,3,2,1,.667
newmac,New England Women's and Men's Athletic Conference (NEWMAC),2025-26,mlax,MIT,Will Doster,,,,5,0,0,0,0,0,0,0,0,0,0,0,0,0,0,0,0,0,0,0,0,0,0,0,0,1,0,0,0,00:00,0,0,1.000,,,,,,,,,,,,,,,0,0,0,0,0,0,.000
newmac,New England Women's and Men's Athletic Conference (NEWMAC),2025-26,mlax,MIT,Denley Kofoed,,,,12,1,0,0,0,0,0,0,0,0,0,0,0,0,0,0,0,0,0,0,1,0,0,19,25,13,0,2,2,60:00,0,44,1.000,,,,,,,,,,,,,,,3,4,0,1,0,1,.750
newmac,New England Women's and Men's Athletic Conference (NEWMAC),2025-26,mlax,MIT,Tim Haarmann,,,,13,8,0,0,0,0,0,0,0,0,0,0,0,0,0,0,0,0,0,1,2,0,0,0,0,24,0,5,8,480:00,0,0,1.000,,,,,,,,,,,,,,,0,0,0,0,0,0,.000
newmac,New England Women's and Men's Athletic Conference (NEWMAC),2025-26,mlax,MIT,Ryan Quinn,,,,7,0,0,0,0,0,0,0,0,0,0,0,0,0,0,0,0,0,0,0,1,0,0,0,0,2,0,2,0,00:00,0,0,1.000,,,,,,,,,,,,,,,5,10,0,4,3,1,.500
newmac,New England Women's and Men's Athletic Conference (NEWMAC),2025-26,mlax,MIT,Jack McCordic,,,,5,0,0,0,0,0,0,0,2,0,1,0,0,0,0,0,0,0,0,0,0,0,0,0,0,2,0,3,0,00:00,0,0,1.000,,,,,,,,,,,,,,,8,12,0,4,1,3,.667
newmac,New England Women's and Men's Athletic Conference (NEWMAC),2025-26,mlax,MIT,Liam McCummings,,,,5,0,0,0,0,0,0,0,0,0,0,0,0,0,0,0,0,0,0,0,0,0,0,0,0,0,0,1,1,00:00,0,0,1.000,,,,,,,,,,,,,,,0,0,0,0,0,0,.000
newmac,New England Women's and Men's Athletic Conference (NEWMAC),2025-26,mlax,MIT,Collin Lung,,,,15,15,0,0,0,0,0,0,0,0,0,0,0,0,0,0,0,0,0,0,0,0,0,0,0,33,0,6,2,900:00,53,0,1.000,15,818:45,171,149,0,8,7,0,1,0,0,585,12.53,.466,0,0,0,1,1,0,.000
newmac,New England Women's and Men's Athletic Conference (NEWMAC),2025-26,mlax,MIT,Riley Pierce,,,,15,1,0,0,0,0,0,0,10,0,1,0,0,0,0,0,0,0,0,0,0,0,0,0,0,16,0,7,4,60:00,0,0,1.000,,,,,,,,,,,,,,,30,63,0,30,8,22,.476
newmac,New England Women's and Men's Athletic Conference (NEWMAC),2025-26,mlax,MIT,Isaiah Nathaniel,,,,15,12,0,0,0,0,0,0,0,0,0,0,0,0,0,0,0,0,0,3,0,0,0,1,0,31,0,8,7,720:00,53,1,1.000,,,,,,,,,,,,,,,2,2,0,0,0,0,1.000
newmac,New England Women's and Men's Athletic Conference (NEWMAC),2025-26,mlax,MIT,Garrett Campagna,,,,15,0,0,0,0,0,0,0,11,0,0,2,0,0,0,0,0,0,0,1,0,0,0,0,0,13,0,30,4,00:00,0,0,1.000,,,,,,,,,,,,,,,54,93,0,57,37,20,.581
newmac,New England Women's and Men's Athletic Conference (NEWMAC),2025-26,mlax,MIT,Dominic Zuniga,,,,6,0,0,0,0,0,0,0,0,0,0,0,0,0,0,0,0,0,0,0,0,0,0,0,0,1,0,2,0,00:00,0,0,1.000,,,,,,,,,,,,,,,0,0,0,2,2,0,.000
newmac,New England Women's and Men's Athletic Conference (NEWMAC),2025-26,mlax,MIT,CJ Sanchez,,,,14,13,0,0,0,0,0,1,7,0,1,1,0,0,0,0,0,0,0,1,0,0,0,0,1,26,0,23,5,780:00,53,1,1.000,,,,,,,,,,,,,,,34,65,0,36,18,18,.523
newmac,New England Women's and Men's Athletic Conference (NEWMAC),2025-26,mlax,MIT,Liam Gibbons,,,,4,0,0,0,0,0,0,0,0,0,0,0,0,0,0,0,0,0,0,0,0,0,0,0,0,1,0,0,0,00:00,0,0,1.000,,,,,,,,,,,,,,,0,0,0,0,0,0,.000
newmac,New England Women's and Men's Athletic Conference (NEWMAC),2025-26,mlax,MIT,Alexander Shen,,,,15,0,0,0,0,0,0,0,1,0,0,0,0,0,0,0,0,0,0,0,0,0,0,0,0,26,0,9,13,00:00,0,0,1.000,,,,,,,,,,,,,,,1,2,0,2,1,1,.500
newmac,New England Women's and Men's Athletic Conference (NEWMAC),2025-26,mlax,MIT,Brennan Hoppa,,,,15,15,0,0,0,0,0,0,0,0,0,1,0,0,0,0,0,0,0,4,5,0,0,0,0,39,0,12,17,900:00,53,0,1.000,,,,,,,,,,,,,,,4,7,0,2,0,2,.571
newmac,New England Women's and Men's Athletic Conference (NEWMAC),2025-26,mlax,MIT,Ben Wettstein,,,,10,0,0,0,0,0,0,0,0,0,0,0,0,0,0,0,0,0,0,1,0,0,0,0,2,7,0,3,6,00:00,0,2,1.000,,,,,,,,,,,,,,,0,1,0,0,0,0,.000
newmac,New England Women's and Men's Athletic Conference (NEWMAC),2025-26,mlax,MIT,AJ Sachwitz,,,,5,0,0,0,0,0,0,0,0,0,0,0,0,0,0,0,0,0,0,0,0,0,0,0,0,2,0,2,0,00:00,0,0,1.000,5,73:05,14,14,0,0,0,0,0,0,0,55,11.49,.500,1,1,0,0,0,0,1.000
newmac,New England Women's and Men's Athletic Conference (NEWMAC),2025-26,mlax,MIT,Derek Gess,,,,8,0,0,0,0,0,0,0,0,0,0,0,0,0,0,0,0,0,0,0,1,0,0,0,0,4,0,2,0,00:00,0,0,1.000,,,,,,,,,,,,,,,0,0,0,0,0,0,.000
newmac,New England Women's and Men's Athletic Conference (NEWMAC),2025-26,mlax,MIT,Mikey Mondiello,,,,8,0,0,0,0,0,0,0,1,0,0,0,0,0,0,0,0,0,0,0,0,0,0,0,0,2,0,3,0,00:00,0,0,1.000,,,,,,,,,,,,,,,4,17,0,1,0,1,.235
newmac,New England Women's and Men's Athletic Conference (NEWMAC),2025-26,mlax,MIT,Stone Smith,,,,15,8,0,0,0,0,0,0,0,0,0,0,0,0,0,0,0,0,1,6,1,0,0,3,8,16,0,2,12,480:00,53,11,1.000,,,,,,,,,,,,,,,0,0,0,1,1,0,.000
newmac,New England Women's and Men's Athletic Conference (NEWMAC),2025-26,mlax,MIT,Jack Breckling,,,,6,0,0,0,0,0,0,0,0,0,0,0,0,0,0,0,0,0,0,1,0,0,0,11,9,8,0,0,4,00:00,0,20,1.000,,,,,,,,,,,,,,,0,0,0,0,0,0,.000
newmac,New England Women's and Men's Athletic Conference (NEWMAC),2025-26,mlax,MIT,Caiden Lung,,,,2,0,0,0,0,0,0,0,0,0,0,0,0,0,0,0,0,0,0,0,0,0,0,0,0,0,0,0,0,00:00,0,0,1.000,2,09:03,1,2,0,0,0,0,0,0,0,5,6.63,.667,0,0,0,0,0,0,.000
newmac,New England Women's and Men's Athletic Conference (NEWMAC),2025-26,mlax,MIT,Justin Gelwicks,,,,15,5,0,0,0,0,0,0,0,0,0,0,0,0,0,0,0,0,0,0,1,0,0,51,81,23,0,1,0,300:00,0,132,1.000,,,,,,,,,,,,,,,1,1,0,0,0,0,1.000
newmac,New England Women's and Men's Athletic Conference (NEWMAC),2025-26,mlax,MIT,Andrew Kessler,,,,7,0,0,0,0,0,0,0,0,0,0,0,0,0,0,0,0,0,0,0,1,0,0,0,0,1,0,2,0,00:00,0,0,1.000,,,,,,,,,,,,,,,1,1,0,0,0,0,1.000
newmac,New England Women's and Men's Athletic Conference (NEWMAC),2025-26,mlax,MIT,Patrick Timons,,,,15,15,0,0,0,0,0,1,1,0,0,1,0,0,0,0,0,0,0,2,0,0,0,8,30,25,0,3,13,900:00,53,38,1.000,,,,,,,,,,,,,,,1,3,0,3,2,1,.333
newmac,New England Women's and Men's Athletic Conference (NEWMAC),2025-26,mlax,MIT,Bryce Metalios,,,,14,14,0,0,0,0,0,2,3,0,3,2,0,0,0,0,0,0,0,0,0,0,0,0,0,12,0,14,5,840:00,53,0,1.000,,,,,,,,,,,,,,,56,94,0,40,6,34,.596
newmac,New England Women's and Men's Athletic Conference (NEWMAC),2025-26,mlax,Salve Regina,Nate Strassberger,,,,13,3,0,0,0,0,0,0,3,0,0,0,0,0,0,0,0,0,0,1,0,0,0,56,36,28,0,2,1,180:00,7,92,1.000,,,,,,,,,,,,,,,3,7,0,3,0,3,.429
newmac,New England Women's and Men's Athletic Conference (NEWMAC),2025-26,mlax,Salve Regina,Heath Sumwalt,,,,18,2,0,0,0,0,1,2,10,0,1,1,0,0,0,0,0,0,0,3,1,0,0,0,0,21,0,13,5,120:00,7,0,1.000,,,,,,,,,,,,,,,54,81,0,48,19,29,.667
newmac,New England Women's and Men's Athletic Conference (NEWMAC),2025-26,mlax,Salve Regina,Casey Johnson,,,,16,5,0,0,0,0,0,1,2,0,2,0,0,0,0,0,0,0,0,1,0,0,0,0,0,16,0,17,2,301:00,39,0,1.000,,,,,,,,,,,,,,,22,45,0,25,14,11,.489
newmac,New England Women's and Men's Athletic Conference (NEWMAC),2025-26,mlax,Salve Regina,Luke Castillo,,,,17,1,0,0,0,0,0,0,1,0,0,0,0,0,0,0,0,0,0,7,1,0,0,0,0,19,0,10,12,60:00,0,0,1.000,,,,,,,,,,,,,,,3,4,0,3,2,1,.750
newmac,New England Women's and Men's Athletic Conference (NEWMAC),2025-26,mlax,Salve Regina,Sean Kling,,,,3,0,0,0,0,0,0,0,0,0,0,0,0,0,0,0,0,0,0,0,0,0,0,0,0,1,0,0,0,00:00,0,0,1.000,,,,,,,,,,,,,,,1,1,0,0,0,0,1.000
newmac,New England Women's and Men's Athletic Conference (NEWMAC),2025-26,mlax,Salve Regina,Justin Haverly,,,,11,10,0,0,0,0,0,0,2,0,0,0,0,0,0,0,0,0,0,1,0,0,0,142,68,78,0,9,1,601:00,39,210,1.000,,,,,,,,,,,,,,,4,8,0,2,0,2,.500
newmac,New England Women's and Men's Athletic Conference (NEWMAC),2025-26,mlax,Salve Regina,Jake Grimm,,,,5,0,0,0,0,0,0,0,0,0,0,0,0,0,0,0,0,0,0,2,0,0,0,0,0,0,0,0,0,00:00,0,0,1.000,,,,,,,,,,,,,,,1,3,0,0,0,0,.333
newmac,New England Women's and Men's Athletic Conference (NEWMAC),2025-26,mlax,Salve Regina,Daniel Naglieri,,,,17,17,0,0,0,0,1,3,10,0,4,3,0,0,0,0,0,0,1,1,0,0,0,0,0,21,0,41,5,1024:00,81,0,1.000,,,,,,,,,,,,,,,70,114,0,72,41,31,.614
newmac,New England Women's and Men's Athletic Conference (NEWMAC),2025-26,mlax,Salve Regina,Mason Barbone,,,,18,0,0,0,0,0,0,0,2,0,2,0,0,0,0,0,0,0,0,0,0,0,0,0,0,1,0,14,1,00:00,0,0,1.000,,,,,,,,,,,,,,,23,31,0,28,15,13,.742
newmac,New England Women's and Men's Athletic Conference (NEWMAC),2025-26,mlax,Salve Regina,Jared Zevzavadjian,,,,5,0,0,0,0,0,0,0,0,0,0,0,0,0,0,0,0,0,0,0,1,0,0,0,0,0,0,2,0,00:00,0,0,1.000,,,,,,,,,,,,,,,1,2,0,2,2,0,.500
newmac,New England Women's and Men's Athletic Conference (NEWMAC),2025-26,mlax,Salve Regina,Connor Matthews,,,,7,1,0,0,0,0,0,0,0,0,0,0,0,0,0,0,0,0,0,0,0,0,0,0,0,2,0,1,0,78:00,59,0,1.000,6,102:48,18,27,0,4,0,0,0,0,0,58,10.51,.600,0,0,0,0,0,0,.000
newmac,New England Women's and Men's Athletic Conference (NEWMAC),2025-26,mlax,Salve Regina,Christopher Bethoney,,,,16,0,0,0,0,0,0,2,7,0,2,1,0,0,0,0,0,0,0,1,0,0,0,0,0,14,0,23,3,00:00,0,0,1.000,,,,,,,,,,,,,,,33,63,0,27,13,14,.524
newmac,New England Women's and Men's Athletic Conference (NEWMAC),2025-26,mlax,Salve Regina,Jack Naglieri,,,,18,18,0,0,0,0,0,0,1,0,0,0,0,0,0,0,0,0,1,0,3,0,0,0,0,80,0,11,33,1084:00,81,0,1.000,,,,,,,,,,,,,,,6,10,0,3,2,1,.600
newmac,New England Women's and Men's Athletic Conference (NEWMAC),2025-26,mlax,Salve Regina,Andrew Senecal,,,,16,16,0,0,0,0,0,0,0,0,0,0,0,0,0,0,0,0,0,2,1,0,0,0,0,35,0,9,12,964:00,74,0,1.000,,,,,,,,,,,,,,,1,5,0,0,0,0,.200
newmac,New England Women's and Men's Athletic Conference (NEWMAC),2025-26,mlax,Salve Regina,William Frazier,,,,9,3,0,0,0,0,0,0,0,0,0,0,0,0,0,0,0,0,0,2,0,0,0,0,0,9,0,5,6,180:00,7,0,1.000,,,,,,,,,,,,,,,0,0,0,0,0,0,.000
newmac,New England Women's and Men's Athletic Conference (NEWMAC),2025-26,mlax,Salve Regina,Carson Van winkle,,,,16,0,0,0,0,0,0,0,0,0,0,0,0,0,0,0,0,0,0,0,2,0,0,0,0,11,0,6,1,00:00,0,0,1.000,,,,,,,,,,,,,,,1,1,0,1,1,0,1.000
newmac,New England Women's and Men's Athletic Conference (NEWMAC),2025-26,mlax,Salve Regina,Andrew Hazard,,,,13,12,0,0,0,0,0,0,0,0,0,0,0,0,0,0,0,0,0,0,0,0,0,0,0,19,0,12,0,735:00,82,0,1.000,13,724:12,122,158,0,6,7,0,1,0,0,454,10.11,.564,0,0,0,1,1,0,.000
newmac,New England Women's and Men's Athletic Conference (NEWMAC),2025-26,mlax,Salve Regina,Aidan McIntyre,,,,15,0,0,0,0,0,0,1,6,0,0,0,0,0,0,0,0,0,0,0,0,0,0,0,0,3,0,10,2,00:00,0,0,1.000,,,,,,,,,,,,,,,18,30,0,9,0,9,.600
newmac,New England Women's and Men's Athletic Conference (NEWMAC),2025-26,mlax,Salve Regina,Daniel Bourdeau,,,,18,18,0,0,0,0,0,0,0,0,0,0,0,0,0,0,0,0,1,5,0,0,0,0,0,19,0,11,17,1084:00,81,0,1.000,,,,,,,,,,,,,,,1,1,0,1,1,0,1.000
newmac,New England Women's and Men's Athletic Conference (NEWMAC),2025-26,mlax,Salve Regina,Liam Cooney,,,,17,17,0,0,0,0,0,0,2,0,4,2,0,0,0,0,0,0,0,1,0,0,0,0,0,23,0,16,7,1024:00,81,0,1.000,,,,,,,,,,,,,,,67,106,0,42,14,28,.632
newmac,New England Women's and Men's Athletic Conference (NEWMAC),2025-26,mlax,Salve Regina,Ryan Bothe,,,,13,0,0,0,0,0,0,0,1,0,0,0,0,0,0,0,0,0,0,1,0,0,0,0,0,0,0,6,0,00:00,0,0,1.000,,,,,,,,,,,,,,,7,13,0,6,3,3,.538
newmac,New England Women's and Men's Athletic Conference (NEWMAC),2025-26,mlax,Salve Regina,William Keever,,,,3,0,0,0,0,0,0,0,0,0,0,0,0,0,0,0,0,0,0,0,0,0,0,0,0,0,0,0,0,00:00,0,0,1.000,,,,,,,,,,,,,,,0,0,0,0,0,0,.000
newmac,New England Women's and Men's Athletic Conference (NEWMAC),2025-26,mlax,Salve Regina,Chris Koltzan,,,,16,12,0,0,0,0,0,2,15,1,1,3,0,0,0,0,0,0,0,2,2,0,0,0,0,9,0,27,2,723:00,42,0,1.000,,,,,,,,,,,,,,,87,143,0,64,18,46,.608
newmac,New England Women's and Men's Athletic Conference (NEWMAC),2025-26,mlax,Salve Regina,Ryan Ciolfi,,,,5,0,0,0,0,0,0,0,1,0,0,0,0,0,0,0,0,0,0,0,0,0,0,0,0,1,0,0,0,00:00,0,0,1.000,,,,,,,,,,,,,,,1,1,0,1,0,1,1.000
newmac,New England Women's and Men's Athletic Conference (NEWMAC),2025-26,mlax,Salve Regina,Ryan Cuddy,,,,3,0,0,0,0,0,0,0,0,0,0,0,0,0,0,0,0,0,0,0,0,0,0,0,0,0,0,0,1,00:00,0,0,1.000,,,,,,,,,,,,,,,0,0,0,0,0,0,.000
newmac,New England Women's and Men's Athletic Conference (NEWMAC),2025-26,mlax,Salve Regina,Cameron Smith,,,,17,16,0,0,0,0,0,0,0,0,0,0,0,0,0,0,0,0,0,3,0,0,0,0,0,17,0,9,8,964:00,81,0,1.000,,,,,,,,,,,,,,,0,2,0,0,0,0,.000
newmac,New England Women's and Men's Athletic Conference (NEWMAC),2025-26,mlax,Salve Regina,Connor McNaughton,,,,13,0,0,0,0,0,0,0,1,0,0,0,0,0,0,0,0,0,0,1,0,0,0,0,0,17,0,4,6,00:00,0,0,1.000,,,,,,,,,,,,,,,3,4,0,2,0,2,.750
newmac,New England Women's and Men's Athletic Conference (NEWMAC),2025-26,mlax,Salve Regina,Padraig Brown,,,,7,0,0,0,0,0,0,0,0,0,0,0,0,0,0,0,0,0,0,1,0,0,0,0,0,2,0,4,0,00:00,0,0,1.000,,,,,,,,,,,,,,,0,7,0,0,0,0,.000
newmac,New England Women's and Men's Athletic Conference (NEWMAC),2025-26,mlax,Salve Regina,Luke Veltri,,,,4,0,0,0,0,0,0,0,0,0,0,0,0,0,0,0,0,0,0,0,0,0,0,0,0,1,0,0,0,00:00,0,0,1.000,,,,,,,,,,,,,,,0,0,0,0,0,0,.000
newmac,New England Women's and Men's Athletic Conference (NEWMAC),2025-26,mlax,Salve Regina,Sean Bell,,,,1,0,0,0,0,0,0,0,0,0,0,0,0,0,0,0,0,0,0,0,0,0,0,0,0,0,0,0,0,0,0,0,1.000,,,,,,,,,,,,,,,0,0,0,0,0,0,.000
newmac,New England Women's and Men's Athletic Conference (NEWMAC),2025-26,mlax,Salve Regina,Spencer O'Reilly,,,,6,0,0,0,0,0,0,0,0,0,0,0,0,0,0,0,0,0,0,0,0,0,0,0,0,2,0,0,0,00:00,0,0,1.000,,,,,,,,,,,,,,,0,0,0,0,0,0,.000
newmac,New England Women's and Men's Athletic Conference (NEWMAC),2025-26,mlax,Salve Regina,Calvin Pendergast,,,,8,0,0,0,0,0,0,0,0,0,0,0,0,0,0,0,0,0,0,0,0,0,0,0,0,2,0,1,0,00:00,0,0,1.000,,,,,,,,,,,,,,,0,0,0,0,0,0,.000
newmac,New England Women's and Men's Athletic Conference (NEWMAC),2025-26,mlax,Salve Regina,Justin DeBalsi,,,,13,3,0,0,0,0,0,1,0,0,2,2,0,0,0,0,0,0,0,0,0,0,0,0,0,7,0,6,0,180:00,0,0,1.000,,,,,,,,,,,,,,,19,22,0,11,0,11,.864
newmac,New England Women's and Men's Athletic Conference (NEWMAC),2025-26,mlax,Salve Regina,C. Lamoreaux,,,,1,0,0,0,0,0,0,0,0,0,0,0,0,0,0,0,0,0,0,0,0,0,0,0,0,0,0,0,0,00:00,0,0,1.000,,,,,,,,,,,,,,,0,0,0,0,0,0,.000
newmac,New England Women's and Men's Athletic Conference (NEWMAC),2025-26,mlax,Salve Regina,Ryan Iritano,,,,5,0,0,0,0,0,0,0,0,0,0,0,0,0,0,0,0,0,0,0,0,0,0,0,0,0,0,1,0,00:00,0,0,1.000,,,,,,,,,,,,,,,3,4,0,0,0,0,.750
newmac,New England Women's and Men's Athletic Conference (NEWMAC),2025-26,mlax,Salve Regina,Grant Willoe,,,,11,0,0,0,0,0,0,0,0,0,0,0,0,0,0,0,0,0,0,0,0,0,0,0,0,0,0,5,0,00:00,0,0,1.000,,,,,,,,,,,,,,,3,5,0,1,0,1,.600
newmac,New England Women's and Men's Athletic Conference (NEWMAC),2025-26,mlax,Salve Regina,Jackson Noury,,,,6,0,0,0,0,0,0,0,0,0,0,0,0,0,0,0,0,0,0,0,0,0,0,0,0,0,0,1,1,00:00,0,0,1.000,,,,,,,,,,,,,,,0,3,0,0,0,0,.000
newmac,New England Women's and Men's Athletic Conference (NEWMAC),2025-26,mlax,Salve Regina,Dixon Van epps,,,,2,0,0,0,0,0,0,0,0,0,0,0,0,0,0,0,0,0,0,0,0,0,0,0,0,0,0,0,0,00:00,0,0,1.000,,,,,,,,,,,,,,,0,1,0,0,0,0,.000
newmac,New England Women's and Men's Athletic Conference (NEWMAC),2025-26,mlax,Salve Regina,Vincent Direnno,,,,4,0,0,0,0,0,0,0,0,0,0,0,0,0,0,0,0,0,0,0,0,0,0,0,0,0,0,1,1,00:00,0,0,1.000,,,,,,,,,,,,,,,0,0,0,0,0,0,.000
newmac,New England Women's and Men's Athletic Conference (NEWMAC),2025-26,mlax,Salve Regina,William Savery,,,,1,0,0,0,0,0,0,0,0,0,0,0,0,0,0,0,0,0,0,0,0,0,0,0,0,0,0,0,0,0,0,0,1.000,,,,,,,,,,,,,,,0,0,0,0,0,0,.000
newmac,New England Women's and Men's Athletic Conference (NEWMAC),2025-26,mlax,Salve Regina,Ryan Tighe,,,,2,0,0,0,0,0,0,0,1,0,0,0,0,0,0,0,0,0,0,0,0,0,0,0,1,0,0,0,0,00:00,0,1,1.000,,,,,,,,,,,,,,,1,1,0,1,0,1,1.000
newmac,New England Women's and Men's Athletic Conference (NEWMAC),2025-26,mlax,Salve Regina,Kyle Engen,,,,2,0,0,0,0,0,0,0,0,0,0,0,0,0,0,0,0,0,0,0,0,0,0,0,0,0,0,0,0,00:00,0,0,1.000,,,,,,,,,,,,,,,1,1,0,1,0,1,1.000
newmac,New England Women's and Men's Athletic Conference (NEWMAC),2025-26,mlax,Salve Regina,William Kein,,,,5,5,0,0,0,0,0,0,0,0,0,0,0,0,0,0,0,0,0,0,0,0,0,0,0,7,0,2,0,270:00,0,0,1.000,5,252:58,34,33,0,4,0,0,1,0,0,124,8.06,.493,0,0,0,0,0,0,.000
newmac,New England Women's and Men's Athletic Conference (NEWMAC),2025-26,mlax,Salve Regina,Luke Burns,,,,4,0,0,0,0,0,0,0,0,0,0,0,0,0,0,0,0,0,0,0,0,0,0,0,0,0,0,0,0,00:00,0,0,1.000,,,,,,,,,,,,,,,0,0,0,0,0,0,.000
newmac,New England Women's and Men's Athletic Conference (NEWMAC),2025-26,mlax,Salve Regina,Jimmy O'Hara,,,,4,0,0,0,0,0,0,0,0,0,1,0,0,0,0,0,0,0,0,0,0,0,0,0,0,0,0,0,0,00:00,0,0,1.000,,,,,,,,,,,,,,,2,2,0,1,0,1,1.000
newmac,New England Women's and Men's Athletic Conference (NEWMAC),2025-26,mlax,Salve Regina,Thomas Skolnick,,,,0,0,,,,,,,,,,,,,,,,,,,,,,,,,,,,,,,,,,,,,,,,,,,,,,,,,,,,
newmac,New England Women's and Men's Athletic Conference (NEWMAC),2025-26,mlax,Salve Regina,Adam Laber,,,,16,5,0,0,0,0,0,0,0,0,0,0,0,0,0,0,0,0,0,1,3,0,0,78,56,28,0,4,0,303:00,35,134,1.000,,,,,,,,,,,,,,,0,0,0,0,0,0,.000
newmac,New England Women's and Men's Athletic Conference (NEWMAC),2025-26,mlax,Salve Regina,Alfred Miklos,,,,2,0,0,0,0,0,0,0,0,0,0,0,0,0,0,0,0,0,0,0,0,0,0,0,0,0,0,0,0,00:00,0,0,1.000,,,,,,,,,,,,,,,1,2,0,1,0,1,.500
newmac,New England Women's and Men's Athletic Conference (NEWMAC),2025-26,mlax,Salve Regina,Jake Horsman,,,,1,0,0,0,0,0,0,0,0,0,0,0,0,0,0,0,0,0,0,0,0,0,0,0,0,0,0,0,0,0,0,0,1.000,,,,,,,,,,,,,,,0,0,0,0,0,0,.000
newmac,New England Women's and Men's Athletic Conference (NEWMAC),2025-26,mlax,Salve Regina,Thomas Sheehan,,,,2,0,0,0,0,0,0,0,0,0,0,0,0,0,0,0,0,0,0,0,0,0,0,0,0,1,0,0,1,00:00,0,0,1.000,,,,,,,,,,,,,,,0,0,0,0,0,0,.000
newmac,New England Women's and Men's Athletic Conference (NEWMAC),2025-26,mlax,Salve Regina,John Cuddy,,,,2,0,0,0,0,0,0,0,0,0,0,0,0,0,0,0,0,0,0,0,0,0,0,0,0,0,0,0,0,00:00,0,0,1.000,,,,,,,,,,,,,,,0,0,0,0,0,0,.000
newmac,New England Women's and Men's Athletic Conference (NEWMAC),2025-26,mlax,Salve Regina,William Digregorio,,,,0,0,,,,,,,,,,,,,,,,,,,,,,,,,,,,,,,,,,,,,,,,,,,,,,,,,,,,
newmac,New England Women's and Men's Athletic Conference (NEWMAC),2025-26,mlax,Salve Regina,David Villa,,,,0,0,,,,,,,,,,,,,,,,,,,,,,,,,,,,,,,,,,,,,,,,,,,,,,,,,,,,
newmac,New England Women's and Men's Athletic Conference (NEWMAC),2025-26,mlax,Salve Regina,Max Julian,,,,0,0,,,,,,,,,,,,,,,,,,,,,,,,,,,,,,,,,,,,,,,,,,,,,,,,,,,,
newmac,New England Women's and Men's Athletic Conference (NEWMAC),2025-26,mlax,Salve Regina,Adam Donovan,,,,1,0,0,0,0,0,0,0,0,0,0,0,0,0,0,0,0,0,0,0,0,0,0,0,0,0,0,0,0,0,0,0,1.000,,,,,,,,,,,,,,,0,0,0,0,0,0,.000
newmac,New England Women's and Men's Athletic Conference (NEWMAC),2025-26,mlax,Salve Regina,John Young,,,,1,0,0,0,0,0,0,0,0,0,0,0,0,0,0,0,0,0,0,0,0,0,0,0,0,0,0,0,0,00:00,0,0,1.000,1,05:01,1,0,0,0,0,0,0,0,0,2,11.96,.000,0,0,0,0,0,0,.000
newmac,New England Women's and Men's Athletic Conference (NEWMAC),2025-26,mlax,Salve Regina,Gavin Johnson,,,,17,16,0,0,0,0,0,0,0,0,0,0,0,0,0,0,0,0,0,2,0,0,0,0,0,47,0,8,27,964:00,74,0,1.000,,,,,,,,,,,,,,,1,1,0,1,1,0,1.000
newmac,New England Women's and Men's Athletic Conference (NEWMAC),2025-26,mlax,Salve Regina,Nicholas Bailey,,,,5,0,0,0,0,0,0,0,0,0,0,0,0,0,0,0,0,0,0,0,0,0,0,0,0,0,0,1,0,00:00,0,0,1.000,,,,,,,,,,,,,,,3,4,0,2,0,2,.750
newmac,New England Women's and Men's Athletic Conference (NEWMAC),2025-26,mlax,Springfield,Kaden Quirk,,,,17,17,0,0,0,0,0,0,0,0,0,0,0,0,0,0,0,0,0,0,0,0,0,0,0,27,0,8,5,1020:00,0,0,1.000,17,984:43,165,169,0,11,7,0,1,0,0,596,10.05,.506,0,0,0,1,1,0,.000
newmac,New England Women's and Men's Athletic Conference (NEWMAC),2025-26,mlax,Springfield,Vincent Scialdone,,,,17,17,0,0,0,0,0,0,0,0,0,0,0,0,0,0,0,0,0,0,0,0,0,170,150,66,0,9,5,1020:00,0,320,1.000,,,,,,,,,,,,,,,0,0,0,2,2,0,.000
newmac,New England Women's and Men's Athletic Conference (NEWMAC),2025-26,mlax,Springfield,Nicholas Belvedere,,,,3,0,0,0,0,0,0,0,0,0,0,0,0,0,0,0,0,0,0,0,0,0,0,0,0,0,0,1,1,00:00,0,0,1.000,,,,,,,,,,,,,,,0,2,0,0,0,0,.000
newmac,New England Women's and Men's Athletic Conference (NEWMAC),2025-26,mlax,Springfield,Rory Scanlon,,,,17,0,0,0,0,0,0,1,10,0,2,3,0,0,0,0,0,0,0,2,0,0,0,0,0,5,0,20,1,00:00,0,0,1.000,,,,,,,,,,,,,,,38,61,0,23,4,19,.623
newmac,New England Women's and Men's Athletic Conference (NEWMAC),2025-26,mlax,Springfield,Jaiden Gaudet,,,,11,0,0,0,0,0,0,0,1,0,0,0,0,0,0,0,0,0,0,1,0,0,0,0,0,2,0,1,0,00:00,0,0,1.000,,,,,,,,,,,,,,,5,8,0,1,0,1,.625
newmac,New England Women's and Men's Athletic Conference (NEWMAC),2025-26,mlax,Springfield,Gavin Carzello,,,,17,17,0,0,0,0,0,0,3,0,0,0,0,0,0,0,0,0,0,1,1,0,0,3,7,61,0,11,15,1020:00,0,10,1.000,,,,,,,,,,,,,,,6,7,0,8,3,5,.857
newmac,New England Women's and Men's Athletic Conference (NEWMAC),2025-26,mlax,Springfield,Jonathan Guida,,,,2,0,0,0,0,0,0,0,0,0,0,0,0,0,0,0,0,0,0,0,0,0,0,0,0,0,0,0,0,00:00,0,0,1.000,,,,,,,,,,,,,,,0,0,0,0,0,0,.000
newmac,New England Women's and Men's Athletic Conference (NEWMAC),2025-26,mlax,Springfield,Michael Manning,,,,13,0,0,0,0,0,0,0,0,0,0,0,0,0,0,0,0,0,0,0,1,0,0,0,0,15,0,2,10,00:00,0,0,1.000,,,,,,,,,,,,,,,1,2,0,0,0,0,.500
newmac,New England Women's and Men's Athletic Conference (NEWMAC),2025-26,mlax,Springfield,Reece Whitney,,,,15,15,0,0,0,0,0,0,0,0,0,0,0,0,0,0,0,0,0,2,1,0,0,0,0,27,0,4,9,900:00,0,0,1.000,,,,,,,,,,,,,,,1,2,0,3,2,1,.500
newmac,New England Women's and Men's Athletic Conference (NEWMAC),2025-26,mlax,Springfield,Rafe Lawless,,,,15,2,0,0,0,0,0,0,0,0,0,0,0,0,0,0,0,0,0,4,1,0,0,0,0,12,0,8,7,120:00,0,0,1.000,,,,,,,,,,,,,,,2,2,0,0,0,0,1.000
newmac,New England Women's and Men's Athletic Conference (NEWMAC),2025-26,mlax,Springfield,Brady Soldo,,,,16,0,0,0,0,0,0,2,5,0,1,1,0,0,0,0,0,0,0,0,0,0,0,0,0,12,0,20,1,00:00,0,0,1.000,,,,,,,,,,,,,,,35,60,0,29,12,17,.583
newmac,New England Women's and Men's Athletic Conference (NEWMAC),2025-26,mlax,Springfield,Dean Pesce,,,,3,0,0,0,0,0,0,0,0,0,0,0,0,0,0,0,0,0,0,0,0,0,0,0,0,0,0,0,0,00:00,0,0,1.000,3,20:17,5,8,0,0,0,0,0,0,0,14,14.79,.615,0,0,0,0,0,0,.000
newmac,New England Women's and Men's Athletic Conference (NEWMAC),2025-26,mlax,Springfield,Jackson Lane,,,,17,17,0,0,0,0,0,0,0,0,0,0,0,0,0,0,0,0,0,0,1,0,0,0,0,51,0,7,14,1020:00,0,0,1.000,,,,,,,,,,,,,,,5,8,0,4,2,2,.625
newmac,New England Women's and Men's Athletic Conference (NEWMAC),2025-26,mlax,Springfield,Dominic Pellegrino,,,,5,0,0,0,0,0,0,0,0,0,0,0,0,0,0,0,0,0,0,0,0,0,0,0,0,1,0,0,0,00:00,0,0,1.000,,,,,,,,,,,,,,,0,0,0,0,0,0,.000
newmac,New England Women's and Men's Athletic Conference (NEWMAC),2025-26,mlax,Springfield,Vincent Cappelli,,,,1,0,0,0,0,0,0,0,0,0,0,0,0,0,0,0,0,0,0,0,0,0,0,0,0,0,0,0,0,00:00,0,0,1.000,,,,,,,,,,,,,,,0,0,0,0,0,0,.000
newmac,New England Women's and Men's Athletic Conference (NEWMAC),2025-26,mlax,Springfield,Trevor Stringer,,,,3,0,0,0,0,0,0,0,0,0,0,0,0,0,0,0,0,0,0,0,0,0,0,0,0,0,0,0,1,00:00,0,0,1.000,,,,,,,,,,,,,,,0,0,0,0,0,0,.000
newmac,New England Women's and Men's Athletic Conference (NEWMAC),2025-26,mlax,Springfield,Ben Rosenberg,,,,2,0,0,0,0,0,0,0,0,0,0,0,0,0,0,0,0,0,0,0,0,0,0,0,0,0,0,0,0,00:00,0,0,1.000,,,,,,,,,,,,,,,1,1,0,0,0,0,1.000
newmac,New England Women's and Men's Athletic Conference (NEWMAC),2025-26,mlax,Springfield,Matt Webb,,,,17,0,0,0,0,0,0,1,8,0,0,0,0,0,0,0,0,0,0,0,0,0,0,0,0,3,0,11,3,00:00,0,0,1.000,,,,,,,,,,,,,,,23,43,0,19,6,13,.535
newmac,New England Women's and Men's Athletic Conference (NEWMAC),2025-26,mlax,Springfield,Will Anderson,,,,2,0,0,0,0,0,0,0,0,0,0,0,0,0,0,0,0,0,0,0,0,0,0,0,0,0,0,0,1,00:00,0,0,1.000,,,,,,,,,,,,,,,0,0,0,0,0,0,.000
newmac,New England Women's and Men's Athletic Conference (NEWMAC),2025-26,mlax,Springfield,Dominic Savastano,,,,14,0,0,0,0,0,0,0,0,0,0,0,0,0,0,0,0,0,0,0,0,0,0,40,40,28,0,3,0,00:00,0,80,1.000,,,,,,,,,,,,,,,3,3,0,2,2,0,1.000
newmac,New England Women's and Men's Athletic Conference (NEWMAC),2025-26,mlax,Springfield,Riley  Burgmyer,,,,17,12,0,0,0,0,0,1,9,2,1,1,0,0,0,0,0,0,0,2,2,0,0,0,0,17,0,17,1,720:00,0,0,1.000,,,,,,,,,,,,,,,48,67,0,37,16,21,.716
newmac,New England Women's and Men's Athletic Conference (NEWMAC),2025-26,mlax,Springfield,Angus  Oliviera,,,,17,17,0,0,0,0,0,0,0,0,0,0,0,0,0,0,0,0,0,6,3,0,0,0,1,40,0,11,25,1020:00,0,1,1.000,,,,,,,,,,,,,,,2,3,0,1,1,0,.667
newmac,New England Women's and Men's Athletic Conference (NEWMAC),2025-26,mlax,Springfield,Dylan  Brown,,,,2,0,0,0,0,0,0,0,0,0,0,0,0,0,0,0,0,0,0,0,0,0,0,0,0,1,0,0,0,00:00,0,0,1.000,,,,,,,,,,,,,,,0,0,0,0,0,0,.000
newmac,New England Women's and Men's Athletic Conference (NEWMAC),2025-26,mlax,Springfield,Ian Cote,,,,1,0,0,0,0,0,0,0,0,0,0,0,0,0,0,0,0,0,0,0,0,0,0,0,0,0,0,0,0,00:00,0,0,1.000,1,06:32,1,2,0,0,0,0,0,0,0,7,9.18,.667,0,0,0,0,0,0,.000
newmac,New England Women's and Men's Athletic Conference (NEWMAC),2025-26,mlax,Springfield,Bryan Stensrud,,,,5,0,0,0,0,0,0,0,1,0,1,1,0,0,0,0,0,0,0,0,0,0,0,0,0,5,0,7,1,00:00,0,0,1.000,,,,,,,,,,,,,,,8,9,0,10,3,7,.889
newmac,New England Women's and Men's Athletic Conference (NEWMAC),2025-26,mlax,Springfield,Joseph Sabella,,,,2,0,0,0,0,0,0,0,0,0,0,0,0,0,0,0,0,0,0,0,0,0,0,0,0,1,0,0,0,00:00,0,0,1.000,,,,,,,,,,,,,,,0,0,0,0,0,0,.000
newmac,New England Women's and Men's Athletic Conference (NEWMAC),2025-26,mlax,Springfield,Jake Degnan,,,,17,17,0,0,0,0,0,3,14,0,2,0,0,0,0,0,0,0,0,1,1,0,0,0,0,20,0,15,4,1020:00,0,0,1.000,,,,,,,,,,,,,,,84,139,0,55,15,40,.604
newmac,New England Women's and Men's Athletic Conference (NEWMAC),2025-26,mlax,Springfield,Chase Docker,,,,1,0,0,0,0,0,0,0,0,0,0,0,0,0,0,0,0,0,0,0,0,0,0,0,0,1,0,0,0,00:00,0,0,1.000,,,,,,,,,,,,,,,0,1,0,0,0,0,.000
newmac,New England Women's and Men's Athletic Conference (NEWMAC),2025-26,mlax,Springfield,Nick Savastano,,,,10,0,0,0,0,0,0,0,0,0,1,0,0,0,0,0,0,0,0,0,0,0,0,0,0,1,0,5,0,00:00,0,0,1.000,,,,,,,,,,,,,,,5,11,0,2,1,1,.455
newmac,New England Women's and Men's Athletic Conference (NEWMAC),2025-26,mlax,Springfield,Charlie Vath,,,,11,0,0,0,0,0,0,0,3,0,0,0,0,0,0,0,0,0,0,0,0,0,0,0,0,3,0,6,0,00:00,0,0,1.000,,,,,,,,,,,,,,,11,16,0,4,0,4,.688
newmac,New England Women's and Men's Athletic Conference (NEWMAC),2025-26,mlax,Springfield,Zachary Rabin,,,,3,0,0,0,0,0,0,0,0,0,0,0,0,0,0,0,0,0,0,0,1,0,0,0,0,0,0,0,0,00:00,0,0,1.000,,,,,,,,,,,,,,,1,1,0,1,0,1,1.000
newmac,New England Women's and Men's Athletic Conference (NEWMAC),2025-26,mlax,Springfield,Colin Norred,,,,2,0,0,0,0,0,0,0,0,0,0,0,0,0,0,0,0,0,0,0,0,0,0,1,0,0,0,0,0,00:00,0,1,1.000,1,08:28,3,1,0,0,0,0,0,0,0,5,21.26,.250,0,0,0,0,0,0,.000
newmac,New England Women's and Men's Athletic Conference (NEWMAC),2025-26,mlax,Springfield,Gabe Carrero,,,,0,0,,,,,,,,,,,,,,,,,,,,,,,,,,,,,,,,,,,,,,,,,,,,,,,,,,,,
newmac,New England Women's and Men's Athletic Conference (NEWMAC),2025-26,mlax,Springfield,Troy Van Orden,,,,3,0,0,0,0,0,0,0,0,0,0,0,0,0,0,0,0,0,0,0,0,0,0,0,0,0,0,0,0,00:00,0,0,1.000,,,,,,,,,,,,,,,0,0,0,0,0,0,.000
newmac,New England Women's and Men's Athletic Conference (NEWMAC),2025-26,mlax,Springfield,Toby Oliveira,,,,17,17,0,0,0,0,0,0,0,0,0,0,0,0,0,0,0,0,0,3,5,0,0,0,0,29,0,7,14,1020:00,0,0,1.000,,,,,,,,,,,,,,,0,0,0,0,0,0,.000
newmac,New England Women's and Men's Athletic Conference (NEWMAC),2025-26,mlax,Springfield,Conor  Connally,,,,2,0,0,0,0,0,0,0,0,0,0,0,0,0,0,0,0,0,0,0,0,0,0,0,0,0,0,0,0,00:00,0,0,1.000,,,,,,,,,,,,,,,0,0,0,0,0,0,.000
newmac,New England Women's and Men's Athletic Conference (NEWMAC),2025-26,mlax,Springfield,Mason Simpson,,,,1,0,0,0,0,0,0,0,0,0,0,0,0,0,0,0,0,0,0,0,0,0,0,0,0,0,0,0,0,00:00,0,0,1.000,,,,,,,,,,,,,,,1,1,0,0,0,0,1.000
newmac,New England Women's and Men's Athletic Conference (NEWMAC),2025-26,mlax,Springfield,Mason Nocito,,,,7,0,0,0,0,0,0,0,8,1,0,0,0,0,0,0,0,0,0,1,0,0,0,0,0,9,0,17,2,00:00,0,0,1.000,,,,,,,,,,,,,,,25,53,0,19,3,16,.472
newmac,New England Women's and Men's Athletic Conference (NEWMAC),2025-26,mlax,Springfield,Michael Kuziak,,,,4,0,0,0,0,0,0,0,0,0,0,0,0,0,0,0,0,0,0,0,0,0,0,0,0,1,0,2,0,00:00,0,0,1.000,,,,,,,,,,,,,,,1,1,0,0,0,0,1.000
newmac,New England Women's and Men's Athletic Conference (NEWMAC),2025-26,mlax,Springfield,Ryan Berkel,,,,17,5,0,0,0,0,0,0,1,0,1,1,0,0,0,0,0,0,0,3,3,0,0,0,0,9,0,30,2,300:00,0,0,1.000,,,,,,,,,,,,,,,17,31,0,17,10,7,.548
newmac,New England Women's and Men's Athletic Conference (NEWMAC),2025-26,mlax,Springfield,Sal  Posillico,,,,11,0,0,0,0,0,0,0,1,0,0,0,0,0,0,0,0,0,0,0,0,0,0,1,0,3,0,1,2,00:00,0,1,1.000,,,,,,,,,,,,,,,2,3,0,5,4,1,.667
newmac,New England Women's and Men's Athletic Conference (NEWMAC),2025-26,mlax,Springfield,Zach Barden,,,,17,0,0,0,0,0,0,0,0,0,0,0,0,0,0,0,0,0,0,1,0,0,0,0,0,3,0,3,1,00:00,0,0,1.000,,,,,,,,,,,,,,,6,7,0,1,0,1,.857
newmac,New England Women's and Men's Athletic Conference (NEWMAC),2025-26,mlax,Springfield,Sam Serrano,,,,5,0,0,0,0,0,0,0,2,0,0,0,0,0,0,0,0,0,0,0,0,0,0,0,0,2,0,1,0,00:00,0,0,1.000,,,,,,,,,,,,,,,4,4,0,3,1,2,1.000
newmac,New England Women's and Men's Athletic Conference (NEWMAC),2025-26,mlax,Springfield,Ryan McDonald,,,,17,0,0,0,0,0,0,0,2,0,0,0,0,0,0,0,0,0,0,0,2,0,0,0,0,8,0,8,3,00:00,0,0,1.000,,,,,,,,,,,,,,,4,4,0,5,2,3,1.000
newmac,New England Women's and Men's Athletic Conference (NEWMAC),2025-26,mlax,Springfield,Jack  Shay,,,,2,0,0,0,0,0,0,0,0,0,0,0,0,0,0,0,0,0,0,0,0,0,0,0,0,0,0,0,0,00:00,0,0,1.000,,,,,,,,,,,,,,,1,1,0,0,0,0,1.000
newmac,New England Women's and Men's Athletic Conference (NEWMAC),2025-26,mlax,Springfield,Kevin Tierney,,,,17,17,0,0,0,0,0,1,6,1,0,3,0,0,0,0,0,0,0,1,0,0,0,0,0,23,0,31,5,1020:00,0,0,1.000,,,,,,,,,,,,,,,54,93,0,40,19,21,.581
newmac,New England Women's and Men's Athletic Conference (NEWMAC),2025-26,mlax,Springfield,Anders Norman,,,,17,0,0,0,0,0,0,0,0,0,0,0,0,0,0,0,0,0,0,1,1,0,0,0,0,14,0,3,9,00:00,0,0,1.000,,,,,,,,,,,,,,,3,4,0,0,0,0,.750
newmac,New England Women's and Men's Athletic Conference (NEWMAC),2025-26,mlax,Springfield,Gabriel Carrero,,,,2,0,0,0,0,0,0,0,0,0,0,0,0,0,0,0,0,0,0,0,0,0,0,0,0,2,0,1,0,00:00,0,0,1.000,,,,,,,,,,,,,,,0,0,0,0,0,0,.000
newmac,New England Women's and Men's Athletic Conference (NEWMAC),2025-26,mlax,Wheaton,Trey Gagne,,,,9,0,0,0,0,0,0,0,0,0,0,0,0,0,0,0,0,0,0,1,0,0,0,5,12,8,0,4,1,00:00,0,17,1.000,,,,,,,,,,,,,,,0,0,0,0,0,0,.000
newmac,New England Women's and Men's Athletic Conference (NEWMAC),2025-26,mlax,Wheaton,Brendan Wojnarowicz,,,,9,4,0,0,0,0,0,0,0,0,0,0,0,0,0,0,0,0,0,2,0,0,0,0,0,3,0,1,5,267:00,16,0,1.000,,,,,,,,,,,,,,,0,0,0,0,0,0,.000
newmac,New England Women's and Men's Athletic Conference (NEWMAC),2025-26,mlax,Wheaton,Chris Bodnaruk,,,,15,15,0,0,0,0,0,0,0,0,0,0,0,0,0,0,0,0,0,1,0,0,0,156,183,48,0,5,0,930:00,51,339,1.000,,,,,,,,,,,,,,,0,0,0,0,0,0,.000
newmac,New England Women's and Men's Athletic Conference (NEWMAC),2025-26,mlax,Wheaton,Charlie Racine,,,,11,11,0,0,0,0,0,0,6,0,4,1,0,0,0,0,0,0,0,1,0,0,0,9,22,28,0,14,7,690:00,51,31,1.000,,,,,,,,,,,,,,,35,60,0,25,11,14,.583
newmac,New England Women's and Men's Athletic Conference (NEWMAC),2025-26,mlax,Wheaton,Tucker Johnson,,,,15,0,0,0,0,0,0,0,0,0,0,0,0,0,0,0,0,0,0,2,3,0,0,0,0,16,0,6,5,00:00,0,0,1.000,,,,,,,,,,,,,,,4,5,0,2,1,1,.800
newmac,New England Women's and Men's Athletic Conference (NEWMAC),2025-26,mlax,Wheaton,Hunter Pelletier,,,,3,0,0,0,0,0,0,0,1,0,0,0,0,0,0,0,0,0,0,0,0,0,0,0,0,1,0,3,0,00:00,0,0,1.000,,,,,,,,,,,,,,,1,1,0,1,0,1,1.000
newmac,New England Women's and Men's Athletic Conference (NEWMAC),2025-26,mlax,Wheaton,Pason Fielding,,,,15,15,0,0,0,0,0,0,1,0,0,0,0,0,0,0,0,0,0,1,1,0,0,0,0,42,0,11,20,930:00,51,0,1.000,,,,,,,,,,,,,,,5,7,0,2,1,1,.714
newmac,New England Women's and Men's Athletic Conference (NEWMAC),2025-26,mlax,Wheaton,Mike McLaughlin,,,,15,3,0,0,0,0,0,0,13,0,2,1,0,0,0,0,0,0,1,3,1,0,0,0,0,26,0,24,12,180:00,0,0,1.000,,,,,,,,,,,,,,,49,82,0,39,14,25,.598
newmac,New England Women's and Men's Athletic Conference (NEWMAC),2025-26,mlax,Wheaton,Will Durkee,,,,14,0,0,0,0,0,0,0,1,0,0,0,0,0,0,0,0,0,0,1,0,0,0,0,0,8,0,10,0,00:00,0,0,1.000,,,,,,,,,,,,,,,8,20,0,8,4,4,.400
newmac,New England Women's and Men's Athletic Conference (NEWMAC),2025-26,mlax,Wheaton,Evan Borchert,,,,3,0,0,0,0,0,0,0,0,0,0,0,0,0,0,0,0,0,0,0,0,0,0,0,0,0,0,0,0,00:00,0,0,1.000,3,15:39,4,6,0,0,0,0,0,0,0,14,15.34,.600,0,0,0,0,0,0,.000
newmac,New England Women's and Men's Athletic Conference (NEWMAC),2025-26,mlax,Wheaton,Jack Walter,,,,14,3,0,0,0,0,0,0,0,0,0,0,0,0,0,0,0,0,0,0,1,0,0,0,0,10,0,5,2,183:00,35,0,1.000,,,,,,,,,,,,,,,1,1,0,0,0,0,1.000
newmac,New England Women's and Men's Athletic Conference (NEWMAC),2025-26,mlax,Wheaton,Brett Bouvier,,,,3,0,0,0,0,0,0,0,0,0,0,0,0,0,0,0,0,0,0,0,0,0,0,0,0,0,0,0,0,00:00,0,0,1.000,,,,,,,,,,,,,,,0,0,0,0,0,0,.000
newmac,New England Women's and Men's Athletic Conference (NEWMAC),2025-26,mlax,Wheaton,Kieran Phillips,,,,2,0,0,0,0,0,0,0,0,0,0,0,0,0,0,0,0,0,0,0,0,0,0,0,0,0,0,0,0,00:00,0,0,1.000,1,1:42,0,0,0,0,0,0,0,0,0,0,.00,.000,0,1,0,0,0,0,.000
newmac,New England Women's and Men's Athletic Conference (NEWMAC),2025-26,mlax,Wheaton,Evan Paturzo,,,,15,0,0,0,0,0,0,1,9,0,1,2,0,0,0,0,0,0,0,0,1,0,0,0,0,6,0,16,2,00:00,0,0,1.000,,,,,,,,,,,,,,,36,47,0,29,7,22,.766
newmac,New England Women's and Men's Athletic Conference (NEWMAC),2025-26,mlax,Wheaton,Zac Dilauri,,,,15,0,0,0,0,0,0,0,1,0,0,0,0,0,0,0,0,0,0,0,1,0,0,0,0,11,0,10,1,00:00,0,0,1.000,,,,,,,,,,,,,,,7,9,0,4,2,2,.778
newmac,New England Women's and Men's Athletic Conference (NEWMAC),2025-26,mlax,Wheaton,Ethan Upham,,,,4,0,0,0,0,0,0,0,0,0,0,0,0,0,0,0,0,0,0,0,0,0,0,0,3,0,0,0,0,00:00,0,3,1.000,,,,,,,,,,,,,,,0,0,0,0,0,0,.000
newmac,New England Women's and Men's Athletic Conference (NEWMAC),2025-26,mlax,Wheaton,Theo Stamatel,,,,15,15,0,0,0,0,0,1,5,0,2,0,0,0,0,0,0,0,0,0,0,0,0,0,0,22,0,15,3,930:00,51,0,1.000,,,,,,,,,,,,,,,20,27,0,33,22,11,.741
newmac,New England Women's and Men's Athletic Conference (NEWMAC),2025-26,mlax,Wheaton,Henry Stamatel,,,,15,15,0,0,0,0,0,0,0,0,0,0,0,0,0,0,0,0,0,2,1,0,0,0,1,38,0,8,15,930:00,51,1,1.000,,,,,,,,,,,,,,,0,0,0,0,0,0,.000
newmac,New England Women's and Men's Athletic Conference (NEWMAC),2025-26,mlax,Wheaton,Jacob Mullaly,,,,3,0,0,0,0,0,0,0,0,0,0,0,0,0,0,0,0,0,0,0,0,0,0,0,0,0,0,0,0,00:00,0,0,1.000,,,,,,,,,,,,,,,1,1,0,0,0,0,1.000
newmac,New England Women's and Men's Athletic Conference (NEWMAC),2025-26,mlax,Wheaton,John Schulz,,,,13,10,0,0,0,0,0,0,0,0,0,0,0,0,0,0,0,0,0,1,0,0,0,0,0,10,0,5,7,627:00,16,0,1.000,,,,,,,,,,,,,,,1,1,0,0,0,0,1.000
newmac,New England Women's and Men's Athletic Conference (NEWMAC),2025-26,mlax,Wheaton,Ryan Jackson,,,,4,2,0,0,0,0,0,0,0,0,0,0,0,0,0,0,0,0,0,0,0,0,0,0,0,0,0,1,1,120:00,0,0,1.000,,,,,,,,,,,,,,,0,0,0,0,0,0,.000
newmac,New England Women's and Men's Athletic Conference (NEWMAC),2025-26,mlax,Wheaton,John Drew,,,,7,0,0,0,0,0,0,0,0,0,0,0,0,0,0,0,0,0,0,0,0,0,0,0,0,3,0,1,0,07:00,52,0,1.000,5,26:36,6,7,0,0,0,0,0,0,0,21,13.53,.538,0,2,0,0,0,0,.000
newmac,New England Women's and Men's Athletic Conference (NEWMAC),2025-26,mlax,Wheaton,Wyatt Rauner,,,,0,0,,,,,,,,,,,,,,,,,,,,,,,,,,,,,,,,,,,,,,,,,,,,,,,,,,,,
newmac,New England Women's and Men's Athletic Conference (NEWMAC),2025-26,mlax,Wheaton,Michael Ellis,,,,2,0,0,0,0,0,0,0,0,0,0,0,0,0,0,0,0,0,0,0,0,0,0,0,0,0,0,0,1,00:00,0,0,1.000,,,,,,,,,,,,,,,0,0,0,0,0,0,.000
newmac,New England Women's and Men's Athletic Conference (NEWMAC),2025-26,mlax,Wheaton,Haden Pelletier,,,,2,0,0,0,0,0,0,0,0,0,0,0,0,0,0,0,0,0,0,0,0,0,0,0,0,0,0,0,0,00:00,0,0,1.000,,,,,,,,,,,,,,,0,0,0,0,0,0,.000
newmac,New England Women's and Men's Athletic Conference (NEWMAC),2025-26,mlax,Wheaton,Karter Noyes,,,,11,1,0,0,0,0,0,0,1,0,0,0,0,0,0,0,0,0,0,1,3,0,0,0,0,14,0,6,3,60:00,0,0,1.000,,,,,,,,,,,,,,,5,6,0,3,1,2,.833
newmac,New England Women's and Men's Athletic Conference (NEWMAC),2025-26,mlax,Wheaton,Lucas Mehlhorn,,,,14,0,0,0,0,0,0,0,1,0,0,0,0,0,0,0,0,0,0,0,0,0,0,0,0,3,0,2,1,00:00,0,0,1.000,,,,,,,,,,,,,,,7,11,0,1,0,1,.636
newmac,New England Women's and Men's Athletic Conference (NEWMAC),2025-26,mlax,Wheaton,Colin Willoe,,,,2,0,0,0,0,0,0,0,0,0,0,0,0,0,0,0,0,0,0,0,0,0,0,0,0,0,0,0,0,00:00,0,0,1.000,,,,,,,,,,,,,,,0,0,0,0,0,0,.000
newmac,New England Women's and Men's Athletic Conference (NEWMAC),2025-26,mlax,Wheaton,Mitch Tepedino,,,,13,0,0,0,0,0,0,0,5,0,0,0,0,0,0,0,0,0,0,1,1,0,0,0,0,14,0,7,4,00:00,0,0,1.000,,,,,,,,,,,,,,,23,46,0,12,3,9,.500
newmac,New England Women's and Men's Athletic Conference (NEWMAC),2025-26,mlax,Wheaton,Lagan Salathe,,,,13,11,0,0,0,0,0,0,0,0,0,0,0,0,0,0,0,0,0,4,0,0,0,0,0,3,0,2,5,663:00,35,0,1.000,,,,,,,,,,,,,,,0,0,0,0,0,0,.000
newmac,New England Women's and Men's Athletic Conference (NEWMAC),2025-26,mlax,Wheaton,Emmett Edwards,,,,15,15,0,0,0,0,0,2,11,0,11,1,0,0,0,0,0,0,0,2,1,0,0,0,0,30,0,26,5,930:00,51,0,1.000,,,,,,,,,,,,,,,59,91,0,48,10,38,.648
newmac,New England Women's and Men's Athletic Conference (NEWMAC),2025-26,mlax,Wheaton,Connor Almstrom,,,,15,15,0,0,0,0,0,0,0,0,0,0,0,0,0,0,0,0,0,0,0,0,0,0,0,40,0,15,0,922:00,59,0,1.000,15,859:38,174,197,0,7,9,0,2,0,0,612,12.14,.531,1,1,0,0,0,0,1.000
newmac,New England Women's and Men's Athletic Conference (NEWMAC),2025-26,mlax,Wheaton,Zach Wyborney,,,,8,0,0,0,0,0,0,0,1,0,0,0,0,0,0,0,0,0,0,0,0,0,0,0,0,5,0,0,4,00:00,0,0,1.000,,,,,,,,,,,,,,,2,2,0,1,0,1,1.000
newmac,New England Women's and Men's Athletic Conference (NEWMAC),2025-26,mlax,Wheaton,Jack Board,,,,15,0,0,0,0,0,0,0,6,0,0,2,0,0,0,0,0,0,0,1,0,0,0,0,0,13,0,24,2,00:00,0,0,1.000,,,,,,,,,,,,,,,52,83,0,22,8,14,.627
newmac,New England Women's and Men's Athletic Conference (NEWMAC),2025-26,mlax,Wheaton,Charlie Goodrich,,,,15,15,0,0,0,0,0,2,5,1,5,0,0,0,0,0,0,0,0,1,2,0,0,0,0,22,0,19,1,930:00,51,0,1.000,,,,,,,,,,,,,,,47,79,0,42,19,23,.595
newmac,New England Women's and Men's Athletic Conference (NEWMAC),2025-26,mlax,Wheaton,Declan Cavanaugh,,,,2,0,0,0,0,0,0,0,0,0,0,0,0,0,0,0,0,0,0,0,0,0,0,0,0,0,0,0,0,00:00,0,0,1.000,,,,,,,,,,,,,,,0,0,0,0,0,0,.000
newmac,New England Women's and Men's Athletic Conference (NEWMAC),2025-26,mlax,Wheaton,Liam Stewart,,,,3,0,0,0,0,0,0,0,0,0,0,0,0,0,0,0,0,0,0,0,0,0,0,0,0,0,0,0,0,00:00,0,0,1.000,,,,,,,,,,,,,,,1,1,0,0,0,0,1.000
newmac,New England Women's and Men's Athletic Conference (NEWMAC),2025-26,mlax,Wheaton,Emerson Bernardi,,,,7,0,0,0,0,0,0,0,0,0,0,0,0,0,0,0,0,0,0,0,0,0,0,1,11,0,0,0,0,00:00,0,12,1.000,,,,,,,,,,,,,,,0,0,0,0,0,0,.000
newmac,New England Women's and Men's Athletic Conference (NEWMAC),2025-26,mlax,Wheaton,Connor Davine,,,,4,0,0,0,0,0,0,0,0,0,0,0,0,0,0,0,0,0,0,0,0,0,0,0,0,5,0,0,1,00:00,0,0,1.000,,,,,,,,,,,,,,,3,3,0,1,0,1,1.000
