conference_code,conference,season,sport,team,player_name,class_year,position,uniform,games_played,games_started,attack_stats_hitting_pct,attack_stats_attempts,attack_stats_errors,attack_stats_kills,set_stats_assists,set_stats_errors,set_stats_attempts,set_stats_set_pct,serve_stats_aces,serve_stats_errors,serve_stats_attempts,serve_stats_serve_pct,defense_stats_defense_pct,defense_stats_attempts,defense_stats_receptions,defense_stats_digs,block_stats_total,block_stats_errors,block_stats_assists,block_stats_solos,misc_stats_points,misc_stats_ball_handling_errors,per_set_stats_kills,per_set_stats_assists,per_set_stats_digs,per_set_stats_blocks,per_set_stats_aces,per_set_stats_points
nwc,Northwest Conference (NWC),2025-26,wvball,Puget Sound,"Leith, Mackenzie",0,,8,89,11,.176,726,87,215,2,4,49,0,0,0,0,0,0,81,5,52,30,1,27,3,231.5,0,2.42,0.02,0.58,0.34,0.00,2.60
nwc,Northwest Conference (NWC),2025-26,wvball,Puget Sound,"Haselden, Hadley",0,,2,7,4,.083,12,1,2,1,0,5,0,0,0,0,0,0,1,0,3,2,0,2,0,3,0,0.29,0.14,0.43,0.29,0.00,0.43
nwc,Northwest Conference (NWC),2025-26,wvball,Puget Sound,"Warner, Jordan",0,,10,3,0,.200,10,0,2,18,0,41,0,0,0,14,0,0,0,0,1,0,0,0,0,2,0,0.67,6.00,0.33,0.00,0.00,0.67
nwc,Northwest Conference (NWC),2025-26,wvball,Puget Sound,"Friendy, Gianna",0,,18,40,0,.000,3,0,0,27,0,64,0,7,11,126,0,0,0,0,25,1,0,1,0,7.5,0,0.00,0.68,0.63,0.03,0.18,0.19
nwc,Northwest Conference (NWC),2025-26,wvball,Puget Sound,"Anderson, Akira",0,,1,89,48,.114,44,7,12,13,2,53,0,29,36,313,0,0,337,21,272,1,0,1,0,41.5,0,0.13,0.15,3.06,0.01,0.33,0.47
nwc,Northwest Conference (NWC),2025-26,wvball,Puget Sound,"Fagan, Erin",0,,4,91,59,.202,748,103,254,16,7,103,0,42,45,391,0,0,436,31,242,25,0,21,4,310.5,4,2.79,0.18,2.66,0.27,0.46,3.41
nwc,Northwest Conference (NWC),2025-26,wvball,Puget Sound,"Farley, Chamberlin",0,,6,39,0,-.250,4,1,0,3,0,7,0,2,0,12,0,0,28,5,18,0,0,0,0,2,0,0.00,0.08,0.46,0.00,0.05,0.05
nwc,Northwest Conference (NWC),2025-26,wvball,Puget Sound,"Fedota, Mia",0,,23,44,45,.273,150,16,57,3,2,12,0,0,0,0,0,0,0,0,11,24,1,18,6,72,2,1.30,0.07,0.25,0.55,0.00,1.64
nwc,Northwest Conference (NWC),2025-26,wvball,Puget Sound,"Garcia, Viviann",0,,3,9,0,-.118,17,4,2,0,0,4,0,0,0,13,0,0,9,1,8,1,0,1,0,2.5,0,0.22,0.00,0.89,0.11,0.00,0.28
nwc,Northwest Conference (NWC),2025-26,wvball,Puget Sound,"Higgins, Alexis",0,,16,11,0,.000,0,0,0,0,0,0,0,0,4,28,0,0,3,0,5,0,0,0,0,0,0,0.00,0.00,0.45,0.00,0.00,0.00
nwc,Northwest Conference (NWC),2025-26,wvball,Puget Sound,"Keightley, Samantha",0,,5,90,0,-.103,39,4,0,62,1,261,0,26,27,338,0,0,353,25,374,1,0,1,0,26.5,0,0.00,0.69,4.16,0.01,0.29,0.29
nwc,Northwest Conference (NWC),2025-26,wvball,Puget Sound,"Ly, Lauren",0,,9,50,4,.000,1,0,0,2,0,10,0,15,14,158,0,0,13,2,19,0,0,0,0,15,0,0.00,0.04,0.38,0.00,0.30,0.30
nwc,Northwest Conference (NWC),2025-26,wvball,Puget Sound,"Pick, Makela",0,,14,80,30,.183,420,78,155,4,4,44,0,1,1,7,0,0,2,0,60,25,0,24,1,169,1,1.94,0.05,0.75,0.31,0.01,2.11
nwc,Northwest Conference (NWC),2025-26,wvball,Puget Sound,"Raduziner, Nicolette",0,,17,11,4,.186,102,9,28,2,1,9,0,4,4,31,0,0,63,3,35,2,0,2,0,33,0,2.55,0.18,3.18,0.18,0.36,3.00
nwc,Northwest Conference (NWC),2025-26,wvball,Puget Sound,"Reed, Amelia",0,,12,75,29,.000,14,1,1,6,0,52,0,24,13,328,0,0,286,11,161,0,0,0,0,25,0,0.01,0.08,2.15,0.00,0.32,0.33
nwc,Northwest Conference (NWC),2025-26,wvball,Puget Sound,"Rush, Randi",0,,11,88,59,.233,159,4,41,902,11,2561,0,23,29,295,0,0,11,0,177,22,0,22,0,75,2,0.47,10.25,2.01,0.25,0.26,0.85
nwc,Northwest Conference (NWC),2025-26,wvball,Puget Sound,"Villegas, Hattie",0,,24,1,0,.000,1,0,0,0,0,0,0,0,0,0,0,0,0,0,0,0,0,0,0,0,0,0.00,0.00,0.00,0.00,0.00,0.00
nwc,Northwest Conference (NWC),2025-26,wvball,Puget Sound,"Badger, Maddie",0,,25,91,63,.382,646,83,330,1,3,52,0,2,5,29,0,0,5,1,34,78,4,56,22,382,5,3.63,0.01,0.37,0.86,0.02,4.20
nwc,Northwest Conference (NWC),2025-26,wvball,Puget Sound,"Coleman, Meredith",0,,21,6,4,.000,9,1,1,0,0,1,0,0,0,0,0,0,0,0,2,1,0,1,0,1.5,0,0.17,0.00,0.33,0.17,0.00,0.25
nwc,Northwest Conference (NWC),2025-26,wvball,Puget Sound,"Favor, Skya",0,,37,36,14,.266,169,28,73,1,1,24,0,0,1,6,0,0,0,0,6,23,0,15,8,88.5,1,2.03,0.03,0.17,0.64,0.00,2.46
nwc,Northwest Conference (NWC),2025-26,wvball,Puget Sound,"La Fever, Ellery",0,,15,18,0,.000,1,0,0,0,0,7,0,0,0,2,0,0,17,1,3,0,0,0,0,0,0,0.00,0.00,0.17,0.00,0.00,0.00
nwc,Northwest Conference (NWC),2025-26,wvball,Puget Sound,"Lundgren, Flannery",0,,19,5,0,.182,11,2,4,1,0,3,0,0,0,0,0,0,0,0,2,3,0,3,0,5.5,0,0.80,0.20,0.40,0.60,0.00,1.10
nwc,Northwest Conference (NWC),2025-26,wvball,Puget Sound,"McMaster, Ashley",0,,7,1,0,.000,0,0,0,0,0,0,0,0,0,0,0,0,0,0,0,0,0,0,0,0,0,0.00,0.00,0.00,0.00,0.00,0.00
nwc,Northwest Conference (NWC),2025-26,wvball,Puget Sound,"Harrington, Ursula",0,,20,13,4,.203,59,11,23,0,1,7,0,1,3,9,0,0,0,0,4,8,1,6,2,29,0,1.77,0.00,0.31,0.62,0.08,2.23
nwc,Northwest Conference (NWC),2025-26,wvball,Whitworth,"Cram, Rachel",0,,8,45,0,.000,7,0,0,17,0,58,0,5,5,106,0,0,99,6,69,0,0,0,0,5,0,0.00,0.38,1.53,0.00,0.11,0.11
nwc,Northwest Conference (NWC),2025-26,wvball,Whitworth,"Okemgbo, Amblessed",0,,9,109,43,.197,910,153,332,10,9,91,0,9,9,110,0,0,395,27,118,37,3,30,7,363,0,3.05,0.09,1.08,0.34,0.08,3.33
nwc,Northwest Conference (NWC),2025-26,wvball,Whitworth,"Rodriguez, Mya",0,,15,109,23,.121,91,7,18,533,11,1402,0,27,30,387,0,0,10,1,193,7,0,6,1,49,0,0.17,4.89,1.77,0.06,0.25,0.45
nwc,Northwest Conference (NWC),2025-26,wvball,Whitworth,"Hamer, Claire",0,,7,2,0,.000,0,0,0,0,0,0,0,0,0,1,0,0,0,0,0,0,0,0,0,0,0,0.00,0.00,0.00,0.00,0.00,0.00
nwc,Northwest Conference (NWC),2025-26,wvball,Whitworth,"Leach, Stephanie",0,,3,20,1,-.013,75,22,21,3,1,10,0,2,3,31,0,0,72,4,27,2,1,2,0,24,0,1.05,0.15,1.35,0.10,0.10,1.20
nwc,Northwest Conference (NWC),2025-26,wvball,Whitworth,"Short, Lindsey",0,,5,109,43,.228,657,104,254,6,9,61,0,0,1,3,0,0,4,1,60,59,2,54,5,286,0,2.33,0.06,0.55,0.54,0.00,2.62
nwc,Northwest Conference (NWC),2025-26,wvball,Whitworth,"Kremer, Lauren",0,,13,109,61,.334,554,60,245,22,2,95,0,31,37,349,0,0,13,1,75,99,0,80,19,335,3,2.25,0.20,0.69,0.91,0.28,3.07
nwc,Northwest Conference (NWC),2025-26,wvball,Whitworth,"Thompson, Josephine",0,,14,108,38,.109,119,7,20,514,10,1397,0,40,32,391,0,0,9,1,242,2,0,2,0,61,3,0.19,4.76,2.24,0.02,0.37,0.56
nwc,Northwest Conference (NWC),2025-26,wvball,Whitworth,"Harnden, Rylie",0,,10,98,57,.253,225,37,94,3,3,30,0,0,0,3,0,0,6,1,24,58,3,51,7,126.5,0,0.96,0.03,0.24,0.59,0.00,1.29
nwc,Northwest Conference (NWC),2025-26,wvball,Whitworth,"Paul, Olivia",0,,17,105,0,.108,37,3,7,77,5,356,0,47,27,384,0,0,513,25,354,0,0,0,0,54,0,0.07,0.73,3.37,0.00,0.45,0.51
nwc,Northwest Conference (NWC),2025-26,wvball,Whitworth,"Baird, Alyssa",0,,11,103,50,.210,789,102,268,14,3,133,0,15,15,272,0,0,435,24,209,29,1,24,5,300,0,2.60,0.14,2.03,0.28,0.15,2.91
nwc,Northwest Conference (NWC),2025-26,wvball,Whitworth,"Bush, Ali",0,,20,12,4,.200,20,3,7,0,0,6,0,0,0,0,0,0,0,0,9,11,0,11,0,12.5,0,0.58,0.00,0.75,0.92,0.00,1.04
nwc,Northwest Conference (NWC),2025-26,wvball,Whitworth,"Dodson, Bryanna",0,,12,109,28,-.054,74,16,12,34,5,170,0,33,27,427,0,0,410,10,318,3,0,2,1,47,0,0.11,0.31,2.92,0.03,0.30,0.43
nwc,Northwest Conference (NWC),2025-26,wvball,Whitworth,"Lee, Emerson",0,,22,0,0,,,,,,,,,,,,,,,,,,,,,,,0,0,0,0,0,0
nwc,Northwest Conference (NWC),2025-26,wvball,Whitworth,"McKenzie, Paige",0,,18,104,18,.121,380,69,115,1,4,59,0,0,0,0,0,0,3,1,46,40,4,38,2,136,0,1.11,0.01,0.44,0.38,0.00,1.31
nwc,Northwest Conference (NWC),2025-26,wvball,Whitworth,"Size, Peyton",0,,1,1,0,.000,0,0,0,0,0,0,0,0,0,0,0,0,1,0,0,1,0,1,0,0,0,0.00,0.00,0.00,1.00,0.00,0.00
nwc,Northwest Conference (NWC),2025-26,wvball,Whitworth,"Steele, Haylie",0,,2,0,0,,,,,,,,,,,,,,,,,,,,,,,0,0,0,0,0,0
nwc,Northwest Conference (NWC),2025-26,wvball,Pacific Lutheran ,"Goto, Haley",0,,22,86,55,.146,343,50,100,5,2,38,0,0,0,0,0,0,0,0,27,39,1,31,8,123.5,2,1.16,0.06,0.31,0.45,0.00,1.44
nwc,Northwest Conference (NWC),2025-26,wvball,Pacific Lutheran ,"Freer, Jordan",0,,3,18,0,-.167,6,1,0,26,2,94,0,3,2,21,0,0,0,0,10,1,2,1,0,3.5,0,0.00,1.44,0.56,0.06,0.17,0.19
nwc,Northwest Conference (NWC),2025-26,wvball,Pacific Lutheran ,"Eggert, Alexis",0,,11,95,56,.240,613,89,236,2,6,44,0,18,28,269,0,0,1,0,63,67,8,54,13,294,2,2.48,0.02,0.66,0.71,0.19,3.09
nwc,Northwest Conference (NWC),2025-26,wvball,Pacific Lutheran ,"Johnson, Bailey",0,,16,94,0,-.021,95,10,8,19,3,68,0,38,26,392,0,0,326,26,235,0,0,0,0,46,0,0.09,0.20,2.50,0.00,0.40,0.49
nwc,Northwest Conference (NWC),2025-26,wvball,Pacific Lutheran ,"Colliado, Savanna",0,,19,94,34,.065,31,1,3,16,1,93,0,29,27,352,0,0,359,20,225,0,0,0,0,32,0,0.03,0.17,2.39,0.00,0.31,0.34
nwc,Northwest Conference (NWC),2025-26,wvball,Pacific Lutheran ,"Allen-Greggs, Shaela",0,,23,94,48,.219,795,97,271,7,5,59,0,0,0,4,0,0,146,14,68,31,0,25,6,289.5,0,2.88,0.07,0.72,0.33,0.00,3.08
nwc,Northwest Conference (NWC),2025-26,wvball,Pacific Lutheran ,"Matsushima, Macy",0,,2,95,0,.034,29,1,2,70,3,354,0,39,27,404,0,0,448,36,428,0,0,0,0,41,0,0.02,0.74,4.51,0.00,0.41,0.43
nwc,Northwest Conference (NWC),2025-26,wvball,Pacific Lutheran ,"Takamoto, Ayre",0,,6,94,56,.220,214,14,61,812,21,2543,0,25,26,274,0,0,9,1,259,29,0,28,1,101,3,0.65,8.64,2.76,0.31,0.27,1.07
nwc,Northwest Conference (NWC),2025-26,wvball,Pacific Lutheran ,"Mulipola, Madi",0,,12,42,0,.000,15,2,2,4,0,13,0,10,15,105,0,0,101,18,42,0,0,0,0,12,0,0.05,0.10,1.00,0.00,0.24,0.29
nwc,Northwest Conference (NWC),2025-26,wvball,Pacific Lutheran ,"Pernsteiner, Julissa",0,,15,95,37,.189,677,101,229,5,7,56,0,0,1,3,0,0,14,0,37,47,5,38,9,257,2,2.41,0.05,0.39,0.49,0.00,2.71
nwc,Northwest Conference (NWC),2025-26,wvball,Pacific Lutheran ,"Deuz, Leilah Reese",0,,1,7,0,.000,0,0,0,0,0,1,0,0,0,3,0,0,5,0,0,0,0,0,0,0,0,0.00,0.00,0.00,0.00,0.00,0.00
nwc,Northwest Conference (NWC),2025-26,wvball,Pacific Lutheran ,"Paio, Je T'aime",0,,4,65,24,.169,332,32,88,10,4,90,0,16,16,265,0,0,316,23,169,7,1,7,0,107.5,1,1.35,0.15,2.60,0.11,0.25,1.65
nwc,Northwest Conference (NWC),2025-26,wvball,Pacific Lutheran ,"Freberg, Clare",0,,8,21,1,.208,53,4,15,1,0,15,0,0,0,0,0,0,0,0,6,10,0,9,1,20.5,0,0.71,0.05,0.29,0.48,0.00,0.98
nwc,Northwest Conference (NWC),2025-26,wvball,Pacific Lutheran ,"Rudd, Samia",0,,9,33,17,.000,125,34,34,0,0,8,0,0,2,4,0,0,2,0,12,10,0,10,0,39,0,1.03,0.00,0.36,0.30,0.00,1.18
nwc,Northwest Conference (NWC),2025-26,wvball,Pacific Lutheran ,"Hansma, Audrey",0,,5,23,0,.074,108,16,24,2,0,11,0,2,1,7,0,0,18,4,11,4,0,4,0,28,0,1.04,0.09,0.48,0.17,0.09,1.22
nwc,Northwest Conference (NWC),2025-26,wvball,Pacific Lutheran ,"Magoun, Mary",0,,13,14,8,.056,71,9,13,0,1,10,0,0,0,0,0,0,10,1,5,4,1,3,1,15.5,0,0.93,0.00,0.36,0.29,0.00,1.11
nwc,Northwest Conference (NWC),2025-26,wvball,Pacific Lutheran ,"Cabine, Maya",0,,21,2,0,.000,0,0,0,3,0,13,0,0,2,5,0,0,0,0,1,0,0,0,0,0,0,0.00,1.50,0.50,0.00,0.00,0.00
nwc,Northwest Conference (NWC),2025-26,wvball,Willamette,"Tokairin, Tasha",0,,15,14,3,-.033,30,4,3,0,1,6,0,0,0,2,0,0,1,0,4,3,0,3,0,4.5,0,0.21,0.00,0.29,0.21,0.00,0.32
nwc,Northwest Conference (NWC),2025-26,wvball,Willamette,"Hughes, Alayna",0,,4,80,2,-.071,14,3,2,17,5,87,0,33,22,297,0,0,273,26,141,0,1,0,0,35,0,0.03,0.21,1.76,0.00,0.41,0.44
nwc,Northwest Conference (NWC),2025-26,wvball,Willamette,"Jameson, Caroline",0,,5,95,38,.197,679,111,245,9,4,63,0,0,1,9,0,0,15,1,50,43,8,38,5,269,2,2.58,0.09,0.53,0.45,0.00,2.83
nwc,Northwest Conference (NWC),2025-26,wvball,Willamette,"Cramer, Katey",0,,10,73,29,.186,716,102,235,1,7,47,0,12,23,153,0,0,280,28,100,14,1,12,2,255,0,3.22,0.01,1.37,0.19,0.16,3.49
nwc,Northwest Conference (NWC),2025-26,wvball,Willamette,"Teske, Riley",0,,12,4,2,.000,1,0,0,2,1,18,0,0,1,6,0,0,0,0,1,0,0,0,0,0,0,0.00,0.50,0.25,0.00,0.00,0.00
nwc,Northwest Conference (NWC),2025-26,wvball,Willamette,"Chu, Leina",0,,9,95,38,.188,112,5,26,844,30,2655,0,18,13,321,0,0,13,2,211,9,1,9,0,48.5,1,0.27,8.88,2.22,0.09,0.19,0.51
nwc,Northwest Conference (NWC),2025-26,wvball,Willamette,"Freitas, Emalia",0,,14,90,39,.232,379,59,147,8,3,28,0,25,41,243,0,0,4,0,58,41,4,29,12,198.5,2,1.63,0.09,0.64,0.46,0.28,2.21
nwc,Northwest Conference (NWC),2025-26,wvball,Willamette,"Takemoto, Dream",0,,1,95,0,.000,39,6,6,75,3,382,0,28,35,359,0,0,401,33,453,0,0,0,0,34,0,0.06,0.79,4.77,0.00,0.29,0.36
nwc,Northwest Conference (NWC),2025-26,wvball,Willamette,"Scott, Lexie",0,,7,76,18,.197,699,115,253,1,1,37,0,0,0,3,0,0,84,15,46,7,1,5,2,257.5,0,3.33,0.01,0.61,0.09,0.00,3.39
nwc,Northwest Conference (NWC),2025-26,wvball,Willamette,"Hopper, Katelynn",0,,24,94,40,.130,193,24,49,5,0,19,0,0,0,0,0,0,7,2,32,50,9,41,9,78.5,0,0.52,0.05,0.34,0.53,0.00,0.84
nwc,Northwest Conference (NWC),2025-26,wvball,Willamette,"Brewster, Maddy",0,,17,6,0,.333,3,0,1,0,0,0,0,1,2,5,0,0,0,0,1,0,0,0,0,2,0,0.17,0.00,0.17,0.00,0.17,0.33
nwc,Northwest Conference (NWC),2025-26,wvball,Willamette,"Sorem, Cora",0,,18,20,3,.053,76,15,19,2,0,9,0,4,7,31,0,0,20,0,11,8,1,6,2,28,0,0.95,0.10,0.55,0.40,0.20,1.40
nwc,Northwest Conference (NWC),2025-26,wvball,Willamette,"Sorenson, Tai",0,,8,95,4,.067,15,1,2,24,4,86,0,29,25,328,0,0,225,14,186,1,2,0,1,32,0,0.02,0.25,1.96,0.01,0.31,0.34
nwc,Northwest Conference (NWC),2025-26,wvball,Willamette,"Worsley, Lylah",0,,20,1,0,.000,0,0,0,0,0,0,0,0,0,0,0,0,1,0,0,0,0,0,0,0,0,0.00,0.00,0.00,0.00,0.00,0.00
nwc,Northwest Conference (NWC),2025-26,wvball,Willamette,"Velez, Chelsea",0,,18,90,24,.084,430,77,113,10,4,68,0,30,45,289,0,0,432,19,216,11,2,9,2,149.5,0,1.26,0.11,2.40,0.12,0.33,1.66
nwc,Northwest Conference (NWC),2025-26,wvball,Linfield,"Watanabe, Araeya",0,,16,41,8,.081,234,43,62,3,4,27,0,1,2,12,0,0,115,9,43,7,0,5,2,67.5,0,1.51,0.07,1.05,0.17,0.02,1.65
nwc,Northwest Conference (NWC),2025-26,wvball,Linfield,"Madarang-Brandes, Anela",0,,3,5,0,-1.000,1,1,0,0,0,1,0,0,0,1,0,0,8,2,3,0,0,0,0,0,0,0.00,0.00,0.60,0.00,0.00,0.00
nwc,Northwest Conference (NWC),2025-26,wvball,Linfield,"DePonte, Journey",0,,7,3,0,.000,10,3,3,0,0,1,0,0,0,0,0,0,0,0,1,0,0,0,0,3,0,1.00,0.00,0.33,0.00,0.00,1.00
nwc,Northwest Conference (NWC),2025-26,wvball,Linfield,"Myre, Nora",0,,11,84,51,.161,794,136,264,12,5,125,0,33,30,333,0,0,415,21,287,18,1,15,3,307.5,0,3.14,0.14,3.42,0.21,0.39,3.66
nwc,Northwest Conference (NWC),2025-26,wvball,Linfield,"Hirst, Camryn",0,,12,14,4,.000,23,5,5,0,0,0,0,0,1,4,0,0,0,0,0,3,2,2,1,7,0,0.36,0.00,0.00,0.21,0.00,0.50
nwc,Northwest Conference (NWC),2025-26,wvball,Linfield,"Coughlin, Cam",0,,17,20,0,-.024,84,22,20,1,1,5,0,0,2,4,0,0,0,0,2,10,1,8,2,26,0,1.00,0.05,0.10,0.50,0.00,1.30
nwc,Northwest Conference (NWC),2025-26,wvball,Linfield,"Banuelos, Margaritah",0,,15,76,22,-.094,32,4,1,282,12,977,0,13,21,230,0,0,5,0,149,1,0,1,0,14.5,0,0.01,3.71,1.96,0.01,0.17,0.19
nwc,Northwest Conference (NWC),2025-26,wvball,Linfield,"Goss, Dannika",0,,2,13,0,.100,10,1,2,37,2,139,0,2,6,39,0,0,2,0,16,0,0,0,0,4,0,0.15,2.85,1.23,0.00,0.15,0.31
nwc,Northwest Conference (NWC),2025-26,wvball,Linfield,"Hirahara, Pi'ilani",0,,6,84,29,.054,37,4,6,395,11,1282,0,27,28,286,0,0,3,0,124,1,0,1,0,33.5,0,0.07,4.70,1.48,0.01,0.32,0.40
nwc,Northwest Conference (NWC),2025-26,wvball,Linfield,"Hough, Kaitlyn",0,,10,21,0,.122,90,14,25,2,1,11,0,0,0,0,0,0,10,2,10,3,1,3,0,26.5,0,1.19,0.10,0.48,0.14,0.00,1.26
nwc,Northwest Conference (NWC),2025-26,wvball,Linfield,"Mawdsley, Katelyn",0,,13,80,51,.170,347,67,126,7,5,57,0,2,6,45,0,0,23,2,21,38,3,32,6,150,0,1.58,0.09,0.26,0.48,0.03,1.88
nwc,Northwest Conference (NWC),2025-26,wvball,Linfield,"Alvarez, Maria",0,,1,6,3,.000,0,0,0,0,0,3,0,0,0,9,0,0,15,3,6,0,0,0,0,0,0,0.00,0.00,1.00,0.00,0.00,0.00
nwc,Northwest Conference (NWC),2025-26,wvball,Linfield,"Alefaio-Foifua, Naia",0,,9,80,4,.048,21,3,4,72,0,311,0,30,46,284,0,0,422,26,316,0,0,0,0,34,1,0.05,0.90,3.95,0.00,0.38,0.43
nwc,Northwest Conference (NWC),2025-26,wvball,Linfield,"Rietdyk, Kaylea",0,,14,37,1,.000,8,0,0,11,1,60,0,4,4,42,0,0,131,9,47,0,0,0,0,4,0,0.00,0.30,1.27,0.00,0.11,0.11
nwc,Northwest Conference (NWC),2025-26,wvball,Linfield,"Pomele, Dani",0,,28,18,0,.135,37,7,12,0,0,3,0,0,0,0,0,0,3,1,3,4,3,4,0,14,0,0.67,0.00,0.17,0.22,0.00,0.78
nwc,Northwest Conference (NWC),2025-26,wvball,Linfield,"Taliloa, Lani",0,,36,72,30,.151,444,86,153,5,3,33,0,12,9,118,0,0,128,4,81,30,3,28,2,181,0,2.13,0.07,1.13,0.42,0.17,2.51
nwc,Northwest Conference (NWC),2025-26,wvball,Linfield,"Montiel, Tatum",0,,37,72,37,.123,422,69,121,4,1,38,0,1,2,11,0,0,16,2,34,15,4,12,3,131,1,1.68,0.06,0.47,0.21,0.01,1.82
nwc,Northwest Conference (NWC),2025-26,wvball,Linfield,"Pa'aluhi, Paige",0,,5,25,2,.500,2,0,1,1,2,9,0,6,12,60,0,0,100,10,53,0,0,0,0,7,0,0.04,0.04,2.12,0.00,0.24,0.28
nwc,Northwest Conference (NWC),2025-26,wvball,Linfield,"Rodriguez, Bella",0,,18,37,11,.133,15,1,3,14,2,50,0,4,14,88,0,0,188,12,72,1,0,1,0,7.5,0,0.08,0.38,1.95,0.03,0.11,0.20
nwc,Northwest Conference (NWC),2025-26,wvball,Linfield,"Elfner, Care",0,,26,1,0,.000,0,0,0,0,0,0,0,0,0,0,0,0,1,0,1,0,0,0,0,0,0,0.00,0.00,1.00,0.00,0.00,0.00
nwc,Northwest Conference (NWC),2025-26,wvball,Linfield,"Millard, Madison",0,,19,76,47,.165,328,44,98,6,3,51,0,27,36,222,0,0,9,0,35,61,6,52,9,160,0,1.29,0.08,0.46,0.80,0.36,2.11
nwc,Northwest Conference (NWC),2025-26,wvball,Linfield,"Carter, Loke",0,,24,2,0,.000,6,2,2,0,0,2,0,0,1,1,0,0,0,0,0,0,0,0,0,2,0,1.00,0.00,0.00,0.00,0.00,1.00
nwc,Northwest Conference (NWC),2025-26,wvball,Linfield,"Vu, Grace",0,,4,0,0,,,,,,,,,,,,,,,,,,,,,,,0,0,0,0,0,0
nwc,Northwest Conference (NWC),2025-26,wvball,Linfield,"Gaboury-Parker, Autumn",0,,8,31,6,.000,141,30,30,2,1,14,0,0,0,2,0,0,2,0,8,20,0,20,0,40,0,0.97,0.06,0.26,0.65,0.00,1.29
nwc,Northwest Conference (NWC),2025-26,wvball,Linfield,"Ochoha, Ruby",0,,23,0,0,,,,,,,,,,,,,,,,,,,,,,,0,0,0,0,0,0
nwc,Northwest Conference (NWC),2025-26,wvball,Linfield,"Togia, Lola",0,,27,1,0,1.000,1,0,1,2,0,7,0,0,0,0,0,0,0,0,1,0,0,0,0,1,0,1.00,2.00,1.00,0.00,0.00,1.00
nwc,Northwest Conference (NWC),2025-26,wvball,Linfield,"Maika, Ella",0,,34,0,0,,,,,,,,,,,,,,,,,,,,,,,0,0,0,0,0,0
nwc,Northwest Conference (NWC),2025-26,wvball,Whitman,"Bartok, Jamie",0,,4,80,0,.047,43,0,2,70,6,323,0,19,9,300,0,0,363,21,323,0,0,0,0,21,0,0.03,0.88,4.04,0.00,0.24,0.26
nwc,Northwest Conference (NWC),2025-26,wvball,Whitman,"Thompson, Lilli",0,,7,84,45,.273,333,33,124,18,1,84,0,5,4,78,0,0,6,2,36,53,12,43,10,160.5,0,1.48,0.21,0.43,0.63,0.06,1.91
nwc,Northwest Conference (NWC),2025-26,wvball,Whitman,"Vickers, Bella",0,,15,45,4,.203,177,27,63,10,0,45,0,6,9,69,0,0,166,9,81,9,0,9,0,73.5,0,1.40,0.22,1.80,0.20,0.13,1.63
nwc,Northwest Conference (NWC),2025-26,wvball,Whitman,"Folk, Lola",0,,14,17,7,.261,69,4,22,0,0,6,0,0,0,0,0,0,4,0,1,9,3,7,2,27.5,0,1.29,0.00,0.06,0.53,0.00,1.62
nwc,Northwest Conference (NWC),2025-26,wvball,Whitman,"Ferraro, Melia",0,,21,53,6,.068,44,3,6,198,8,617,0,12,8,104,0,0,1,0,66,1,0,1,0,18.5,1,0.11,3.74,1.25,0.02,0.23,0.35
nwc,Northwest Conference (NWC),2025-26,wvball,Whitman,"Fogliani, Lauren",0,,1,46,0,.000,0,0,0,4,0,14,0,3,2,73,0,0,61,8,24,0,0,0,0,3,0,0.00,0.09,0.52,0.00,0.07,0.07
nwc,Northwest Conference (NWC),2025-26,wvball,Whitman,"Koski, Kyndal",0,,5,52,2,.000,4,0,0,8,1,28,0,0,1,3,0,0,167,10,72,0,0,0,0,0,0,0.00,0.15,1.38,0.00,0.00,0.00
nwc,Northwest Conference (NWC),2025-26,wvball,Whitman,"Pruse, Haylee",0,,8,70,33,.077,91,5,12,387,23,1160,0,22,23,260,0,0,7,2,136,5,2,5,0,36.5,0,0.17,5.53,1.94,0.07,0.31,0.52
nwc,Northwest Conference (NWC),2025-26,wvball,Whitman,"Shepherd, Nadia",0,,12,34,4,.065,107,20,27,2,0,14,0,4,5,50,0,0,2,0,15,9,2,8,1,36,0,0.79,0.06,0.44,0.26,0.12,1.06
nwc,Northwest Conference (NWC),2025-26,wvball,Whitman,"Fleharty, Taryn",0,,16,22,0,-.111,9,2,1,2,1,3,0,4,2,35,0,0,0,0,5,1,0,1,0,5.5,0,0.05,0.09,0.23,0.05,0.18,0.25
nwc,Northwest Conference (NWC),2025-26,wvball,Whitman,"Gushchina, Arina",0,,17,73,43,.120,660,130,209,13,4,86,0,19,15,233,0,0,372,18,147,20,0,17,3,239.5,0,2.86,0.18,2.01,0.27,0.26,3.28
nwc,Northwest Conference (NWC),2025-26,wvball,Whitman,"Downey, San",0,,20,9,0,.143,7,1,2,0,0,2,0,0,0,0,0,0,0,0,0,1,1,1,0,2.5,0,0.22,0.00,0.00,0.11,0.00,0.28
nwc,Northwest Conference (NWC),2025-26,wvball,Whitman,"Broesamle, Sophie",0,,13,40,5,.223,215,33,81,2,1,20,0,2,2,44,0,0,25,1,31,7,2,7,0,86.5,0,2.03,0.05,0.78,0.18,0.05,2.16
nwc,Northwest Conference (NWC),2025-26,wvball,Whitman,"Belt, Addie",0,,11,72,38,.160,557,100,189,20,8,107,0,12,13,150,0,0,130,5,171,23,2,18,5,215,0,2.63,0.28,2.38,0.32,0.17,2.99
nwc,Northwest Conference (NWC),2025-26,wvball,Whitman,"Herman, Kendall",0,,22,68,38,.097,206,46,66,6,6,55,0,0,0,0,0,0,3,0,19,36,6,27,9,88.5,2,0.97,0.09,0.28,0.53,0.00,1.30
nwc,Northwest Conference (NWC),2025-26,wvball,Whitman,"Massey, Moana",0,,6,28,6,.041,49,2,4,118,7,357,0,4,2,53,0,0,3,0,45,2,0,1,1,9.5,0,0.14,4.21,1.61,0.07,0.14,0.34
nwc,Northwest Conference (NWC),2025-26,wvball,Whitman,"Stirrat, Lindy",0,,3,0,0,,,,,,,,,,,,,,,,,,,,,,,0,0,0,0,0,0
nwc,Northwest Conference (NWC),2025-26,wvball,Whitman,"Uchima, Lexie",0,,10,28,0,.000,2,0,0,2,1,12,0,5,11,71,0,0,38,3,27,0,0,0,0,5,0,0.00,0.07,0.96,0.00,0.18,0.18
nwc,Northwest Conference (NWC),2025-26,wvball,Whitman,"Holmer, Sammy",0,,9,63,39,.175,486,56,141,12,3,111,0,34,18,255,0,0,275,17,158,19,0,15,4,186.5,2,2.24,0.19,2.51,0.30,0.54,2.96
nwc,Northwest Conference (NWC),2025-26,wvball,George Fox ,"Gilder, Allaire",0,,4,82,52,.195,343,36,103,4,1,47,0,23,14,290,0,0,5,0,69,77,2,63,14,171.5,0,1.26,0.05,0.84,0.94,0.28,2.09
nwc,Northwest Conference (NWC),2025-26,wvball,George Fox ,"Baer, Alexis",0,,5,81,51,.219,503,66,176,1,2,24,0,0,0,0,0,0,2,0,45,45,4,40,5,201,0,2.17,0.01,0.56,0.56,0.00,2.48
nwc,Northwest Conference (NWC),2025-26,wvball,George Fox ,"Bearden, Gracie",0,,19,82,52,.112,606,112,180,17,4,131,0,48,38,327,0,0,428,27,264,18,3,16,2,238,0,2.20,0.21,3.22,0.22,0.59,2.90
nwc,Northwest Conference (NWC),2025-26,wvball,George Fox ,"Harris, Kloee",0,,7,1,0,-.667,3,2,0,0,0,1,0,0,0,0,0,0,0,0,0,0,0,0,0,0.0,0,0.00,0.00,0.00,0.00,0.00,0.00
nwc,Northwest Conference (NWC),2025-26,wvball,George Fox ,"Kronholm, Mikaila",0,,6,74,48,.060,67,14,18,355,21,1191,0,21,24,223,0,0,12,2,115,2,1,2,0,40,5,0.24,4.80,1.55,0.03,0.28,0.54
nwc,Northwest Conference (NWC),2025-26,wvball,George Fox ,"Rasmussen, Laelie",0,,16,16,0,.000,3,1,1,0,0,6,0,0,0,1,0,0,21,1,5,0,0,0,0,1,0,0.06,0.00,0.31,0.00,0.00,0.06
nwc,Northwest Conference (NWC),2025-26,wvball,George Fox ,"Hahn, Jordan",0,,8,82,52,.209,340,60,131,6,3,72,0,0,0,8,0,0,22,2,28,45,3,38,7,157,2,1.60,0.07,0.34,0.55,0.00,1.91
nwc,Northwest Conference (NWC),2025-26,wvball,George Fox ,"Avila, Isabella",0,,10,82,0,-.150,40,9,3,53,3,252,0,14,9,223,0,0,443,45,240,0,0,0,0,17,0,0.04,0.65,2.93,0.00,0.17,0.21
nwc,Northwest Conference (NWC),2025-26,wvball,George Fox ,"Wiersma, Chloe",0,,14,72,4,.091,44,7,11,267,12,888,0,26,23,242,0,0,12,1,81,3,0,3,0,38.5,2,0.15,3.71,1.13,0.04,0.36,0.53
nwc,Northwest Conference (NWC),2025-26,wvball,George Fox ,"Knibbs, Jenna",0,,9,52,23,.020,247,57,62,3,0,34,0,12,11,97,0,0,208,20,93,14,1,11,3,82.5,0,1.19,0.06,1.79,0.27,0.23,1.59
nwc,Northwest Conference (NWC),2025-26,wvball,George Fox ,",",0,,18,-4,0,,,,,,,,,,,,,,,,,,,,,,,0,0,0,0,0,0
nwc,Northwest Conference (NWC),2025-26,wvball,George Fox ,"Dowdy, Breanne",0,,2,13,0,-.500,2,1,0,26,2,112,0,1,3,27,0,0,7,3,14,0,0,0,0,1,0,0.00,2.00,1.08,0.00,0.08,0.08
nwc,Northwest Conference (NWC),2025-26,wvball,George Fox ,"Phillipsen, Bridget",0,,6,0,0,,,,,,,,,,,,,,,,,,,,,,,0,0,0,0,0,0
nwc,Northwest Conference (NWC),2025-26,wvball,George Fox ,"Cimarra, LeAna",0,,11,29,0,-.333,3,1,0,2,0,21,0,4,6,46,0,0,45,4,35,0,0,0,0,4,0,0.00,0.07,1.21,0.00,0.14,0.14
nwc,Northwest Conference (NWC),2025-26,wvball,George Fox ,"Goff, Addison",0,,14,58,29,.082,427,80,115,7,0,54,0,10,18,138,0,0,347,33,124,13,1,11,2,132.5,0,1.98,0.12,2.14,0.22,0.17,2.28
nwc,Northwest Conference (NWC),2025-26,wvball,George Fox ,"Huffman, Hannah",0,,15,36,0,.009,106,22,23,1,2,4,0,0,0,0,0,0,0,0,12,17,0,17,0,31.5,0,0.64,0.03,0.33,0.47,0.00,0.88
nwc,Northwest Conference (NWC),2025-26,wvball,George Fox ,"Yepez Suarez, Gabriela",0,,18,9,0,-.167,30,7,2,0,0,6,0,0,0,0,0,0,0,0,8,3,0,3,0,3.5,0,0.22,0.00,0.89,0.33,0.00,0.39
nwc,Northwest Conference (NWC),2025-26,wvball,Pacific,"Churchfield, Lacy",0,,4,59,42,.023,309,71,78,7,0,49,0,5,5,40,0,0,54,7,79,15,3,15,0,90.5,1,1.32,0.12,1.34,0.25,0.08,1.53
nwc,Northwest Conference (NWC),2025-26,wvball,Pacific,"Cargill, Alyssa",0,,7,70,0,.024,41,0,1,39,4,255,0,3,2,9,0,0,361,24,235,0,0,0,0,4,0,0.01,0.56,3.36,0.00,0.04,0.06
nwc,Northwest Conference (NWC),2025-26,wvball,Pacific,"Smith, Logan",0,,12,55,14,.172,268,35,81,1,2,22,0,0,0,0,0,0,6,0,27,26,1,25,1,94.5,1,1.47,0.02,0.49,0.47,0.00,1.72
nwc,Northwest Conference (NWC),2025-26,wvball,Pacific,"Velcheck, Emma",0,,5,68,54,.123,624,112,189,5,5,96,0,38,37,226,0,0,366,28,174,23,2,14,9,243,3,2.78,0.07,2.56,0.34,0.56,3.57
nwc,Northwest Conference (NWC),2025-26,wvball,Pacific,"Uyehara, Mckenzie",0,,20,51,6,-.053,19,1,0,6,1,49,0,13,25,148,0,0,234,19,99,0,0,0,0,13,0,0.00,0.12,1.94,0.00,0.25,0.25
nwc,Northwest Conference (NWC),2025-26,wvball,Pacific,"Hanson, Anneke",0,,15,71,58,.124,225,30,58,8,2,66,0,16,15,263,0,0,4,0,72,38,1,29,9,97.5,0,0.82,0.11,1.01,0.54,0.23,1.37
nwc,Northwest Conference (NWC),2025-26,wvball,Pacific,"Schliz, Justyce",0,,2,55,55,.213,174,20,57,5,2,39,0,0,0,0,0,0,10,1,16,42,4,29,13,84.5,0,1.04,0.09,0.29,0.76,0.00,1.54
nwc,Northwest Conference (NWC),2025-26,wvball,Pacific,"Felton, Emmi-Lin",0,,18,74,0,-.045,22,2,1,16,4,95,0,9,17,186,0,0,99,10,98,1,0,1,0,10.5,0,0.01,0.22,1.32,0.01,0.12,0.14
nwc,Northwest Conference (NWC),2025-26,wvball,Pacific,"Padayao, Kayla-Jane",0,,8,73,43,.103,58,4,10,285,23,1079,0,21,33,260,0,0,2,0,134,0,0,0,0,31,4,0.14,3.90,1.84,0.00,0.29,0.42
nwc,Northwest Conference (NWC),2025-26,wvball,Pacific,"Gardner, Diana",0,,9,17,0,.140,86,10,22,0,0,7,0,0,0,0,0,0,27,5,7,3,1,3,0,23.5,0,1.29,0.00,0.41,0.18,0.00,1.38
nwc,Northwest Conference (NWC),2025-26,wvball,Pacific,"Carlson, Hannah",0,,16,58,46,.120,400,61,109,3,3,37,0,0,0,5,0,0,145,14,41,12,0,9,3,116.5,1,1.88,0.05,0.71,0.21,0.00,2.01
nwc,Northwest Conference (NWC),2025-26,wvball,Pacific,"Frias, Rorie",0,,22,72,15,.020,49,6,7,241,13,861,0,16,27,219,0,0,4,1,130,0,0,0,0,23,4,0.10,3.35,1.81,0.00,0.22,0.32
nwc,Northwest Conference (NWC),2025-26,wvball,Pacific,"Hefner, Chloe",0,,3,24,11,.059,187,31,42,3,2,22,0,1,3,19,0,0,90,3,13,2,0,2,0,44,0,1.75,0.13,0.54,0.08,0.04,1.83
nwc,Northwest Conference (NWC),2025-26,wvball,Pacific,"Skjonsby, Teegan",0,,17,30,1,.200,10,1,3,5,1,22,0,3,7,64,0,0,113,7,60,0,0,0,0,6,0,0.10,0.17,2.00,0.00,0.10,0.20
nwc,Northwest Conference (NWC),2025-26,wvball,Pacific,"Meyers, Lily",0,,23,3,0,.000,5,2,2,0,0,1,0,0,0,0,0,0,0,0,1,0,0,0,0,2,1,0.67,0.00,0.33,0.00,0.00,0.67
nwc,Northwest Conference (NWC),2025-26,wvball,Pacific,"Nieves, Maritza",0,,6,0,0,,,,,,,,,,,,,,,,,,,,,,,0,0,0,0,0,0
nwc,Northwest Conference (NWC),2025-26,wvball,Pacific,"Hickman, Jenna",0,,10,32,0,.063,112,28,35,2,1,21,0,0,0,0,0,0,3,0,16,8,0,7,1,39.5,0,1.09,0.06,0.50,0.25,0.00,1.23
nwc,Northwest Conference (NWC),2025-26,wvball,Pacific,"Tuiolemotu, Makayla",0,,11,24,3,.107,84,15,24,0,1,21,0,0,4,11,0,0,5,1,12,18,1,14,4,35,2,1.00,0.00,0.50,0.75,0.00,1.46
nwc,Northwest Conference (NWC),2025-26,wvball,Pacific,"Muller, Kennie",0,,14,0,0,,,,,,,,,,,,,,,,,,,,,,,0,0,0,0,0,0
nwc,Northwest Conference (NWC),2025-26,wvball,Pacific,"Turner, Callie",0,,19,12,0,.500,2,0,1,26,2,101,0,4,3,19,0,0,1,0,12,0,0,0,0,5,0,0.08,2.17,1.00,0.00,0.33,0.42
nwc,Northwest Conference (NWC),2025-26,wvball,Pacific,"Villanueva, Jersey",0,,1,0,0,,,,,,,,,,,,,,,,,,,,,,,0,0,0,0,0,0
nwc,Northwest Conference (NWC),2025-26,wvball,Lewis & Clark,"Sabado, Reilyn",0,,4,77,0,.067,15,1,2,23,5,120,0,8,17,192,0,0,13,5,140,0,0,0,0,10,0,0.03,0.30,1.82,0.00,0.10,0.13
nwc,Northwest Conference (NWC),2025-26,wvball,Lewis & Clark,"Melean-Williams, Isabel",0,,3,76,53,.098,469,78,124,5,5,59,0,24,34,226,0,0,142,20,62,17,4,16,1,157,0,1.63,0.07,0.82,0.22,0.32,2.07
nwc,Northwest Conference (NWC),2025-26,wvball,Lewis & Clark,"San Diego, Christi",0,,10,71,67,.103,272,47,75,12,3,47,0,1,4,6,0,0,15,1,32,48,10,38,10,105,0,1.06,0.17,0.45,0.68,0.01,1.48
nwc,Northwest Conference (NWC),2025-26,wvball,Lewis & Clark,"Schuett, HB",0,,6,76,72,.093,289,68,95,16,2,70,0,33,47,235,0,0,18,3,54,40,3,33,7,151.5,0,1.25,0.21,0.71,0.53,0.43,1.99
nwc,Northwest Conference (NWC),2025-26,wvball,Lewis & Clark,"Kuerschner, Ruby",0,,18,77,72,.092,282,46,72,324,13,1278,0,21,25,223,0,0,12,1,162,16,0,13,3,102.5,2,0.94,4.21,2.10,0.21,0.27,1.33
nwc,Northwest Conference (NWC),2025-26,wvball,Lewis & Clark,"Edwards, Kenzie",0,,1,63,13,.021,47,8,9,115,10,436,0,29,23,186,0,0,67,9,77,0,0,0,0,38,0,0.14,1.83,1.22,0.00,0.46,0.60
nwc,Northwest Conference (NWC),2025-26,wvball,Lewis & Clark,"Warrick, Abigail",0,,5,66,37,-.043,209,52,43,3,6,43,0,0,1,10,0,0,4,2,26,21,3,20,1,54,0,0.65,0.05,0.39,0.32,0.00,0.82
nwc,Northwest Conference (NWC),2025-26,wvball,Lewis & Clark,"Ibrao, Daphne",0,,8,58,28,.067,60,12,16,10,3,49,0,6,13,70,0,0,150,21,65,2,0,2,0,23,0,0.28,0.17,1.12,0.03,0.10,0.40
nwc,Northwest Conference (NWC),2025-26,wvball,Lewis & Clark,"Mochrie, Ainsley",0,,17,72,0,-.087,23,5,3,29,4,153,0,4,4,31,0,0,424,52,79,0,0,0,0,7,0,0.04,0.40,1.10,0.00,0.06,0.10
nwc,Northwest Conference (NWC),2025-26,wvball,Lewis & Clark,"Thoreson, Emilie",0,,11,0,0,,,,,,,,,,,,,,,,,,,,,,,0,0,0,0,0,0
nwc,Northwest Conference (NWC),2025-26,wvball,Lewis & Clark,"Faulkner, Izzy",0,,2,15,6,.000,3,1,1,2,0,8,0,4,3,30,0,0,26,3,18,0,0,0,0,5,0,0.07,0.13,1.20,0.00,0.27,0.33
nwc,Northwest Conference (NWC),2025-26,wvball,Lewis & Clark,"Potts, Ariah",0,,9,70,17,-.111,9,1,0,15,2,67,0,0,0,0,0,0,280,25,102,0,0,0,0,0,0,0.00,0.21,1.46,0.00,0.00,0.00
nwc,Northwest Conference (NWC),2025-26,wvball,Lewis & Clark,"Sanchez, Abbi",0,,14,10,0,.000,7,1,1,11,2,58,0,4,2,23,0,0,1,0,4,0,0,0,0,5,0,0.10,1.10,0.40,0.00,0.40,0.50
nwc,Northwest Conference (NWC),2025-26,wvball,Lewis & Clark,"Kulm, Sadey",0,,15,0,0,.000,0,0,0,0,0,0,0,0,0,0,0,0,0,0,0,0,0,0,0,0,0,0,0,0,0,0,0
nwc,Northwest Conference (NWC),2025-26,wvball,Lewis & Clark,"Jensen, Kaitlyn",0,,16,77,73,.097,680,120,186,14,3,90,0,28,36,195,0,0,460,44,155,21,5,20,1,225,0,2.42,0.18,2.01,0.27,0.36,2.92
