season,sport,conference,conference_code,team,player_name,first_name,last_name,position,team_code,name,checkname,linkup_name,games_played,games_started,uniform,year,team_name,team_id,sdrm_id,goal_stats_shootout_goals,goal_stats_free_positiong_goals,goal_stats_game_tying_goals,goal_stats_empty_net_goals,goal_stats_overtime_goals,goal_stats_first_goals,goal_stats_unassisted_goals,goal_stats_short_handed_goals,goal_stats_power_play_goals,goal_stats_game_winning_goals,penalty_stats_number,penalty_stats_minutes,penalty_stats_fouls,penalty_stats_green_cards,penalty_stats_yellow_cards,penalty_stats_red_cards,penalty_stats_match,penalty_stats_major,penalty_stats_minor,misc_stats_powerplay_opps,misc_stats_powerplay_goals,misc_stats_faceoffs_won,misc_stats_faceoffs_lost,misc_stats_ground_balls,misc_stats_draw_controls,misc_stats_turnovers,misc_stats_caused_turnovers,misc_stats_minutes_played,misc_stats_seconds,misc_stats_faceoffs_taken,misc_stats_penalty_killing_pct,goalie_stats_games_played,goalie_stats_minutes,goalie_stats_goals_allowed,goalie_stats_saves,goalie_stats_shutouts,goalie_stats_win,goalie_stats_loss,goalie_stats_tie,goalie_stats_powerplay_goals_allowed,goalie_stats_shorthanded_goals_allowed,goalie_stats_emptynet_goals_allowed,goalie_stats_shots_faced,goalie_stats_goals_against_avg,goalie_stats_save_pct,shot_stats_shots_on_goal,shot_stats_shots,shot_stats_free_position_shots,shot_stats_points,shot_stats_assists,shot_stats_goals,shot_stats_shots_on_goal_pct,avg_points_game,goalie_stats,goal_stats,penalty_stats,misc_stats,shot_stats
2025-26,mlax,Ohio Athletic Conference (OAC),oac,Baldwin Wallace,Samuel LoPiccolo,Samuel,LoPiccolo,,46,Samuel LoPiccolo,"LOPICCOLO,SAMUEL",LOPICCOLOSAMUELBALDWIN,17,17,,,Baldwin Wallace,BALDWIN,0,0,0,0,0,0,0,0,0,0,0,0,0,0,0,0,0,0,0,1,0,0,0,0,48,0,18,11,1019:00,47,0,1.000,17,824:27,153,148,0,11,5,0,2,0,0,521,11.13,.492,1,1,0,1,1,0,1.000,0.06,,,,,
2025-26,mlax,Ohio Athletic Conference (OAC),oac,Baldwin Wallace,Carson Grizovic,Carson,Grizovic,,46,Carson Grizovic,"GRIZOVIC,CARSON",GRIZOVICCARSONBALDWIN,7,0,,,Baldwin Wallace,BALDWIN,0,0,0,0,0,0,0,3,0,0,0,0,0,0,0,0,0,0,0,1,0,0,0,0,6,0,7,2,00:00,0,0,1.000,,,,,,,,,,,,,,,11,19,0,15,7,8,.579,2.14,,,,,
2025-26,mlax,Ohio Athletic Conference (OAC),oac,Baldwin Wallace,Dillon Dlugosielski,Dillon,Dlugosielski,,46,Dillon Dlugosielski,"DLUGOSIELSKI,DILLON",DLUGOSIELSKIDILLONBALDWIN,4,0,,,Baldwin Wallace,BALDWIN,0,0,0,0,0,0,0,0,0,2,0,0,0,0,0,0,0,0,0,0,0,0,0,0,1,0,0,0,00:00,0,0,1.000,,,,,,,,,,,,,,,5,8,0,3,1,2,.625,0.75,,,,,
2025-26,mlax,Ohio Athletic Conference (OAC),oac,Baldwin Wallace,Owen Makar,Owen,Makar,,46,Owen Makar,"MAKAR,OWEN",MAKAROWENBALDWIN,4,0,,,Baldwin Wallace,BALDWIN,0,0,0,0,0,0,0,2,0,0,0,0,0,0,0,0,0,0,0,1,0,0,0,0,3,0,4,2,00:00,0,0,1.000,,,,,,,,,,,,,,,8,17,0,6,0,6,.471,1.50,,,,,
2025-26,mlax,Ohio Athletic Conference (OAC),oac,Baldwin Wallace,Noah Dodgion,Noah,Dodgion,,46,Noah Dodgion,"DODGION,NOAH",DODGIONNOAHBALDWIN,18,18,,,Baldwin Wallace,BALDWIN,0,0,0,0,0,0,2,22,0,5,3,0,0,0,0,0,0,0,1,3,0,0,0,0,39,0,22,2,1079:00,47,0,1.000,,,,,,,,,,,,,,,90,136,0,71,15,56,.662,3.94,,,,,
2025-26,mlax,Ohio Athletic Conference (OAC),oac,Baldwin Wallace,Keyan Moser,Keyan,Moser,,46,Keyan Moser,"MOSER,KEYAN",MOSERKEYANBALDWIN,18,15,,,Baldwin Wallace,BALDWIN,0,0,0,0,0,0,0,5,0,1,0,0,0,0,0,0,0,0,0,0,0,0,0,0,9,0,10,0,899:00,47,0,1.000,,,,,,,,,,,,,,,18,38,0,21,11,10,.474,1.17,,,,,
2025-26,mlax,Ohio Athletic Conference (OAC),oac,Baldwin Wallace,Bennet Trout,Bennet,Trout,,46,Bennet Trout,"TROUT,BENNET",TROUTBENNETBALDWIN,18,18,,,Baldwin Wallace,BALDWIN,0,0,0,0,0,0,1,36,0,4,2,0,0,0,0,0,0,0,2,0,0,0,0,0,52,0,35,15,1035:00,62,0,1.000,,,,,,,,,,,,,,,84,135,0,96,43,53,.622,5.33,,,,,
2025-26,mlax,Ohio Athletic Conference (OAC),oac,Baldwin Wallace,Justin Diniz,Justin,Diniz,,46,Justin Diniz,"DINIZ,JUSTIN",DINIZJUSTINBALDWIN,14,0,,,Baldwin Wallace,BALDWIN,0,0,0,0,0,0,0,0,0,0,0,0,0,0,0,0,0,0,1,0,0,0,0,0,4,0,5,0,41:00,6,0,1.000,,,,,,,,,,,,,,,11,21,0,8,4,4,.524,0.57,,,,,
2025-26,mlax,Ohio Athletic Conference (OAC),oac,Baldwin Wallace,Carter Oschman,Carter,Oschman,,46,Carter Oschman,"OSCHMAN,CARTER",OSCHMANCARTERBALDWIN,7,0,,,Baldwin Wallace,BALDWIN,0,0,0,0,0,0,0,5,0,0,0,0,0,0,0,0,0,0,0,0,0,0,0,0,11,0,4,1,00:00,0,0,1.000,,,,,,,,,,,,,,,8,14,0,7,0,7,.571,1.00,,,,,
2025-26,mlax,Ohio Athletic Conference (OAC),oac,Baldwin Wallace,Gavin Flak,Gavin,Flak,,46,Gavin Flak,"FLAK,GAVIN",FLAKGAVINBALDWIN,18,0,,,Baldwin Wallace,BALDWIN,0,0,0,0,0,0,0,0,0,0,0,0,0,0,0,0,0,0,4,0,0,0,14,4,16,0,10,9,43:00,45,18,1.000,,,,,,,,,,,,,,,1,7,0,3,2,1,.143,0.17,,,,,
2025-26,mlax,Ohio Athletic Conference (OAC),oac,Baldwin Wallace,Owen Tafe,Owen,Tafe,,46,Owen Tafe,"TAFE,OWEN",TAFEOWENBALDWIN,15,1,,,Baldwin Wallace,BALDWIN,0,0,0,0,0,0,0,0,0,0,0,0,0,0,0,0,0,0,3,2,0,0,0,0,15,0,2,4,60:00,0,0,1.000,,,,,,,,,,,,,,,1,2,0,2,2,0,.500,0.13,,,,,
2025-26,mlax,Ohio Athletic Conference (OAC),oac,Baldwin Wallace,Nate Hoover,Nate,Hoover,,46,Nate Hoover,"HOOVER,NATE",HOOVERNATEBALDWIN,15,3,,,Baldwin Wallace,BALDWIN,0,0,0,0,0,0,0,8,0,0,0,0,0,0,0,0,0,0,1,0,0,0,0,0,13,0,4,0,180:00,0,0,1.000,,,,,,,,,,,,,,,21,33,0,15,2,13,.636,1.00,,,,,
2025-26,mlax,Ohio Athletic Conference (OAC),oac,Baldwin Wallace,Tommy Orsini,Tommy,Orsini,,46,Tommy Orsini,"ORSINI,TOMMY",ORSINITOMMYBALDWIN,5,0,,,Baldwin Wallace,BALDWIN,0,0,0,0,0,0,0,0,0,0,0,0,0,0,0,0,0,0,0,0,0,0,0,0,3,0,0,2,00:00,0,0,1.000,,,,,,,,,,,,,,,1,1,0,0,0,0,1.000,0.00,,,,,
2025-26,mlax,Ohio Athletic Conference (OAC),oac,Baldwin Wallace,Micah Moser,Micah,Moser,,46,Micah Moser,"MOSER,MICAH",MOSERMICAHBALDWIN,3,0,,,Baldwin Wallace,BALDWIN,0,0,0,0,0,0,0,0,0,0,0,0,0,0,0,0,0,0,0,0,0,0,0,0,0,0,0,0,00:00,0,0,1.000,,,,,,,,,,,,,,,0,0,0,0,0,0,.000,0.00,,,,,
2025-26,mlax,Ohio Athletic Conference (OAC),oac,Baldwin Wallace,Edyn Haueter,Edyn,Haueter,,46,Edyn Haueter,"HAUETER,EDYN",HAUETEREDYNBALDWIN,6,0,,,Baldwin Wallace,BALDWIN,0,0,0,0,0,0,0,1,0,0,0,0,0,0,0,0,0,0,0,0,0,0,0,0,1,0,1,1,00:00,0,0,1.000,,,,,,,,,,,,,,,2,2,0,1,0,1,1.000,0.17,,,,,
2025-26,mlax,Ohio Athletic Conference (OAC),oac,Baldwin Wallace,Mitchell Gregory,Mitchell,Gregory,,46,Mitchell Gregory,"GREGORY,MITCHELL",GREGORYMITCHELLBALDWIN,11,0,,,Baldwin Wallace,BALDWIN,0,0,0,0,0,0,0,0,0,0,0,0,0,0,0,0,0,0,1,1,0,0,0,0,9,0,3,3,00:00,0,0,1.000,,,,,,,,,,,,,,,1,3,0,2,2,0,.333,0.18,,,,,
2025-26,mlax,Ohio Athletic Conference (OAC),oac,Baldwin Wallace,Ryan Frankovic,Ryan,Frankovic,,46,Ryan Frankovic,"FRANKOVIC,RYAN",FRANKOVICRYANBALDWIN,15,0,,,Baldwin Wallace,BALDWIN,0,0,0,0,0,0,0,2,0,0,1,0,0,0,0,0,0,0,1,2,0,0,0,0,22,0,9,5,00:00,0,0,1.000,,,,,,,,,,,,,,,3,3,0,4,2,2,1.000,0.27,,,,,
2025-26,mlax,Ohio Athletic Conference (OAC),oac,Baldwin Wallace,Logan Lafler,Logan,Lafler,,46,Logan Lafler,"LAFLER,LOGAN",LAFLERLOGANBALDWIN,10,0,,,Baldwin Wallace,BALDWIN,0,0,0,0,0,0,0,0,0,0,0,0,0,0,0,0,0,0,1,0,0,0,0,0,3,0,0,5,00:00,0,0,1.000,,,,,,,,,,,,,,,0,2,0,0,0,0,.000,0.00,,,,,
2025-26,mlax,Ohio Athletic Conference (OAC),oac,Baldwin Wallace,Elden Korber,Elden,Korber,,46,Elden Korber,"KORBER,ELDEN",KORBERELDENBALDWIN,17,0,,,Baldwin Wallace,BALDWIN,0,0,0,0,0,0,0,0,0,0,0,0,0,0,0,0,0,1,0,0,0,0,0,0,27,0,3,7,00:00,0,0,1.000,,,,,,,,,,,,,,,1,1,0,0,0,0,1.000,0.00,,,,,
2025-26,mlax,Ohio Athletic Conference (OAC),oac,Baldwin Wallace,Louden Peters,Louden,Peters,,46,Louden Peters,"PETERS,LOUDEN",PETERSLOUDENBALDWIN,15,15,,,Baldwin Wallace,BALDWIN,0,0,0,0,0,0,0,0,0,0,0,0,0,0,0,0,0,0,2,0,0,0,0,0,20,0,4,17,899:00,47,0,1.000,,,,,,,,,,,,,,,0,0,0,0,0,0,.000,0.00,,,,,
2025-26,mlax,Ohio Athletic Conference (OAC),oac,Baldwin Wallace,Paxton Allison,Paxton,Allison,,46,Paxton Allison,"ALLISON,PAXTON",ALLISONPAXTONBALDWIN,17,17,,,Baldwin Wallace,BALDWIN,0,0,0,0,0,0,2,15,0,1,1,0,0,0,0,0,0,0,3,6,0,0,0,0,35,0,16,12,1019:00,47,0,1.000,,,,,,,,,,,,,,,62,110,0,59,25,34,.564,3.47,,,,,
2025-26,mlax,Ohio Athletic Conference (OAC),oac,Baldwin Wallace,Zach Zoul,Zach,Zoul,,46,Zach Zoul,"ZOUL,ZACH",ZOULZACHBALDWIN,18,1,,,Baldwin Wallace,BALDWIN,0,0,0,0,0,0,0,2,0,0,0,0,0,0,0,0,0,0,0,1,0,0,75,65,37,0,3,3,60:00,0,140,1.000,,,,,,,,,,,,,,,3,5,0,5,3,2,.600,0.28,,,,,
2025-26,mlax,Ohio Athletic Conference (OAC),oac,Baldwin Wallace,Ryan Yanssens,Ryan,Yanssens,,46,Ryan Yanssens,"YANSSENS,RYAN",YANSSENSRYANBALDWIN,7,1,,,Baldwin Wallace,BALDWIN,0,0,0,0,0,0,0,3,0,0,0,0,0,0,0,0,0,0,0,0,0,0,0,0,4,0,8,0,60:00,0,0,1.000,,,,,,,,,,,,,,,8,11,0,6,1,5,.727,0.86,,,,,
2025-26,mlax,Ohio Athletic Conference (OAC),oac,Baldwin Wallace,Benjamin Glover,Benjamin,Glover,,46,Benjamin Glover,"GLOVER,BENJAMIN",GLOVERBENJAMINBALDWIN,11,6,,,Baldwin Wallace,BALDWIN,0,0,0,0,0,0,0,0,0,0,0,0,0,0,0,0,0,0,1,0,0,0,0,0,12,0,5,7,359:00,47,0,1.000,,,,,,,,,,,,,,,0,0,0,0,0,0,.000,0.00,,,,,
2025-26,mlax,Ohio Athletic Conference (OAC),oac,Baldwin Wallace,Ian Shealy,Ian,Shealy,,46,Ian Shealy,"SHEALY,IAN",SHEALYIANBALDWIN,18,2,,,Baldwin Wallace,BALDWIN,0,0,0,0,0,0,1,2,0,4,0,0,0,0,0,0,0,0,0,1,0,0,0,0,8,0,8,4,160:00,48,0,1.000,,,,,,,,,,,,,,,38,78,0,32,13,19,.487,1.78,,,,,
2025-26,mlax,Ohio Athletic Conference (OAC),oac,Baldwin Wallace,Ethan Hingson,Ethan,Hingson,,46,Ethan Hingson,"HINGSON,ETHAN",HINGSONETHANBALDWIN,17,0,,,Baldwin Wallace,BALDWIN,0,0,0,0,0,0,0,0,0,0,0,0,0,0,0,0,0,0,0,0,0,0,0,0,35,0,6,16,00:00,0,0,1.000,,,,,,,,,,,,,,,2,3,0,2,0,2,.667,0.12,,,,,
2025-26,mlax,Ohio Athletic Conference (OAC),oac,Baldwin Wallace,Gavin Pate,Gavin,Pate,,46,Gavin Pate,"PATE,GAVIN",PATEGAVINBALDWIN,18,18,,,Baldwin Wallace,BALDWIN,0,0,0,0,0,0,0,0,0,0,0,0,0,0,0,0,0,0,2,0,0,0,0,0,52,0,14,28,1079:00,47,0,1.000,,,,,,,,,,,,,,,2,2,0,0,0,0,1.000,0.00,,,,,
2025-26,mlax,Ohio Athletic Conference (OAC),oac,Baldwin Wallace,Nathan Prosowski,Nathan,Prosowski,,46,Nathan Prosowski,"PROSOWSKI,NATHAN",PROSOWSKINATHANBALDWIN,13,0,,,Baldwin Wallace,BALDWIN,0,0,0,0,0,0,0,0,0,0,0,0,0,0,0,0,0,0,4,0,0,0,0,0,12,0,4,8,00:00,0,0,1.000,,,,,,,,,,,,,,,0,0,0,0,0,0,.000,0.00,,,,,
2025-26,mlax,Ohio Athletic Conference (OAC),oac,Baldwin Wallace,Eli Armstrong,Eli,Armstrong,,46,Eli Armstrong,"ARMSTRONG,ELI",ARMSTRONGELIBALDWIN,7,0,,,Baldwin Wallace,BALDWIN,0,0,0,0,0,0,0,2,0,0,0,0,0,0,0,0,0,0,0,0,0,0,0,0,2,0,2,0,00:00,0,0,1.000,,,,,,,,,,,,,,,5,16,0,5,2,3,.313,0.71,,,,,
2025-26,mlax,Ohio Athletic Conference (OAC),oac,Baldwin Wallace,Evan Vetter,Evan,Vetter,,46,Evan Vetter,"VETTER,EVAN",VETTEREVANBALDWIN,18,0,,,Baldwin Wallace,BALDWIN,0,0,0,0,0,0,0,1,0,0,0,0,0,0,0,0,0,0,0,0,0,0,233,157,105,0,14,1,00:00,0,390,1.000,,,,,,,,,,,,,,,3,8,0,7,6,1,.375,0.39,,,,,
2025-26,mlax,Ohio Athletic Conference (OAC),oac,Baldwin Wallace,Jake Koonmen,Jake,Koonmen,,46,Jake Koonmen,"KOONMEN,JAKE",KOONMENJAKEBALDWIN,17,15,,,Baldwin Wallace,BALDWIN,0,0,0,0,0,0,0,5,0,2,2,0,0,0,0,0,0,0,0,0,0,0,0,0,11,0,11,5,899:00,47,0,1.000,,,,,,,,,,,,,,,31,59,0,28,8,20,.525,1.65,,,,,
2025-26,mlax,Ohio Athletic Conference (OAC),oac,Baldwin Wallace,AJ Schultz,AJ,Schultz,,46,AJ Schultz,"SCHULTZ,AJ",SCHULTZAJBALDWIN,8,1,,,Baldwin Wallace,BALDWIN,0,0,0,0,0,0,0,0,0,0,0,0,0,0,0,0,0,0,0,0,0,0,0,0,5,0,2,1,60:00,0,0,1.000,8,179:21,12,31,0,1,0,0,0,0,0,79,4.01,.721,0,0,0,0,0,0,.000,0.00,,,,,
2025-26,mlax,Ohio Athletic Conference (OAC),oac,Baldwin Wallace,Aidan Malone,Aidan,Malone,,46,Aidan Malone,"MALONE,AIDAN",MALONEAIDANBALDWIN,5,0,,,Baldwin Wallace,BALDWIN,0,0,0,0,0,0,0,0,0,0,0,0,0,0,0,0,0,0,0,0,0,0,0,0,1,0,1,0,00:00,0,0,1.000,4,44:09,2,8,0,0,0,0,0,0,0,17,2.72,.800,0,0,0,0,0,0,.000,0.00,,,,,
2025-26,mlax,Ohio Athletic Conference (OAC),oac,Baldwin Wallace,Luke Matelski,Luke,Matelski,,46,Luke Matelski,"MATELSKI,LUKE",MATELSKILUKEBALDWIN,2,0,,,Baldwin Wallace,BALDWIN,0,0,0,0,0,0,0,0,0,0,0,0,0,0,0,0,0,0,0,0,0,0,0,0,0,0,0,0,00:00,0,0,1.000,,,,,,,,,,,,,,,0,0,0,0,0,0,.000,0.00,,,,,
2025-26,mlax,Ohio Athletic Conference (OAC),oac,Baldwin Wallace,Devon Ambrus,Devon,Ambrus,,46,Devon Ambrus,"AMBRUS,DEVON",AMBRUSDEVONBALDWIN,10,0,,,Baldwin Wallace,BALDWIN,0,0,0,0,0,0,0,3,0,0,0,0,0,0,0,0,0,0,1,0,0,0,0,0,18,0,3,4,00:00,0,0,1.000,,,,,,,,,,,,,,,7,9,0,6,3,3,.778,0.60,,,,,
2025-26,mlax,Ohio Athletic Conference (OAC),oac,Baldwin Wallace,Tremel Dunkin II,Tremel Dunkin,II,,46,Tremel Dunkin II,"II,TREMEL DUNKIN",IITREMELDUNKINBALDWIN,10,4,,,Baldwin Wallace,BALDWIN,0,0,0,0,0,0,0,0,0,0,0,0,0,0,0,0,0,0,0,1,0,0,0,0,5,0,2,5,240:00,0,0,1.000,,,,,,,,,,,,,,,0,0,0,0,0,0,.000,0.00,,,,,
2025-26,mlax,Ohio Athletic Conference (OAC),oac,Baldwin Wallace,Ben Matesic,Ben,Matesic,,46,Ben Matesic,"MATESIC,BEN",MATESICBENBALDWIN,15,11,,,Baldwin Wallace,BALDWIN,0,0,0,0,0,0,0,0,0,0,0,0,0,0,0,0,0,0,1,0,0,0,0,0,6,0,4,9,660:00,0,0,1.000,,,,,,,,,,,,,,,0,0,0,0,0,0,.000,0.00,,,,,
2025-26,mlax,Ohio Athletic Conference (OAC),oac,Baldwin Wallace,Parker Edell,Parker,Edell,,46,Parker Edell,"EDELL,PARKER",EDELLPARKERBALDWIN,12,0,,,Baldwin Wallace,BALDWIN,0,0,0,0,0,0,0,0,0,0,0,0,0,0,0,0,0,0,1,0,0,0,0,0,7,0,6,7,00:00,0,0,1.000,,,,,,,,,,,,,,,0,1,0,0,0,0,.000,0.00,,,,,
2025-26,mlax,Ohio Athletic Conference (OAC),oac,Baldwin Wallace,Reichen Geiselhart,Reichen,Geiselhart,,46,Reichen Geiselhart,"GEISELHART,REICHEN",GEISELHARTREICHENBALDWIN,18,17,,,Baldwin Wallace,BALDWIN,0,0,0,0,0,0,2,11,1,7,4,0,0,0,0,0,0,0,0,1,0,0,0,0,20,0,18,1,1019:00,47,0,1.000,,,,,,,,,,,,,,,66,117,0,57,11,46,.564,3.17,,,,,
2025-26,mlax,Ohio Athletic Conference (OAC),oac,Baldwin Wallace,Caleb Fox,Caleb,Fox,,46,Caleb Fox,"FOX,CALEB",FOXCALEBBALDWIN,17,0,,,Baldwin Wallace,BALDWIN,0,0,0,0,0,0,0,6,0,0,0,0,0,0,0,0,0,0,4,1,0,0,0,0,42,0,6,16,00:00,0,0,1.000,,,,,,,,,,,,,,,11,18,0,8,2,6,.611,0.47,,,,,
2025-26,mlax,Ohio Athletic Conference (OAC),oac,Baldwin Wallace,Ryan Holcomb,Ryan,Holcomb,,46,Ryan Holcomb,"HOLCOMB,RYAN",HOLCOMBRYANBALDWIN,9,0,,,Baldwin Wallace,BALDWIN,0,0,0,0,0,0,0,3,1,0,0,0,0,0,0,0,0,0,0,0,0,0,0,0,7,0,8,4,00:00,0,0,1.000,,,,,,,,,,,,,,,16,36,0,8,3,5,.444,0.89,,,,,
2025-26,mlax,Ohio Athletic Conference (OAC),oac,Baldwin Wallace,Paul Lopez,Paul,Lopez,,46,Paul Lopez,"LOPEZ,PAUL",LOPEZPAULBALDWIN,18,0,,,Baldwin Wallace,BALDWIN,0,0,0,0,0,0,1,9,0,0,0,0,0,0,0,0,0,0,2,0,0,0,0,0,3,0,10,1,00:00,0,0,1.000,,,,,,,,,,,,,,,15,29,0,12,3,9,.517,0.67,,,,,
2025-26,mlax,Ohio Athletic Conference (OAC),oac,Baldwin Wallace,Liam Liskey,Liam,Liskey,,46,Liam Liskey,"LISKEY,LIAM",LISKEYLIAMBALDWIN,3,0,,,Baldwin Wallace,BALDWIN,0,0,0,0,0,0,0,0,0,0,0,0,0,0,0,0,0,0,0,0,0,0,0,0,1,0,1,0,00:00,0,0,1.000,3,31:30,1,5,0,0,0,0,0,0,0,12,1.90,.833,0,0,0,0,0,0,.000,0.00,,,,,
2025-26,mlax,Ohio Athletic Conference (OAC),oac,Capital,Tyler Carney,Tyler,Carney,,117,Tyler Carney,"CARNEY,TYLER",CARNEYTYLERCAPITAL,9,7,,,Capital,CAPITAL,0,0,0,0,0,0,0,0,0,0,0,0,0,0,0,0,0,0,0,0,0,0,0,0,25,0,16,0,390:00,0,0,1.000,9,390:49,68,81,0,2,4,0,0,0,0,300,10.44,.544,0,0,0,0,0,0,.000,0.00,,,,,
2025-26,mlax,Ohio Athletic Conference (OAC),oac,Capital,Kaison Durham,Kaison,Durham,,117,Kaison Durham,"DURHAM,KAISON",DURHAMKAISONCAPITAL,13,2,,,Capital,CAPITAL,0,0,0,0,0,0,0,1,0,1,0,0,0,0,0,0,0,0,0,0,0,0,0,0,11,0,9,0,120:00,0,0,1.000,,,,,,,,,,,,,,,7,19,0,12,7,5,.368,0.92,,,,,
2025-26,mlax,Ohio Athletic Conference (OAC),oac,Capital,Ty Chase,Ty,Chase,,117,Ty Chase,"CHASE,TY",CHASETYCAPITAL,13,10,,,Capital,CAPITAL,0,0,0,0,0,0,2,7,0,1,0,0,0,0,0,0,0,0,0,0,0,0,0,0,17,0,15,0,600:00,0,0,1.000,,,,,,,,,,,,,,,40,69,0,20,8,12,.580,1.54,,,,,
2025-26,mlax,Ohio Athletic Conference (OAC),oac,Capital,Jackson Hart,Jackson,Hart,,117,Jackson Hart,"HART,JACKSON",HARTJACKSONCAPITAL,6,4,,,Capital,CAPITAL,0,0,0,0,0,0,0,0,0,0,0,0,0,0,0,0,0,0,0,0,0,0,0,0,4,0,3,1,240:00,0,0,1.000,,,,,,,,,,,,,,,0,0,0,0,0,0,.000,0.00,,,,,
2025-26,mlax,Ohio Athletic Conference (OAC),oac,Capital,Noah Musick,Noah,Musick,,117,Noah Musick,"MUSICK,NOAH",MUSICKNOAHCAPITAL,14,0,,,Capital,CAPITAL,0,0,0,0,0,0,0,1,0,0,0,0,0,0,0,0,0,0,1,4,0,0,6,0,6,0,1,3,00:00,0,6,1.000,,,,,,,,,,,,,,,2,2,0,1,0,1,1.000,0.07,,,,,
2025-26,mlax,Ohio Athletic Conference (OAC),oac,Capital,Zen Kropp,Zen,Kropp,,117,Zen Kropp,"KROPP,ZEN",KROPPZENCAPITAL,8,0,,,Capital,CAPITAL,0,0,0,0,0,0,0,0,0,0,0,0,0,0,0,0,0,0,0,0,0,0,0,0,4,0,4,1,00:00,0,0,1.000,,,,,,,,,,,,,,,1,2,0,3,3,0,.500,0.38,,,,,
2025-26,mlax,Ohio Athletic Conference (OAC),oac,Capital,Nate Hubler,Nate,Hubler,,117,Nate Hubler,"HUBLER,NATE",HUBLERNATECAPITAL,3,0,,,Capital,CAPITAL,0,0,0,0,0,0,0,0,0,0,0,0,0,0,0,0,0,0,0,0,0,0,0,0,2,0,2,2,00:00,0,0,1.000,,,,,,,,,,,,,,,0,0,0,0,0,0,.000,0.00,,,,,
2025-26,mlax,Ohio Athletic Conference (OAC),oac,Capital,Ian Zaletel,Ian,Zaletel,,117,Ian Zaletel,"ZALETEL,IAN",ZALETELIANCAPITAL,15,0,,,Capital,CAPITAL,0,0,0,0,0,0,0,0,0,0,0,0,0,0,0,0,0,0,1,1,0,0,0,0,15,0,7,2,00:00,0,0,1.000,,,,,,,,,,,,,,,0,0,0,1,1,0,.000,0.07,,,,,
2025-26,mlax,Ohio Athletic Conference (OAC),oac,Capital,Wes Millman,Wes,Millman,,117,Wes Millman,"MILLMAN,WES",MILLMANWESCAPITAL,4,0,,,Capital,CAPITAL,0,0,0,0,0,0,0,0,0,0,0,0,0,0,0,0,0,0,0,0,0,0,0,0,1,0,1,2,00:00,0,0,1.000,,,,,,,,,,,,,,,1,2,0,0,0,0,.500,0.00,,,,,
2025-26,mlax,Ohio Athletic Conference (OAC),oac,Capital,Logan Byers,Logan,Byers,,117,Logan Byers,"BYERS,LOGAN",BYERSLOGANCAPITAL,1,0,,,Capital,CAPITAL,0,0,0,0,0,0,0,0,0,0,0,0,0,0,0,0,0,0,0,0,0,0,0,0,0,0,0,0,0,0,0,1.000,,,,,,,,,,,,,,,0,0,0,0,0,0,.000,0.00,,,,,
2025-26,mlax,Ohio Athletic Conference (OAC),oac,Capital,Jackson Gantz,Jackson,Gantz,,117,Jackson Gantz,"GANTZ,JACKSON",GANTZJACKSONCAPITAL,11,0,,,Capital,CAPITAL,0,0,0,0,0,0,0,0,0,0,0,0,0,0,0,0,0,0,1,2,0,0,0,0,4,0,2,3,00:00,0,0,1.000,,,,,,,,,,,,,,,1,1,0,0,0,0,1.000,0.00,,,,,
2025-26,mlax,Ohio Athletic Conference (OAC),oac,Capital,Devin Flynn,Devin,Flynn,,117,Devin Flynn,"FLYNN,DEVIN",FLYNNDEVINCAPITAL,11,2,,,Capital,CAPITAL,0,0,0,0,0,0,0,0,0,0,0,0,0,0,0,0,0,0,1,2,0,0,0,0,12,0,2,8,120:00,0,0,1.000,,,,,,,,,,,,,,,1,2,0,0,0,0,.500,0.00,,,,,
2025-26,mlax,Ohio Athletic Conference (OAC),oac,Capital,Leelan Durham,Leelan,Durham,,117,Leelan Durham,"DURHAM,LEELAN",DURHAMLEELANCAPITAL,15,11,,,Capital,CAPITAL,0,0,0,0,0,0,0,0,0,0,0,0,0,0,0,0,0,0,4,2,0,0,0,0,19,0,8,10,660:00,0,0,1.000,,,,,,,,,,,,,,,0,0,0,0,0,0,.000,0.00,,,,,
2025-26,mlax,Ohio Athletic Conference (OAC),oac,Capital,Rob Smith,Rob,Smith,,117,Rob Smith,"SMITH,ROB",SMITHROBCAPITAL,5,0,,,Capital,CAPITAL,0,0,0,0,0,0,0,0,0,0,0,0,0,0,0,0,0,0,3,0,0,0,0,0,0,0,1,3,00:00,0,0,1.000,,,,,,,,,,,,,,,0,0,0,0,0,0,.000,0.00,,,,,
2025-26,mlax,Ohio Athletic Conference (OAC),oac,Capital,Jacob Poole,Jacob,Poole,,117,Jacob Poole,"POOLE,JACOB",POOLEJACOBCAPITAL,15,14,,,Capital,CAPITAL,0,0,0,0,0,0,0,14,1,0,3,0,0,0,0,0,0,0,0,1,0,0,0,0,35,0,28,4,840:00,0,0,1.000,,,,,,,,,,,,,,,51,93,0,27,8,19,.548,1.80,,,,,
2025-26,mlax,Ohio Athletic Conference (OAC),oac,Capital,Elliott Rhoton,Elliott,Rhoton,,117,Elliott Rhoton,"RHOTON,ELLIOTT",RHOTONELLIOTTCAPITAL,10,1,,,Capital,CAPITAL,0,0,0,0,0,0,0,2,0,1,0,0,0,0,0,0,0,0,0,0,0,0,0,0,6,0,8,1,60:00,0,0,1.000,,,,,,,,,,,,,,,7,9,0,5,0,5,.778,0.50,,,,,
2025-26,mlax,Ohio Athletic Conference (OAC),oac,Capital,Mason Spaulding,Mason,Spaulding,,117,Mason Spaulding,"SPAULDING,MASON",SPAULDINGMASONCAPITAL,15,14,,,Capital,CAPITAL,0,0,0,0,0,0,3,16,0,3,1,0,0,0,0,0,0,0,1,0,0,0,0,0,38,0,41,15,840:00,0,0,1.000,,,,,,,,,,,,,,,78,117,0,55,12,43,.667,3.67,,,,,
2025-26,mlax,Ohio Athletic Conference (OAC),oac,Capital,Jonathan Hart,Jonathan,Hart,,117,Jonathan Hart,"HART,JONATHAN",HARTJONATHANCAPITAL,4,0,,,Capital,CAPITAL,0,0,0,0,0,0,0,0,0,0,0,0,0,0,0,0,0,0,0,0,0,0,0,0,1,0,2,0,00:00,0,0,1.000,,,,,,,,,,,,,,,2,4,0,0,0,0,.500,0.00,,,,,
2025-26,mlax,Ohio Athletic Conference (OAC),oac,Capital,Freddy Noday,Freddy,Noday,,117,Freddy Noday,"NODAY,FREDDY",NODAYFREDDYCAPITAL,15,9,,,Capital,CAPITAL,0,0,0,0,0,0,0,0,0,0,0,0,0,0,0,0,0,0,2,1,0,0,156,74,89,0,13,3,540:00,0,230,1.000,,,,,,,,,,,,,,,0,0,0,1,1,0,.000,0.07,,,,,
2025-26,mlax,Ohio Athletic Conference (OAC),oac,Capital,Landon Weihl,Landon,Weihl,,117,Landon Weihl,"WEIHL,LANDON",WEIHLLANDONCAPITAL,6,1,,,Capital,CAPITAL,0,0,0,0,0,0,0,2,0,1,0,0,0,0,0,0,0,0,0,1,0,0,0,0,6,0,7,2,60:00,0,0,1.000,,,,,,,,,,,,,,,8,13,0,4,0,4,.615,0.67,,,,,
2025-26,mlax,Ohio Athletic Conference (OAC),oac,Capital,Mason Patrick,Mason,Patrick,,117,Mason Patrick,"PATRICK,MASON",PATRICKMASONCAPITAL,12,6,,,Capital,CAPITAL,0,0,0,0,0,0,0,0,0,0,0,0,0,0,0,0,0,0,2,1,0,0,0,0,8,0,4,2,360:00,0,0,1.000,,,,,,,,,,,,,,,1,2,0,0,0,0,.500,0.00,,,,,
2025-26,mlax,Ohio Athletic Conference (OAC),oac,Capital,Dylan Christopherson,Dylan,Christopherson,,117,Dylan Christopherson,"CHRISTOPHERSON,DYLAN",CHRISTOPHERSONDYLANCAPITAL,14,3,,,Capital,CAPITAL,0,0,0,0,0,0,0,0,0,0,0,0,0,0,0,0,0,0,2,0,0,0,0,0,21,0,8,10,180:00,0,0,1.000,,,,,,,,,,,,,,,2,3,0,1,1,0,.667,0.07,,,,,
2025-26,mlax,Ohio Athletic Conference (OAC),oac,Capital,Max Schillig,Max,Schillig,,117,Max Schillig,"SCHILLIG,MAX",SCHILLIGMAXCAPITAL,12,3,,,Capital,CAPITAL,0,0,0,0,0,0,0,0,0,0,0,0,0,0,0,0,0,0,2,2,0,0,0,0,17,0,10,5,180:00,0,0,1.000,,,,,,,,,,,,,,,9,13,0,9,3,6,.692,0.75,,,,,
2025-26,mlax,Ohio Athletic Conference (OAC),oac,Capital,Wyatt Stemler,Wyatt,Stemler,,117,Wyatt Stemler,"STEMLER,WYATT",STEMLERWYATTCAPITAL,3,0,,,Capital,CAPITAL,0,0,0,0,0,0,0,0,0,0,0,0,0,0,0,0,0,0,0,0,0,0,0,0,2,0,1,0,15:00,50,0,1.000,3,45:00,6,6,0,0,0,0,0,0,0,26,8.00,.500,0,0,0,0,0,0,.000,0.00,,,,,
2025-26,mlax,Ohio Athletic Conference (OAC),oac,Capital,Tyler Lieu,Tyler,Lieu,,117,Tyler Lieu,"LIEU,TYLER",LIEUTYLERCAPITAL,15,0,,,Capital,CAPITAL,0,0,0,0,0,0,0,2,0,0,0,0,0,0,0,0,0,0,0,0,0,0,83,51,46,0,5,0,00:00,0,134,1.000,,,,,,,,,,,,,,,8,10,0,2,0,2,.800,0.13,,,,,
2025-26,mlax,Ohio Athletic Conference (OAC),oac,Capital,Jordan Marty,Jordan,Marty,,117,Jordan Marty,"MARTY,JORDAN",MARTYJORDANCAPITAL,13,0,,,Capital,CAPITAL,0,0,0,0,0,0,0,0,0,0,0,0,0,0,0,0,0,0,2,0,0,0,0,0,6,0,7,6,00:00,0,0,1.000,,,,,,,,,,,,,,,0,0,0,0,0,0,.000,0.00,,,,,
2025-26,mlax,Ohio Athletic Conference (OAC),oac,Capital,Mason Ridgway,Mason,Ridgway,,117,Mason Ridgway,"RIDGWAY,MASON",RIDGWAYMASONCAPITAL,6,0,,,Capital,CAPITAL,0,0,0,0,0,0,0,0,0,0,0,0,0,0,0,0,0,0,1,0,0,0,0,0,3,0,1,1,00:00,0,0,1.000,,,,,,,,,,,,,,,0,0,0,0,0,0,.000,0.00,,,,,
2025-26,mlax,Ohio Athletic Conference (OAC),oac,Capital,Colton Woods,Colton,Woods,,117,Colton Woods,"WOODS,COLTON",WOODSCOLTONCAPITAL,12,8,,,Capital,CAPITAL,0,0,0,0,0,0,0,3,0,0,1,0,0,0,0,0,0,1,2,0,0,0,0,0,11,0,13,4,480:00,0,0,1.000,,,,,,,,,,,,,,,24,43,0,18,5,13,.558,1.50,,,,,
2025-26,mlax,Ohio Athletic Conference (OAC),oac,Capital,Christian Akins,Christian,Akins,,117,Christian Akins,"AKINS,CHRISTIAN",AKINSCHRISTIANCAPITAL,6,0,,,Capital,CAPITAL,0,0,0,0,0,0,0,2,0,0,0,0,0,0,0,0,0,0,0,0,0,0,0,0,4,0,5,0,00:00,0,0,1.000,,,,,,,,,,,,,,,6,8,0,4,1,3,.750,0.67,,,,,
2025-26,mlax,Ohio Athletic Conference (OAC),oac,Capital,Mason Miller,Mason,Miller,,117,Mason Miller,"MILLER,MASON",MILLERMASONCAPITAL,8,4,,,Capital,CAPITAL,0,0,0,0,0,0,0,8,0,0,0,0,0,0,0,0,0,0,1,0,0,0,0,0,8,0,12,1,240:00,0,0,1.000,,,,,,,,,,,,,,,16,22,0,18,6,12,.727,2.25,,,,,
2025-26,mlax,Ohio Athletic Conference (OAC),oac,Capital,Luc Kadlic,Luc,Kadlic,,117,Luc Kadlic,"KADLIC,LUC",KADLICLUCCAPITAL,13,8,,,Capital,CAPITAL,0,0,0,0,0,0,0,0,0,0,0,0,0,0,0,0,0,0,0,0,0,0,0,0,18,0,10,0,480:00,0,0,1.000,13,449:11,95,87,0,3,5,0,1,0,0,309,12.69,.478,0,0,0,0,0,0,.000,0.00,,,,,
2025-26,mlax,Ohio Athletic Conference (OAC),oac,Capital,Anthony Carusone,Anthony,Carusone,,117,Anthony Carusone,"CARUSONE,ANTHONY",CARUSONEANTHONYCAPITAL,12,3,,,Capital,CAPITAL,0,0,0,0,0,0,0,4,0,1,0,0,0,0,0,0,0,0,0,1,0,0,0,0,15,0,18,6,180:00,0,0,1.000,,,,,,,,,,,,,,,19,43,0,15,7,8,.442,1.25,,,,,
2025-26,mlax,Ohio Athletic Conference (OAC),oac,Capital,Parker Leitelt,Parker,Leitelt,,117,Parker Leitelt,"LEITELT,PARKER",LEITELTPARKERCAPITAL,3,0,,,Capital,CAPITAL,0,0,0,0,0,0,0,0,0,0,0,0,0,0,0,0,0,0,0,0,0,0,0,1,1,0,1,0,00:00,0,1,1.000,,,,,,,,,,,,,,,0,0,0,0,0,0,.000,0.00,,,,,
2025-26,mlax,Ohio Athletic Conference (OAC),oac,Capital,Gino Nave,Gino,Nave,,117,Gino Nave,"NAVE,GINO",NAVEGINOCAPITAL,15,12,,,Capital,CAPITAL,0,0,0,0,0,0,0,0,0,0,0,0,0,0,0,0,0,0,0,1,0,0,0,0,56,0,16,27,720:00,0,0,1.000,,,,,,,,,,,,,,,4,9,0,0,0,0,.444,0.00,,,,,
2025-26,mlax,Ohio Athletic Conference (OAC),oac,Capital,Eric Patterson,Eric,Patterson,,117,Eric Patterson,"PATTERSON,ERIC",PATTERSONERICCAPITAL,15,11,,,Capital,CAPITAL,0,0,0,0,0,0,0,0,0,0,0,0,0,0,0,0,0,0,3,0,0,0,0,0,26,0,12,16,660:00,0,0,1.000,,,,,,,,,,,,,,,2,4,0,2,2,0,.500,0.13,,,,,
2025-26,mlax,Ohio Athletic Conference (OAC),oac,Capital,Jay Schmoldt,Jay,Schmoldt,,117,Jay Schmoldt,"SCHMOLDT,JAY",SCHMOLDTJAYCAPITAL,2,0,,,Capital,CAPITAL,0,0,0,0,0,0,0,0,0,0,0,0,0,0,0,0,0,0,0,0,0,0,0,0,0,0,0,1,00:00,0,0,1.000,,,,,,,,,,,,,,,0,0,0,0,0,0,.000,0.00,,,,,
2025-26,mlax,Ohio Athletic Conference (OAC),oac,Capital,Preston Garibay,Preston,Garibay,,117,Preston Garibay,"GARIBAY,PRESTON",GARIBAYPRESTONCAPITAL,1,0,,,Capital,CAPITAL,0,0,0,0,0,0,0,0,0,0,0,0,0,0,0,0,0,0,0,0,0,0,0,0,1,0,0,0,14,10,0,1.000,1,15:00,0,2,0,0,0,0,0,0,0,7,.00,1.000,0,0,0,0,0,0,.000,0.00,,,,,
2025-26,mlax,Ohio Athletic Conference (OAC),oac,Capital,Aaron Waltman,Aaron,Waltman,,117,Aaron Waltman,"WALTMAN,AARON",WALTMANAARONCAPITAL,10,0,,,Capital,CAPITAL,0,0,0,0,0,0,0,0,0,0,0,0,0,0,0,0,0,0,0,0,0,0,0,0,1,0,5,1,00:00,0,0,1.000,,,,,,,,,,,,,,,3,6,0,1,0,1,.500,0.10,,,,,
2025-26,mlax,Ohio Athletic Conference (OAC),oac,Capital,Logan Ensign,Logan,Ensign,,117,Logan Ensign,"ENSIGN,LOGAN",ENSIGNLOGANCAPITAL,13,5,,,Capital,CAPITAL,0,0,0,0,0,0,0,1,0,0,0,0,0,0,0,0,0,0,0,0,0,0,0,0,14,0,2,5,300:00,0,0,1.000,,,,,,,,,,,,,,,1,1,0,1,0,1,1.000,0.08,,,,,
2025-26,mlax,Ohio Athletic Conference (OAC),oac,Capital,Charlie Howenstine,Charlie,Howenstine,,117,Charlie Howenstine,"HOWENSTINE,CHARLIE",HOWENSTINECHARLIECAPITAL,11,11,,,Capital,CAPITAL,0,0,0,0,0,0,0,5,0,0,0,0,0,0,0,0,0,0,0,0,0,0,0,0,13,0,16,1,660:00,0,0,1.000,,,,,,,,,,,,,,,26,49,0,21,10,11,.531,1.91,,,,,
2025-26,mlax,Ohio Athletic Conference (OAC),oac,Capital,Evan Legner,Evan,Legner,,117,Evan Legner,"LEGNER,EVAN",LEGNEREVANCAPITAL,10,0,,,Capital,CAPITAL,0,0,0,0,0,0,0,3,0,1,0,0,0,0,0,0,0,0,0,0,0,0,0,0,5,0,13,1,00:00,0,0,1.000,,,,,,,,,,,,,,,8,16,0,9,4,5,.500,0.90,,,,,
2025-26,mlax,Ohio Athletic Conference (OAC),oac,Heidelberg,Sonny Varrati,Sonny,Varrati,,278,Sonny Varrati,"VARRATI,SONNY",VARRATISONNYBERG,15,14,,,Heidelberg,BERG,0,0,0,0,0,0,0,0,0,0,0,0,0,0,0,0,0,0,0,1,0,0,0,0,38,0,20,14,830:00,145,0,1.000,,,,,,,,,,,,,,,3,5,0,0,0,0,.600,0.00,,,,,
2025-26,mlax,Ohio Athletic Conference (OAC),oac,Heidelberg,Charles Barker,Charles,Barker,,278,Charles Barker,"BARKER,CHARLES",BARKERCHARLESBERG,5,0,,,Heidelberg,BERG,0,0,0,0,0,0,0,0,0,0,0,0,0,0,0,0,0,0,0,0,0,0,0,1,2,0,1,1,00:00,0,1,1.000,4,28:10,10,8,0,0,0,0,0,0,0,26,21.30,.444,0,0,0,0,0,0,.000,0.00,,,,,
2025-26,mlax,Ohio Athletic Conference (OAC),oac,Heidelberg,Tyler Alexander,Tyler,Alexander,,278,Tyler Alexander,"ALEXANDER,TYLER",ALEXANDERTYLERBERG,15,4,,,Heidelberg,BERG,0,0,0,0,0,0,1,10,0,2,1,0,0,0,0,0,0,0,0,1,0,0,0,0,19,0,22,1,238:00,59,0,1.000,,,,,,,,,,,,,,,44,82,0,22,5,17,.537,1.47,,,,,
2025-26,mlax,Ohio Athletic Conference (OAC),oac,Heidelberg,Ethan Lommerse,Ethan,Lommerse,,278,Ethan Lommerse,"LOMMERSE,ETHAN",LOMMERSEETHANBERG,14,0,,,Heidelberg,BERG,0,0,0,0,0,0,0,0,0,0,0,0,0,0,0,0,0,0,0,0,0,0,1,0,9,0,17,2,00:00,0,1,1.000,,,,,,,,,,,,,,,9,11,0,4,1,3,.818,0.29,,,,,
2025-26,mlax,Ohio Athletic Conference (OAC),oac,Heidelberg,Ian Lewis,Ian,Lewis,,278,Ian Lewis,"LEWIS,IAN",LEWISIANBERG,9,0,,,Heidelberg,BERG,0,0,0,0,0,0,0,0,0,0,0,0,0,0,0,0,0,0,0,0,0,0,0,0,3,0,3,2,00:00,0,0,1.000,,,,,,,,,,,,,,,0,0,0,0,0,0,.000,0.00,,,,,
2025-26,mlax,Ohio Athletic Conference (OAC),oac,Heidelberg,Jacob Morgan,Jacob,Morgan,,278,Jacob Morgan,"MORGAN,JACOB",MORGANJACOBBERG,15,15,,,Heidelberg,BERG,0,0,0,0,0,0,0,2,0,1,1,0,0,0,0,0,0,0,2,4,0,0,9,17,27,0,24,6,890:00,145,26,1.000,,,,,,,,,,,,,,,13,26,0,15,9,6,.500,1.00,,,,,
2025-26,mlax,Ohio Athletic Conference (OAC),oac,Heidelberg,Matthew Torres,Matthew,Torres,,278,Matthew Torres,"TORRES,MATTHEW",TORRESMATTHEWBERG,12,0,,,Heidelberg,BERG,0,0,0,0,0,0,0,2,0,0,0,0,0,0,0,0,0,0,0,0,0,0,0,0,6,0,9,1,00:00,0,0,1.000,,,,,,,,,,,,,,,9,17,0,7,3,4,.529,0.58,,,,,
2025-26,mlax,Ohio Athletic Conference (OAC),oac,Heidelberg,Aiden Carpenter,Aiden,Carpenter,,278,Aiden Carpenter,"CARPENTER,AIDEN",CARPENTERAIDENBERG,15,14,,,Heidelberg,BERG,0,0,0,0,0,0,0,0,0,0,0,0,0,0,0,0,0,0,1,0,0,0,0,0,13,0,8,6,830:00,145,0,1.000,,,,,,,,,,,,,,,0,0,0,0,0,0,.000,0.00,,,,,
2025-26,mlax,Ohio Athletic Conference (OAC),oac,Heidelberg,Jonathan Marty,Jonathan,Marty,,278,Jonathan Marty,"MARTY,JONATHAN",MARTYJONATHANBERG,14,0,,,Heidelberg,BERG,0,0,0,0,0,0,0,0,0,0,0,0,0,0,0,0,0,0,8,3,0,0,0,0,8,0,10,6,00:00,0,0,1.000,,,,,,,,,,,,,,,0,1,0,0,0,0,.000,0.00,,,,,
2025-26,mlax,Ohio Athletic Conference (OAC),oac,Heidelberg,Matt Robeson,Matt,Robeson,,278,Matt Robeson,"ROBESON,MATT",ROBESONMATTBERG,15,4,,,Heidelberg,BERG,0,0,0,0,0,0,0,0,0,0,0,0,0,0,0,0,0,0,4,0,0,0,0,2,26,0,11,8,236:00,50,2,1.000,,,,,,,,,,,,,,,0,0,0,2,2,0,.000,0.13,,,,,
2025-26,mlax,Ohio Athletic Conference (OAC),oac,Heidelberg,Jonathon Brickman,Jonathon,Brickman,,278,Jonathon Brickman,"BRICKMAN,JONATHON",BRICKMANJONATHONBERG,0,0,,,Heidelberg,BERG,0,,,,,,,,,,,,,,,,,,,,,,,,,,,,,,,,,,,,,,,,,,,,,,,,,,,,,0,,,,,
2025-26,mlax,Ohio Athletic Conference (OAC),oac,Heidelberg,Trevor Ley,Trevor,Ley,,278,Trevor Ley,"LEY,TREVOR",LEYTREVORBERG,15,15,,,Heidelberg,BERG,0,0,0,0,0,0,0,0,0,0,0,0,0,0,0,0,0,0,0,0,0,0,74,199,7,0,1,2,890:00,145,273,1.000,,,,,,,,,,,,,,,0,0,0,0,0,0,.000,0.00,,,,,
2025-26,mlax,Ohio Athletic Conference (OAC),oac,Heidelberg,Jaxon Howard,Jaxon,Howard,,278,Jaxon Howard,"HOWARD,JAXON",HOWARDJAXONBERG,14,0,,,Heidelberg,BERG,0,0,0,0,0,0,0,0,0,0,0,0,0,0,0,0,0,0,0,1,0,0,16,44,6,0,2,0,00:00,0,60,1.000,,,,,,,,,,,,,,,0,0,0,0,0,0,.000,0.00,,,,,
2025-26,mlax,Ohio Athletic Conference (OAC),oac,Heidelberg,Zach Macdonald,Zach,Macdonald,,278,Zach Macdonald,"MACDONALD,ZACH",MACDONALDZACHBERG,5,0,,,Heidelberg,BERG,0,0,0,0,0,0,0,0,0,0,0,0,0,0,0,0,0,0,0,0,0,0,0,0,0,0,0,0,00:00,0,0,1.000,,,,,,,,,,,,,,,1,1,0,0,0,0,1.000,0.00,,,,,
2025-26,mlax,Ohio Athletic Conference (OAC),oac,Heidelberg,Braxton Hammond,Braxton,Hammond,,278,Braxton Hammond,"HAMMOND,BRAXTON",HAMMONDBRAXTONBERG,12,10,,,Heidelberg,BERG,0,0,0,0,0,0,0,0,0,0,0,0,0,0,0,0,0,0,1,0,0,0,0,0,46,0,12,11,596:00,36,0,1.000,,,,,,,,,,,,,,,1,2,0,0,0,0,.500,0.00,,,,,
2025-26,mlax,Ohio Athletic Conference (OAC),oac,Heidelberg,Colin Parker,Colin,Parker,,278,Colin Parker,"PARKER,COLIN",PARKERCOLINBERG,15,12,,,Heidelberg,BERG,0,0,0,0,0,0,1,2,0,0,1,0,0,0,0,0,0,0,2,2,0,0,0,0,22,0,41,4,712:00,86,0,1.000,,,,,,,,,,,,,,,14,31,0,7,4,3,.452,0.47,,,,,
2025-26,mlax,Ohio Athletic Conference (OAC),oac,Heidelberg,Rayce Septer,Rayce,Septer,,278,Rayce Septer,"SEPTER,RAYCE",SEPTERRAYCEBERG,15,14,,,Heidelberg,BERG,0,0,0,0,0,0,0,8,1,1,0,0,0,0,0,0,0,0,0,3,0,0,4,5,21,0,35,4,830:00,145,9,1.000,,,,,,,,,,,,,,,41,66,0,23,4,19,.621,1.53,,,,,
2025-26,mlax,Ohio Athletic Conference (OAC),oac,Heidelberg,Mark Scherger,Mark,Scherger,,278,Mark Scherger,"SCHERGER,MARK",SCHERGERMARKBERG,13,0,,,Heidelberg,BERG,0,0,0,0,0,0,0,0,0,0,0,0,0,0,0,0,0,0,0,2,0,0,0,0,12,0,4,5,00:00,0,0,1.000,,,,,,,,,,,,,,,0,1,0,0,0,0,.000,0.00,,,,,
2025-26,mlax,Ohio Athletic Conference (OAC),oac,Heidelberg,Mario Manzardo,Mario,Manzardo,,278,Mario Manzardo,"MANZARDO,MARIO",MANZARDOMARIOBERG,15,0,,,Heidelberg,BERG,0,0,0,0,0,0,0,5,0,2,1,0,0,0,0,0,0,0,4,4,0,0,0,0,11,0,23,6,00:00,0,0,1.000,,,,,,,,,,,,,,,37,68,0,13,3,10,.544,0.87,,,,,
2025-26,mlax,Ohio Athletic Conference (OAC),oac,Heidelberg,Jayden Slaughter,Jayden,Slaughter,,278,Jayden Slaughter,"SLAUGHTER,JAYDEN",SLAUGHTERJAYDENBERG,13,0,,,Heidelberg,BERG,0,0,0,0,0,0,0,0,0,0,0,0,0,0,0,0,0,0,5,0,0,0,0,0,14,0,19,2,00:00,0,0,1.000,,,,,,,,,,,,,,,1,1,0,0,0,0,1.000,0.00,,,,,
2025-26,mlax,Ohio Athletic Conference (OAC),oac,Heidelberg,Mason Lambert,Mason,Lambert,,278,Mason Lambert,"LAMBERT,MASON",LAMBERTMASONBERG,9,0,,,Heidelberg,BERG,0,0,0,0,0,0,0,0,0,0,0,0,0,0,0,0,0,0,1,0,0,0,0,0,4,0,6,1,00:00,0,0,1.000,,,,,,,,,,,,,,,4,8,0,0,0,0,.500,0.00,,,,,
2025-26,mlax,Ohio Athletic Conference (OAC),oac,Heidelberg,Kevin Smith,Kevin,Smith,,278,Kevin Smith,"SMITH,KEVIN",SMITHKEVINBERG,15,15,,,Heidelberg,BERG,0,0,0,0,0,0,0,0,0,0,0,0,0,0,0,0,0,0,0,3,0,0,0,0,42,0,20,14,890:00,145,0,1.000,,,,,,,,,,,,,,,2,3,0,2,2,0,.667,0.13,,,,,
2025-26,mlax,Ohio Athletic Conference (OAC),oac,Heidelberg,Nick Ciccone,Nick,Ciccone,,278,Nick Ciccone,"CICCONE,NICK",CICCONENICKBERG,8,2,,,Heidelberg,BERG,0,0,0,0,0,0,0,0,0,0,0,0,0,0,0,0,0,0,3,0,0,0,0,0,4,0,7,5,120:00,0,0,1.000,,,,,,,,,,,,,,,0,0,0,0,0,0,.000,0.00,,,,,
2025-26,mlax,Ohio Athletic Conference (OAC),oac,Heidelberg,Benjamin Evans,Benjamin,Evans,,278,Benjamin Evans,"EVANS,BENJAMIN",EVANSBENJAMINBERG,15,15,,,Heidelberg,BERG,0,0,0,0,0,0,0,7,0,1,0,0,0,0,0,0,0,0,2,2,0,0,0,0,29,0,28,5,890:00,145,0,1.000,,,,,,,,,,,,,,,58,119,0,31,12,19,.487,2.07,,,,,
2025-26,mlax,Ohio Athletic Conference (OAC),oac,Heidelberg,Wilson Runnette,Wilson,Runnette,,278,Wilson Runnette,"RUNNETTE,WILSON",RUNNETTEWILSONBERG,15,15,,,Heidelberg,BERG,0,0,0,0,0,0,0,0,0,0,0,0,0,0,0,0,0,0,0,0,0,0,0,0,40,0,33,1,890:00,145,0,1.000,15,864:15,234,218,0,4,11,0,4,1,0,787,16.25,.482,0,3,0,0,0,0,.000,0.00,,,,,
2025-26,mlax,Ohio Athletic Conference (OAC),oac,Heidelberg,Ty Sadowy,Ty,Sadowy,,278,Ty Sadowy,"SADOWY,TY",SADOWYTYBERG,8,0,,,Heidelberg,BERG,0,0,0,0,0,0,0,0,0,0,0,0,0,0,0,0,0,0,0,0,0,0,0,0,3,0,3,1,00:00,0,0,1.000,,,,,,,,,,,,,,,0,0,0,0,0,0,.000,0.00,,,,,
2025-26,mlax,Ohio Athletic Conference (OAC),oac,Marietta,Ben Millard,Ben,Millard,,385,Ben Millard,"MILLARD,BEN",MILLARDBENMARIETTA,11,5,,,Marietta,MARIETTA,0,0,0,0,0,0,0,0,0,0,0,0,0,0,0,0,0,0,0,0,0,0,0,0,23,0,7,4,332:00,132,0,1.000,11,364:29,69,77,0,2,3,0,1,0,0,250,11.36,.527,0,1,0,0,0,0,.000,0.00,,,,,
2025-26,mlax,Ohio Athletic Conference (OAC),oac,Marietta,Nate Neal,Nate,Neal,,385,Nate Neal,"NEAL,NATE",NEALNATEMARIETTA,16,15,,,Marietta,MARIETTA,0,0,0,0,0,0,1,24,0,12,1,0,0,0,0,0,0,0,2,0,0,0,43,49,47,0,27,3,898:00,95,92,1.000,,,,,,,,,,,,,,,87,147,0,60,14,46,.592,3.75,,,,,
2025-26,mlax,Ohio Athletic Conference (OAC),oac,Marietta,Chase Franklin,Chase,Franklin,,385,Chase Franklin,"FRANKLIN,CHASE",FRANKLINCHASEMARIETTA,16,16,,,Marietta,MARIETTA,0,0,0,0,0,0,3,9,0,4,4,0,0,0,0,0,0,0,1,2,0,0,0,0,34,0,45,12,958:00,95,0,1.000,,,,,,,,,,,,,,,65,104,0,54,19,35,.625,3.38,,,,,
2025-26,mlax,Ohio Athletic Conference (OAC),oac,Marietta,Josh Walters,Josh,Walters,,385,Josh Walters,"WALTERS,JOSH",WALTERSJOSHMARIETTA,16,1,,,Marietta,MARIETTA,0,0,0,0,0,0,0,4,0,0,0,0,0,0,0,0,0,0,3,2,0,0,0,0,15,0,20,3,60:00,0,0,1.000,,,,,,,,,,,,,,,27,43,0,24,13,11,.628,1.50,,,,,
2025-26,mlax,Ohio Athletic Conference (OAC),oac,Marietta,Caden Alkire,Caden,Alkire,,385,Caden Alkire,"ALKIRE,CADEN",ALKIRECADENMARIETTA,16,14,,,Marietta,MARIETTA,0,0,0,0,0,0,0,1,0,0,1,0,0,0,0,0,0,0,0,2,0,0,2,3,87,0,13,27,838:00,95,5,1.000,,,,,,,,,,,,,,,4,4,0,9,6,3,1.000,0.56,,,,,
2025-26,mlax,Ohio Athletic Conference (OAC),oac,Marietta,Nathan Hamilton,Nathan,Hamilton,,385,Nathan Hamilton,"HAMILTON,NATHAN",HAMILTONNATHANMARIETTA,14,0,,,Marietta,MARIETTA,0,0,0,0,0,0,2,1,0,0,0,0,0,0,0,0,0,0,1,0,0,0,0,0,14,0,21,1,00:00,0,0,1.000,,,,,,,,,,,,,,,18,33,0,10,4,6,.545,0.71,,,,,
2025-26,mlax,Ohio Athletic Conference (OAC),oac,Marietta,Jason Mach,Jason,Mach,,385,Jason Mach,"MACH,JASON",MACHJASONMARIETTA,16,0,,,Marietta,MARIETTA,0,0,0,0,0,0,0,0,0,0,0,0,0,0,0,0,0,0,0,0,0,0,66,62,21,0,2,0,00:00,0,128,1.000,,,,,,,,,,,,,,,2,3,0,0,0,0,.667,0.00,,,,,
2025-26,mlax,Ohio Athletic Conference (OAC),oac,Marietta,Alec Anderson,Alec,Anderson,,385,Alec Anderson,"ANDERSON,ALEC",ANDERSONALECMARIETTA,16,9,,,Marietta,MARIETTA,0,0,0,0,0,0,0,5,0,0,1,0,0,0,0,0,0,0,0,1,0,0,0,0,31,0,22,5,539:00,57,0,1.000,,,,,,,,,,,,,,,19,33,0,18,9,9,.576,1.13,,,,,
2025-26,mlax,Ohio Athletic Conference (OAC),oac,Marietta,Cal Henthorne,Cal,Henthorne,,385,Cal Henthorne,"HENTHORNE,CAL",HENTHORNECALMARIETTA,5,0,,,Marietta,MARIETTA,0,0,0,0,0,0,0,0,0,0,0,0,0,0,0,0,0,0,0,0,0,0,0,0,2,0,0,0,59:00,68,0,1.000,3,60:08,8,3,0,0,0,0,1,0,0,14,7.98,.273,0,0,0,0,0,0,.000,0.00,,,,,
2025-26,mlax,Ohio Athletic Conference (OAC),oac,Marietta,Bret Dickerson,Bret,Dickerson,,385,Bret Dickerson,"DICKERSON,BRET",DICKERSONBRETMARIETTA,16,11,,,Marietta,MARIETTA,0,0,0,0,0,0,0,0,0,0,0,0,0,0,0,0,0,0,1,3,0,0,111,79,39,0,11,2,659:00,38,190,1.000,,,,,,,,,,,,,,,3,7,0,4,2,2,.429,0.25,,,,,
2025-26,mlax,Ohio Athletic Conference (OAC),oac,Marietta,Jacob Grube,Jacob,Grube,,385,Jacob Grube,"GRUBE,JACOB",GRUBEJACOBMARIETTA,11,0,,,Marietta,MARIETTA,0,0,0,0,0,0,0,1,1,0,0,0,0,0,0,0,0,0,0,0,0,0,0,1,15,0,2,4,00:00,0,1,1.000,,,,,,,,,,,,,,,2,2,0,1,0,1,1.000,0.09,,,,,
2025-26,mlax,Ohio Athletic Conference (OAC),oac,Marietta,Tommy Imhof,Tommy,Imhof,,385,Tommy Imhof,"IMHOF,TOMMY",IMHOFTOMMYMARIETTA,15,1,,,Marietta,MARIETTA,0,0,0,0,0,0,1,1,0,1,0,0,0,0,0,0,0,0,5,2,0,0,0,0,20,0,4,2,60:00,0,0,1.000,,,,,,,,,,,,,,,15,30,0,17,7,10,.500,1.13,,,,,
2025-26,mlax,Ohio Athletic Conference (OAC),oac,Marietta,Sam Leininger,Sam,Leininger,,385,Sam Leininger,"LEININGER,SAM",LEININGERSAMMARIETTA,16,0,,,Marietta,MARIETTA,0,0,0,0,0,0,0,11,0,0,0,0,0,0,0,0,0,0,0,1,0,0,0,0,18,0,25,0,00:00,0,0,1.000,,,,,,,,,,,,,,,29,42,0,32,12,20,.690,2.00,,,,,
2025-26,mlax,Ohio Athletic Conference (OAC),oac,Marietta,Logan Podgorski,Logan,Podgorski,,385,Logan Podgorski,"PODGORSKI,LOGAN",PODGORSKILOGANMARIETTA,16,11,,,Marietta,MARIETTA,0,0,0,0,0,0,0,2,1,2,0,0,0,0,0,0,0,0,0,1,0,0,0,1,10,0,16,2,658:00,95,1,1.000,,,,,,,,,,,,,,,23,31,0,20,7,13,.742,1.25,,,,,
2025-26,mlax,Ohio Athletic Conference (OAC),oac,Marietta,Jake Stern,Jake,Stern,,385,Jake Stern,"STERN,JAKE",STERNJAKEMARIETTA,16,2,,,Marietta,MARIETTA,0,0,0,0,0,0,0,1,0,0,0,0,0,0,0,0,0,0,3,1,0,0,0,1,15,0,3,3,120:00,0,1,1.000,,,,,,,,,,,,,,,2,8,0,2,1,1,.250,0.13,,,,,
2025-26,mlax,Ohio Athletic Conference (OAC),oac,Marietta,Brett Rick,Brett,Rick,,385,Brett Rick,"RICK,BRETT",RICKBRETTMARIETTA,6,0,,,Marietta,MARIETTA,0,0,0,0,0,0,0,1,0,0,0,0,0,0,0,0,0,0,0,1,0,0,0,0,4,0,5,0,00:00,0,0,1.000,,,,,,,,,,,,,,,8,12,0,4,2,2,.667,0.67,,,,,
2025-26,mlax,Ohio Athletic Conference (OAC),oac,Marietta,Thomas Zerman,Thomas,Zerman,,385,Thomas Zerman,"ZERMAN,THOMAS",ZERMANTHOMASMARIETTA,15,0,,,Marietta,MARIETTA,0,0,0,0,0,0,0,3,0,0,0,0,0,0,0,0,0,0,0,1,0,0,0,0,6,0,9,0,00:00,0,0,1.000,,,,,,,,,,,,,,,8,23,0,8,4,4,.348,0.53,,,,,
2025-26,mlax,Ohio Athletic Conference (OAC),oac,Marietta,Aiden Evans,Aiden,Evans,,385,Aiden Evans,"EVANS,AIDEN",EVANSAIDENMARIETTA,15,15,,,Marietta,MARIETTA,0,0,0,0,0,0,3,18,0,1,1,0,0,0,0,0,0,0,1,1,0,0,0,0,27,0,22,3,898:00,95,0,1.000,,,,,,,,,,,,,,,58,92,0,40,9,31,.630,2.67,,,,,
2025-26,mlax,Ohio Athletic Conference (OAC),oac,Marietta,Aiden Lundgren,Aiden,Lundgren,,385,Aiden Lundgren,"LUNDGREN,AIDEN",LUNDGRENAIDENMARIETTA,10,0,,,Marietta,MARIETTA,0,0,0,0,0,0,0,1,0,0,0,0,0,0,0,0,0,0,0,1,0,0,0,0,12,0,3,6,00:00,0,0,1.000,,,,,,,,,,,,,,,2,2,0,2,1,1,1.000,0.20,,,,,
2025-26,mlax,Ohio Athletic Conference (OAC),oac,Marietta,James Cippollone,James,Cippollone,,385,James Cippollone,"CIPPOLLONE,JAMES",CIPPOLLONEJAMESMARIETTA,6,6,,,Marietta,MARIETTA,0,0,0,0,0,0,0,0,0,0,0,0,0,0,0,0,0,0,0,0,0,0,0,0,19,0,4,0,268:00,35,0,1.000,6,268:35,37,66,0,3,3,0,2,0,0,155,8.27,.641,0,0,0,0,0,0,.000,0.00,,,,,
2025-26,mlax,Ohio Athletic Conference (OAC),oac,Marietta,Barrett Lindell,Barrett,Lindell,,385,Barrett Lindell,"LINDELL,BARRETT",LINDELLBARRETTMARIETTA,16,16,,,Marietta,MARIETTA,0,0,0,0,0,0,0,1,0,0,0,0,0,0,0,0,0,0,2,1,0,0,0,0,56,0,16,32,958:00,95,0,1.000,,,,,,,,,,,,,,,2,2,0,1,0,1,1.000,0.06,,,,,
2025-26,mlax,Ohio Athletic Conference (OAC),oac,Marietta,Joshua Nyland,Joshua,Nyland,,385,Joshua Nyland,"NYLAND,JOSHUA",NYLANDJOSHUAMARIETTA,11,0,,,Marietta,MARIETTA,0,0,0,0,0,0,0,2,0,0,0,0,0,0,0,0,0,0,0,0,0,0,0,0,9,0,3,2,00:00,0,0,1.000,,,,,,,,,,,,,,,7,11,0,7,2,5,.636,0.64,,,,,
2025-26,mlax,Ohio Athletic Conference (OAC),oac,Marietta,Alan Schwab,Alan,Schwab,,385,Alan Schwab,"SCHWAB,ALAN",SCHWABALANMARIETTA,16,16,,,Marietta,MARIETTA,0,0,0,0,0,0,0,0,0,0,0,0,0,0,0,0,0,0,2,1,0,0,0,0,16,0,3,13,958:00,95,0,1.000,,,,,,,,,,,,,,,0,0,0,0,0,0,.000,0.00,,,,,
2025-26,mlax,Ohio Athletic Conference (OAC),oac,Marietta,Garrett Schweiner,Garrett,Schweiner,,385,Garrett Schweiner,"SCHWEINER,GARRETT",SCHWEINERGARRETTMARIETTA,16,14,,,Marietta,MARIETTA,0,0,0,0,0,0,0,0,0,0,0,0,0,0,0,0,0,0,3,5,0,0,0,0,31,0,19,11,839:00,38,0,1.000,,,,,,,,,,,,,,,0,1,0,2,2,0,.000,0.13,,,,,
2025-26,mlax,Ohio Athletic Conference (OAC),oac,Marietta,Justin Collings,Justin,Collings,,385,Justin Collings,"COLLINGS,JUSTIN",COLLINGSJUSTINMARIETTA,16,1,,,Marietta,MARIETTA,0,0,0,0,0,0,0,0,0,0,0,0,0,0,0,0,0,0,2,1,0,0,0,0,22,0,11,4,60:00,0,0,1.000,,,,,,,,,,,,,,,5,7,0,3,3,0,.714,0.19,,,,,
2025-26,mlax,Ohio Athletic Conference (OAC),oac,Marietta,Danner Dorothy,Danner,Dorothy,,385,Danner Dorothy,"DOROTHY,DANNER",DOROTHYDANNERMARIETTA,7,0,,,Marietta,MARIETTA,0,0,0,0,0,0,0,4,0,0,0,0,0,0,0,0,0,0,1,0,0,0,0,0,11,0,13,1,00:00,0,0,1.000,,,,,,,,,,,,,,,24,30,0,14,3,11,.800,2.00,,,,,
2025-26,mlax,Ohio Athletic Conference (OAC),oac,Marietta,Carson Meckler,Carson,Meckler,,385,Carson Meckler,"MECKLER,CARSON",MECKLERCARSONMARIETTA,2,1,,,Marietta,MARIETTA,0,0,0,0,0,0,0,0,0,0,0,0,0,0,0,0,0,0,0,0,0,0,0,0,3,0,1,1,60:00,0,0,1.000,,,,,,,,,,,,,,,0,1,0,0,0,0,.000,0.00,,,,,
2025-26,mlax,Ohio Athletic Conference (OAC),oac,Marietta,Conner Alsing,Conner,Alsing,,385,Conner Alsing,"ALSING,CONNER",ALSINGCONNERMARIETTA,11,1,,,Marietta,MARIETTA,0,0,0,0,0,0,0,0,0,0,0,0,0,0,0,0,0,0,1,4,0,0,0,0,3,0,2,4,59:00,57,0,1.000,,,,,,,,,,,,,,,0,0,0,1,1,0,.000,0.09,,,,,
2025-26,mlax,Ohio Athletic Conference (OAC),oac,Marietta,Tyler Reich,Tyler,Reich,,385,Tyler Reich,"REICH,TYLER",REICHTYLERMARIETTA,2,0,,,Marietta,MARIETTA,0,0,0,0,0,0,0,0,0,0,0,0,0,0,0,0,0,0,1,0,0,0,0,0,2,0,1,1,00:00,0,0,1.000,,,,,,,,,,,,,,,1,2,0,1,1,0,.500,0.50,,,,,
2025-26,mlax,Ohio Athletic Conference (OAC),oac,Marietta,James Cipollone,James,Cipollone,,385,James Cipollone,"CIPOLLONE,JAMES",CIPOLLONEJAMESMARIETTA,5,5,,,Marietta,MARIETTA,0,0,0,0,0,0,0,0,0,0,0,0,0,0,0,0,0,0,0,0,0,0,0,0,20,0,9,0,295:00,100,0,1.000,5,266:23,36,58,0,3,2,0,2,0,0,197,8.11,.617,0,0,0,0,0,0,.000,0.00,,,,,
2025-26,mlax,Ohio Athletic Conference (OAC),oac,Mount Union,Aiden Mays,Aiden,Mays,,452,Aiden Mays,MAYS,MAYSMOUNT UNION,14,0,,,Mount Union,MOUNT UNION,0,0,0,0,0,0,0,7,0,1,0,0,0,0,0,0,0,0,0,0,0,0,0,0,8,0,7,3,00:00,0,0,1.000,,,,,,,,,,,,,,,15,22,0,14,5,9,.682,1.00,,,,,
2025-26,mlax,Ohio Athletic Conference (OAC),oac,Mount Union,Alex Nicholas,Alex,Nicholas,,452,Alex Nicholas,NICHOLAS,NICHOLASMOUNT UNION,27,0,,,Mount Union,MOUNT UNION,0,0,0,0,0,0,0,0,0,0,0,0,0,0,0,0,0,0,1,0,0,0,78,49,47,0,4,5,00:00,0,127,1.000,,,,,,,,,,,,,,,3,4,0,2,1,1,.750,0.07,,,,,
2025-26,mlax,Ohio Athletic Conference (OAC),oac,Mount Union,Noah Grigson,Noah,Grigson,,452,Noah Grigson,GRIGSON,GRIGSONMOUNT UNION,17,0,,,Mount Union,MOUNT UNION,0,0,0,0,0,0,0,6,0,0,0,0,0,0,0,0,0,1,0,0,0,0,0,0,28,0,15,4,00:00,0,0,1.000,,,,,,,,,,,,,,,20,43,0,19,8,11,.465,1.12,,,,,
2025-26,mlax,Ohio Athletic Conference (OAC),oac,Mount Union,Brendon Kovinchick,Brendon,Kovinchick,,452,Brendon Kovinchick,KOVINCHICK,KOVINCHICKMOUNT UNION,10,0,,,Mount Union,MOUNT UNION,0,0,0,0,0,0,0,0,0,0,0,0,0,0,0,0,0,0,0,1,0,0,0,0,6,0,0,5,00:00,0,0,1.000,,,,,,,,,,,,,,,1,2,0,0,0,0,.500,0.00,,,,,
2025-26,mlax,Ohio Athletic Conference (OAC),oac,Mount Union,Spencer Logsdon,Spencer,Logsdon,,452,Spencer Logsdon,LOGSDON,LOGSDONMOUNT UNION,17,17,,,Mount Union,MOUNT UNION,0,0,0,0,0,0,2,18,1,0,4,0,0,0,0,0,0,0,0,4,0,0,0,0,23,0,33,4,1007:00,110,0,1.000,,,,,,,,,,,,,,,57,81,0,60,24,36,.704,3.53,,,,,
2025-26,mlax,Ohio Athletic Conference (OAC),oac,Mount Union,Josh Pasco,Josh,Pasco,,452,Josh Pasco,PASCO,PASCOMOUNT UNION,19,8,,,Mount Union,MOUNT UNION,0,0,0,0,0,0,0,3,0,0,0,0,0,0,0,0,0,0,0,0,0,0,0,0,10,0,8,0,471:00,60,0,1.000,3,35:31,2,8,0,0,0,0,0,0,0,18,3.38,.800,13,24,0,12,6,6,.542,0.63,,,,,
2025-26,mlax,Ohio Athletic Conference (OAC),oac,Mount Union,Mark Zusman,Mark,Zusman,,452,Mark Zusman,ZUSMAN,ZUSMANMOUNT UNION,17,17,,,Mount Union,MOUNT UNION,0,0,0,0,0,0,0,13,0,2,2,0,0,0,0,0,0,0,0,1,0,0,1,0,18,0,21,3,1007:00,110,1,1.000,,,,,,,,,,,,,,,49,89,0,36,8,28,.551,2.12,,,,,
2025-26,mlax,Ohio Athletic Conference (OAC),oac,Mount Union,Talen Osmun,Talen,Osmun,,452,Talen Osmun,OSMUN,OSMUNMOUNT UNION,17,17,,,Mount Union,MOUNT UNION,0,0,0,0,0,0,2,26,2,0,4,0,0,0,0,0,0,0,3,4,0,0,0,0,23,0,24,8,1007:00,110,0,1.000,,,,,,,,,,,,,,,104,150,0,83,12,71,.693,4.88,,,,,
2025-26,mlax,Ohio Athletic Conference (OAC),oac,Mount Union,Liam Erwin,Liam,Erwin,,452,Liam Erwin,ERWIN,ERWINMOUNT UNION,17,17,,,Mount Union,MOUNT UNION,0,0,0,0,0,0,2,16,1,1,1,0,0,0,0,0,0,0,2,0,0,0,0,0,23,0,16,14,1007:00,110,0,1.000,,,,,,,,,,,,,,,52,68,0,47,15,32,.765,2.76,,,,,
2025-26,mlax,Ohio Athletic Conference (OAC),oac,Mount Union,Cole Niemann,Cole,Niemann,,452,Cole Niemann,NIEMANN,NIEMANNMOUNT UNION,11,5,,,Mount Union,MOUNT UNION,0,0,0,0,0,0,0,0,0,0,0,0,0,0,0,0,0,0,2,1,0,0,0,0,22,0,3,7,296:00,50,0,1.000,,,,,,,,,,,,,,,1,2,0,1,1,0,.500,0.09,,,,,
2025-26,mlax,Ohio Athletic Conference (OAC),oac,Mount Union,Grant Dunmire,Grant,Dunmire,,452,Grant Dunmire,DUNMIRE,DUNMIREMOUNT UNION,17,17,,,Mount Union,MOUNT UNION,0,0,0,0,0,0,0,16,0,1,0,0,0,0,0,0,0,0,0,0,0,0,0,0,14,0,10,3,1007:00,110,0,1.000,,,,,,,,,,,,,,,55,117,0,41,17,24,.470,2.41,,,,,
2025-26,mlax,Ohio Athletic Conference (OAC),oac,Mount Union,Braylon Li,Braylon,Li,,452,Braylon Li,LI,LIMOUNT UNION,16,8,,,Mount Union,MOUNT UNION,0,0,0,0,0,0,1,21,0,4,0,0,0,0,0,0,0,0,0,0,0,0,0,1,8,0,12,4,476:00,50,1,1.000,,,,,,,,,,,,,,,52,99,0,39,10,29,.525,2.44,,,,,
2025-26,mlax,Ohio Athletic Conference (OAC),oac,Mount Union,Josh Mccawley,Josh,Mccawley,,452,Josh Mccawley,MCCAWLEY,MCCAWLEYMOUNT UNION,17,17,,,Mount Union,MOUNT UNION,0,0,0,0,0,0,0,1,0,0,0,0,0,0,0,0,0,0,2,0,0,0,0,0,34,0,9,20,1007:00,110,0,1.000,,,,,,,,,,,,,,,3,4,0,3,1,2,.750,0.18,,,,,
2025-26,mlax,Ohio Athletic Conference (OAC),oac,Mount Union,Alec Feigel,Alec,Feigel,,452,Alec Feigel,FEIGEL,FEIGELMOUNT UNION,17,0,,,Mount Union,MOUNT UNION,0,0,0,0,0,0,0,4,0,3,0,0,0,0,0,0,0,0,1,2,0,0,0,1,14,0,13,7,00:00,0,1,1.000,,,,,,,,,,,,,,,27,37,0,18,5,13,.730,1.06,,,,,
2025-26,mlax,Ohio Athletic Conference (OAC),oac,Mount Union,Vinny Marszalek,Vinny,Marszalek,,452,Vinny Marszalek,MARSZALEK,MARSZALEKMOUNT UNION,16,1,,,Mount Union,MOUNT UNION,0,0,0,0,0,0,0,2,0,0,0,0,0,0,0,0,0,0,3,2,0,0,0,0,10,0,7,2,60:00,0,0,1.000,,,,,,,,,,,,,,,16,35,0,11,3,8,.457,0.69,,,,,
2025-26,mlax,Ohio Athletic Conference (OAC),oac,Mount Union,Todd Siford,Todd,Siford,,452,Todd Siford,SIFORD,SIFORDMOUNT UNION,10,0,,,Mount Union,MOUNT UNION,0,0,0,0,0,0,0,2,0,0,0,0,0,0,0,0,0,0,2,0,0,0,0,0,7,0,11,3,00:00,0,0,1.000,,,,,,,,,,,,,,,15,21,0,13,5,8,.714,1.30,,,,,
2025-26,mlax,Ohio Athletic Conference (OAC),oac,Mount Union,Gunerman,,Gunerman,,452,Gunerman,GUNERMAN,GUNERMANMOUNT UNION,1,1,,,Mount Union,MOUNT UNION,0,0,0,0,0,0,0,0,0,0,0,0,0,0,0,0,0,0,0,0,0,0,0,0,1,0,0,0,60,0,0,1.000,1,60:00,11,15,0,0,0,0,0,0,0,45,11.00,.577,0,0,0,0,0,0,.000,0.00,,,,,
2025-26,mlax,Ohio Athletic Conference (OAC),oac,Mount Union,Evan Bulvin,Evan,Bulvin,,452,Evan Bulvin,BULVIN,BULVINMOUNT UNION,11,11,,,Mount Union,MOUNT UNION,0,0,0,0,0,0,0,0,0,0,0,0,0,0,0,0,0,0,1,0,0,0,0,0,9,0,4,9,651:00,60,0,1.000,,,,,,,,,,,,,,,0,0,0,1,1,0,.000,0.09,,,,,
2025-26,mlax,Ohio Athletic Conference (OAC),oac,Mount Union,Dane Matuscin,Dane,Matuscin,,452,Dane Matuscin,MATUSCIN,MATUSCINMOUNT UNION,16,0,,,Mount Union,MOUNT UNION,0,0,0,0,0,0,1,5,0,0,0,0,0,0,0,0,0,0,0,2,0,0,0,1,64,0,19,12,00:00,0,1,1.000,,,,,,,,,,,,,,,6,9,0,16,11,5,.667,1.00,,,,,
2025-26,mlax,Ohio Athletic Conference (OAC),oac,Mount Union,Liam Shields,Liam,Shields,,452,Liam Shields,SHIELDS,SHIELDSMOUNT UNION,16,0,,,Mount Union,MOUNT UNION,0,0,0,0,0,0,0,0,0,0,0,0,0,0,0,0,0,0,1,6,0,0,0,0,15,0,7,5,00:00,0,0,1.000,,,,,,,,,,,,,,,1,1,0,1,1,0,1.000,0.06,,,,,
2025-26,mlax,Ohio Athletic Conference (OAC),oac,Mount Union,Sean Hanson,Sean,Hanson,,452,Sean Hanson,HANSON,HANSONMOUNT UNION,15,0,,,Mount Union,MOUNT UNION,0,0,0,0,0,0,0,2,0,0,0,0,0,0,0,0,0,0,1,4,0,0,0,2,42,0,6,16,00:00,0,2,1.000,,,,,,,,,,,,,,,3,5,0,5,2,3,.600,0.33,,,,,
2025-26,mlax,Ohio Athletic Conference (OAC),oac,Mount Union,Hunter Morris,Hunter,Morris,,452,Hunter Morris,MORRIS,MORRISMOUNT UNION,7,0,,,Mount Union,MOUNT UNION,0,0,0,0,0,0,0,0,0,0,0,0,0,0,0,0,0,0,0,0,0,0,0,0,2,0,3,0,00:00,0,0,1.000,,,,,,,,,,,,,,,4,6,0,0,0,0,.667,0.00,,,,,
2025-26,mlax,Ohio Athletic Conference (OAC),oac,Mount Union,Pasco,,Pasco,,452,Pasco,PASCO,PASCOMOUNT UNION,1,0,,,Mount Union,MOUNT UNION,0,0,0,0,0,0,0,0,0,0,0,0,0,0,0,0,0,0,0,0,0,0,0,0,1,0,0,1,0,0,0,1.000,,,,,,,,,,,,,,,0,0,0,0,0,0,.000,0.00,,,,,
2025-26,mlax,Ohio Athletic Conference (OAC),oac,Mount Union,Alec Blazer,Alec,Blazer,,452,Alec Blazer,BLAZER,BLAZERMOUNT UNION,17,17,,,Mount Union,MOUNT UNION,0,0,0,0,0,0,0,0,0,0,0,0,0,0,0,0,0,0,4,1,0,0,2,5,33,0,6,22,1007:00,110,7,1.000,,,,,,,,,,,,,,,3,5,0,0,0,0,.600,0.00,,,,,
2025-26,mlax,Ohio Athletic Conference (OAC),oac,Mount Union,Logan North,Logan,North,,452,Logan North,NORTH,NORTHMOUNT UNION,17,0,,,Mount Union,MOUNT UNION,0,0,0,0,0,0,0,0,0,0,0,0,0,0,0,0,0,0,1,0,0,0,211,134,83,0,6,2,00:00,0,345,1.000,,,,,,,,,,,,,,,2,6,0,4,4,0,.333,0.24,,,,,
2025-26,mlax,Ohio Athletic Conference (OAC),oac,Mount Union,Aj Green,Aj,Green,,452,Aj Green,GREEN,GREENMOUNT UNION,13,1,,,Mount Union,MOUNT UNION,0,0,0,0,0,0,0,1,0,1,0,0,0,0,0,0,0,0,1,4,0,0,0,0,11,0,5,5,60:00,0,0,1.000,,,,,,,,,,,,,,,2,2,0,1,0,1,1.000,0.08,,,,,
2025-26,mlax,Ohio Athletic Conference (OAC),oac,Mount Union,Sly Sundown,Sly,Sundown,,452,Sly Sundown,SUNDOWN,SUNDOWNMOUNT UNION,16,0,,,Mount Union,MOUNT UNION,0,0,0,0,0,0,0,5,0,1,0,0,0,0,0,0,0,0,1,1,0,0,0,0,4,0,7,1,00:00,0,0,1.000,,,,,,,,,,,,,,,17,31,0,18,5,13,.548,1.13,,,,,
2025-26,mlax,Ohio Athletic Conference (OAC),oac,Mount Union,William Entner,William,Entner,,452,William Entner,ENTNER,ENTNERMOUNT UNION,12,0,,,Mount Union,MOUNT UNION,0,0,0,0,0,0,0,0,0,0,0,0,0,0,0,0,0,0,0,0,0,0,0,0,5,0,2,0,00:00,0,0,1.000,10,132:03,15,18,0,0,0,0,0,0,0,63,6.82,.545,0,0,0,0,0,0,.000,0.00,,,,,
2025-26,mlax,Ohio Athletic Conference (OAC),oac,Mount Union,Braydon Tichy,Braydon,Tichy,,452,Braydon Tichy,"TICHY,BRAYDON",TICHYBRAYDONMOUNT UNION,8,0,,,Mount Union,MOUNT UNION,0,0,0,0,0,0,0,0,0,0,0,0,0,0,0,0,0,0,0,0,0,0,0,0,9,0,1,1,00:00,0,0,1.000,,,,,,,,,,,,,,,1,1,0,0,0,0,1.000,0.00,,,,,
2025-26,mlax,Ohio Athletic Conference (OAC),oac,Mount Union,Henry Schenk,Henry,Schenk,,452,Henry Schenk,"SCHENK,HENRY",SCHENKHENRYMOUNT UNION,9,0,,,Mount Union,MOUNT UNION,0,0,0,0,0,0,0,0,0,0,0,0,0,0,0,0,0,0,0,1,0,0,0,0,3,0,2,2,00:00,0,0,1.000,,,,,,,,,,,,,,,3,8,0,3,2,1,.375,0.33,,,,,
2025-26,mlax,Ohio Athletic Conference (OAC),oac,Mount Union,Aiden Kraus,Aiden,Kraus,,452,Aiden Kraus,"KRAUS,AIDEN",KRAUSAIDENMOUNT UNION,15,0,,,Mount Union,MOUNT UNION,0,0,0,0,0,0,0,0,0,0,0,0,0,0,0,0,0,0,0,0,0,0,0,0,14,0,5,3,00:00,0,0,1.000,,,,,,,,,,,,,,,0,0,0,0,0,0,.000,0.00,,,,,
2025-26,mlax,Ohio Athletic Conference (OAC),oac,Mount Union,Dylan Lulow,Dylan,Lulow,,452,Dylan Lulow,"LULOW,DYLAN",LULOWDYLANMOUNT UNION,16,0,,,Mount Union,MOUNT UNION,0,0,0,0,0,0,0,2,0,1,0,0,0,0,0,0,0,0,0,2,0,0,0,0,18,0,7,0,00:00,0,0,1.000,,,,,,,,,,,,,,,9,13,0,9,6,3,.692,0.56,,,,,
2025-26,mlax,Ohio Athletic Conference (OAC),oac,Mount Union,Logan Gunderman,Logan,Gunderman,,452,Logan Gunderman,"GUNDERMAN,LOGAN",GUNDERMANLOGANMOUNT UNION,16,16,,,Mount Union,MOUNT UNION,0,0,0,0,0,0,0,0,0,0,0,0,0,0,0,0,0,0,0,0,0,0,0,0,25,0,8,4,947:00,110,0,1.000,16,714:57,139,116,0,10,4,0,2,0,0,461,11.67,.455,0,0,0,0,0,0,.000,0.00,,,,,
2025-26,mlax,Ohio Athletic Conference (OAC),oac,Mount Union,Nikolai Lopatka,Nikolai,Lopatka,,452,Nikolai Lopatka,"LOPATKA,NIKOLAI",LOPATKANIKOLAIMOUNT UNION,9,0,,,Mount Union,MOUNT UNION,0,0,0,0,0,0,0,0,0,0,0,0,0,0,0,0,0,0,0,0,0,0,33,12,8,0,2,0,00:00,0,45,1.000,,,,,,,,,,,,,,,1,1,0,0,0,0,1.000,0.00,,,,,
2025-26,mlax,Ohio Athletic Conference (OAC),oac,Mount Union,Dylan Rondeau,Dylan,Rondeau,,452,Dylan Rondeau,"RONDEAU,DYLAN",RONDEAUDYLANMOUNT UNION,6,0,,,Mount Union,MOUNT UNION,0,0,0,0,0,0,0,0,0,0,0,0,0,0,0,0,0,0,0,0,0,0,0,0,4,0,0,1,00:00,0,0,1.000,4,66:19,3,5,0,0,0,0,0,0,0,16,2.71,.625,0,0,0,0,0,0,.000,0.00,,,,,
2025-26,mlax,Ohio Athletic Conference (OAC),oac,Mount Union,Jack Miller,Jack,Miller,,452,Jack Miller,"MILLER,JACK",MILLERJACKMOUNT UNION,6,0,,,Mount Union,MOUNT UNION,0,0,0,0,0,0,0,0,0,0,0,0,0,0,0,0,0,0,0,0,0,0,0,0,1,0,2,0,00:00,0,0,1.000,,,,,,,,,,,,,,,2,5,0,0,0,0,.400,0.00,,,,,
2025-26,mlax,Ohio Athletic Conference (OAC),oac,Mount Union,Gavin Loughrie,Gavin,Loughrie,,452,Gavin Loughrie,"LOUGHRIE,GAVIN",LOUGHRIEGAVINMOUNT UNION,16,0,,,Mount Union,MOUNT UNION,0,0,0,0,0,0,0,0,0,0,0,0,0,0,0,0,0,0,1,1,0,0,0,0,18,0,7,8,00:00,0,0,1.000,,,,,,,,,,,,,,,3,3,0,2,1,1,1.000,0.13,,,,,
2025-26,mlax,Ohio Athletic Conference (OAC),oac,Mount Union,Gabe Gannelli,Gabe,Gannelli,,452,Gabe Gannelli,"GANNELLI,GABE",GANNELLIGABEMOUNT UNION,4,0,,,Mount Union,MOUNT UNION,0,0,0,0,0,0,0,0,0,0,0,0,0,0,0,0,0,0,0,0,0,0,0,0,1,0,0,0,00:00,0,0,1.000,,,,,,,,,,,,,,,0,0,0,0,0,0,.000,0.00,,,,,
2025-26,mlax,Ohio Athletic Conference (OAC),oac,Muskingum,Gavin Rayney,Gavin,Rayney,,455,Gavin Rayney,"RAYNEY,GAVIN",RAYNEYGAVINMUSKINGU,1,0,,,Muskingum,MUSKINGU,0,0,0,0,0,0,0,0,0,0,0,0,0,0,0,0,0,0,0,0,0,0,0,0,0,0,0,0,0,0,0,1.000,,,,,,,,,,,,,,,0,0,0,0,0,0,.000,0.00,,,,,
2025-26,mlax,Ohio Athletic Conference (OAC),oac,Muskingum,Sam Bolen,Sam,Bolen,,455,Sam Bolen,"BOLEN,SAM",BOLENSAMMUSKINGU,15,0,,,Muskingum,MUSKINGU,0,0,0,0,0,0,0,0,0,0,0,0,0,0,0,0,0,0,0,1,0,0,0,0,12,0,4,2,00:00,0,0,1.000,,,,,,,,,,,,,,,3,3,0,0,0,0,1.000,0.00,,,,,
2025-26,mlax,Ohio Athletic Conference (OAC),oac,Muskingum,Marky Aponte,Marky,Aponte,,455,Marky Aponte,"APONTE,MARKY",APONTEMARKYMUSKINGU,7,0,,,Muskingum,MUSKINGU,0,0,0,0,0,0,1,2,0,0,0,0,0,0,0,0,0,0,0,1,0,0,0,0,5,0,1,1,00:00,0,0,1.000,,,,,,,,,,,,,,,8,14,0,7,2,5,.571,1.00,,,,,
2025-26,mlax,Ohio Athletic Conference (OAC),oac,Muskingum,William Swift,William,Swift,,455,William Swift,"SWIFT,WILLIAM",SWIFTWILLIAMMUSKINGU,15,2,,,Muskingum,MUSKINGU,0,0,0,0,0,0,0,6,0,1,0,0,0,0,0,0,0,0,0,2,0,0,0,0,17,0,15,2,120:00,0,0,1.000,,,,,,,,,,,,,,,28,56,0,14,3,11,.500,0.93,,,,,
2025-26,mlax,Ohio Athletic Conference (OAC),oac,Muskingum,Liam Manning,Liam,Manning,,455,Liam Manning,"MANNING,LIAM",MANNINGLIAMMUSKINGU,15,13,,,Muskingum,MUSKINGU,0,0,0,0,0,0,0,1,1,0,1,0,0,0,0,0,0,0,3,3,0,0,0,0,21,0,5,4,780:00,0,0,1.000,,,,,,,,,,,,,,,4,6,0,3,1,2,.667,0.20,,,,,
2025-26,mlax,Ohio Athletic Conference (OAC),oac,Muskingum,Kacy Perry,Kacy,Perry,,455,Kacy Perry,"PERRY,KACY",PERRYKACYMUSKINGU,13,5,,,Muskingum,MUSKINGU,0,0,0,0,0,0,0,0,0,0,0,0,0,0,0,0,0,0,1,0,0,0,0,0,17,0,4,12,300:00,0,0,1.000,,,,,,,,,,,,,,,0,0,0,0,0,0,.000,0.00,,,,,
2025-26,mlax,Ohio Athletic Conference (OAC),oac,Muskingum,Jaeden Klimkowski,Jaeden,Klimkowski,,455,Jaeden Klimkowski,"KLIMKOWSKI,JAEDEN",KLIMKOWSKIJAEDENMUSKINGU,7,1,,,Muskingum,MUSKINGU,0,0,0,0,0,0,0,0,0,0,0,0,0,0,0,0,0,0,0,0,0,0,0,0,11,0,5,1,75:00,0,0,1.000,7,151:40,28,31,0,0,1,0,0,0,0,100,11.08,.525,0,0,0,0,0,0,.000,0.00,,,,,
2025-26,mlax,Ohio Athletic Conference (OAC),oac,Muskingum,Calvin Warner,Calvin,Warner,,455,Calvin Warner,"WARNER,CALVIN",WARNERCALVINMUSKINGU,15,15,,,Muskingum,MUSKINGU,0,0,0,0,0,0,0,0,0,0,0,0,0,0,0,0,0,0,4,3,0,0,0,0,30,0,13,13,900:00,0,0,1.000,,,,,,,,,,,,,,,0,2,0,0,0,0,.000,0.00,,,,,
2025-26,mlax,Ohio Athletic Conference (OAC),oac,Muskingum,Adin Mondul,Adin,Mondul,,455,Adin Mondul,"MONDUL,ADIN",MONDULADINMUSKINGU,15,0,,,Muskingum,MUSKINGU,0,0,0,0,0,0,0,1,0,1,0,0,0,0,0,0,0,0,0,0,0,0,0,0,14,0,14,1,00:00,0,0,1.000,,,,,,,,,,,,,,,13,37,0,8,4,4,.351,0.53,,,,,
2025-26,mlax,Ohio Athletic Conference (OAC),oac,Muskingum,Dillon Caudill,Dillon,Caudill,,455,Dillon Caudill,"CAUDILL,DILLON",CAUDILLDILLONMUSKINGU,13,3,,,Muskingum,MUSKINGU,0,0,0,0,0,0,0,2,0,1,0,0,0,0,0,0,0,0,0,3,0,0,0,0,15,0,17,5,180:00,0,0,1.000,,,,,,,,,,,,,,,13,21,0,10,6,4,.619,0.77,,,,,
2025-26,mlax,Ohio Athletic Conference (OAC),oac,Muskingum,Ethan Kline,Ethan,Kline,,455,Ethan Kline,"KLINE,ETHAN",KLINEETHANMUSKINGU,15,0,,,Muskingum,MUSKINGU,0,0,0,0,0,0,1,3,0,0,0,0,0,0,0,0,0,0,0,2,0,0,27,38,21,0,9,0,00:00,0,65,1.000,,,,,,,,,,,,,,,13,35,0,7,2,5,.371,0.47,,,,,
2025-26,mlax,Ohio Athletic Conference (OAC),oac,Muskingum,Liam Cameron,Liam,Cameron,,455,Liam Cameron,"CAMERON,LIAM",CAMERONLIAMMUSKINGU,2,0,,,Muskingum,MUSKINGU,0,0,0,0,0,0,0,1,0,0,0,0,0,0,0,0,0,0,0,0,0,0,0,0,1,0,0,0,00:00,0,0,1.000,,,,,,,,,,,,,,,5,8,0,2,0,2,.625,1.00,,,,,
2025-26,mlax,Ohio Athletic Conference (OAC),oac,Muskingum,Evan Cosgrove,Evan,Cosgrove,,455,Evan Cosgrove,"COSGROVE,EVAN",COSGROVEEVANMUSKINGU,14,14,,,Muskingum,MUSKINGU,0,0,0,0,0,0,2,12,0,1,0,0,0,0,0,0,0,0,0,1,0,0,0,0,44,0,34,5,840:00,0,0,1.000,,,,,,,,,,,,,,,32,82,0,33,19,14,.390,2.36,,,,,
2025-26,mlax,Ohio Athletic Conference (OAC),oac,Muskingum,Tyler Workman,Tyler,Workman,,455,Tyler Workman,"WORKMAN,TYLER",WORKMANTYLERMUSKINGU,10,2,,,Muskingum,MUSKINGU,0,0,0,0,0,0,0,9,0,2,0,0,0,0,0,0,0,0,1,0,0,0,0,0,14,0,10,1,120:00,0,0,1.000,,,,,,,,,,,,,,,38,66,0,22,1,21,.576,2.20,,,,,
2025-26,mlax,Ohio Athletic Conference (OAC),oac,Muskingum,Jackson D'Amico,Jackson,D'Amico,,455,Jackson D'Amico,"D'AMICO,JACKSON",D'AMICOJACKSONMUSKINGU,14,1,,,Muskingum,MUSKINGU,0,0,0,0,0,0,0,0,0,0,0,0,0,0,0,0,0,0,0,5,0,0,0,1,11,0,13,6,60:00,0,1,1.000,,,,,,,,,,,,,,,2,5,0,0,0,0,.400,0.00,,,,,
2025-26,mlax,Ohio Athletic Conference (OAC),oac,Muskingum,Chipper Iacobucci,Chipper,Iacobucci,,455,Chipper Iacobucci,"IACOBUCCI,CHIPPER",IACOBUCCICHIPPERMUSKINGU,15,1,,,Muskingum,MUSKINGU,0,0,0,0,0,0,1,9,0,4,1,0,0,0,0,0,0,0,0,0,0,0,1,0,13,0,11,3,60:00,0,1,1.000,,,,,,,,,,,,,,,36,50,0,23,3,20,.720,1.53,,,,,
2025-26,mlax,Ohio Athletic Conference (OAC),oac,Muskingum,Nick Cannon,Nick,Cannon,,455,Nick Cannon,"CANNON,NICK",CANNONNICKMUSKINGU,10,10,,,Muskingum,MUSKINGU,0,0,0,0,0,0,0,0,0,0,0,0,0,0,0,0,0,0,0,5,0,0,0,0,19,0,6,8,600:00,0,0,1.000,,,,,,,,,,,,,,,0,1,0,0,0,0,.000,0.00,,,,,
2025-26,mlax,Ohio Athletic Conference (OAC),oac,Muskingum,Grant Webster,Grant,Webster,,455,Grant Webster,"WEBSTER,GRANT",WEBSTERGRANTMUSKINGU,12,12,,,Muskingum,MUSKINGU,0,0,0,0,0,0,2,6,0,0,1,0,0,0,0,0,0,0,1,1,0,0,0,0,23,0,23,5,720:00,0,0,1.000,,,,,,,,,,,,,,,36,58,0,27,10,17,.621,2.25,,,,,
2025-26,mlax,Ohio Athletic Conference (OAC),oac,Muskingum,Owen Winkler,Owen,Winkler,,455,Owen Winkler,"WINKLER,OWEN",WINKLEROWENMUSKINGU,15,13,,,Muskingum,MUSKINGU,0,0,0,0,0,0,0,1,0,0,0,0,0,0,0,0,0,0,1,1,0,0,145,145,66,0,8,1,780:00,0,290,1.000,,,,,,,,,,,,,,,1,6,0,4,3,1,.167,0.27,,,,,
2025-26,mlax,Ohio Athletic Conference (OAC),oac,Muskingum,Ethan Kmieske,Ethan,Kmieske,,455,Ethan Kmieske,"KMIESKE,ETHAN",KMIESKEETHANMUSKINGU,13,0,,,Muskingum,MUSKINGU,0,0,0,0,0,0,0,2,0,1,0,0,0,0,0,0,0,0,1,3,0,0,0,0,11,0,12,2,00:00,0,0,1.000,,,,,,,,,,,,,,,17,36,0,10,3,7,.472,0.77,,,,,
2025-26,mlax,Ohio Athletic Conference (OAC),oac,Muskingum,Colin Horley,Colin,Horley,,455,Colin Horley,"HORLEY,COLIN",HORLEYCOLINMUSKINGU,0,0,,,Muskingum,MUSKINGU,0,,,,,,,,,,,,,,,,,,,,,,,,,,,,,,,,,,,,,,,,,,,,,,,,,,,,,0,,,,,
2025-26,mlax,Ohio Athletic Conference (OAC),oac,Muskingum,Jack Pecar,Jack,Pecar,,455,Jack Pecar,"PECAR,JACK",PECARJACKMUSKINGU,3,0,,,Muskingum,MUSKINGU,0,0,0,0,0,0,0,1,0,0,0,0,0,0,0,0,0,0,0,0,0,0,0,0,0,0,4,0,00:00,0,0,1.000,,,,,,,,,,,,,,,2,3,0,3,1,2,.667,1.00,,,,,
2025-26,mlax,Ohio Athletic Conference (OAC),oac,Muskingum,Dominic McJunkin,Dominic,McJunkin,,455,Dominic McJunkin,"MCJUNKIN,DOMINIC",MCJUNKINDOMINICMUSKINGU,12,0,,,Muskingum,MUSKINGU,0,0,0,0,0,0,0,0,0,0,0,0,0,0,0,0,0,0,0,0,0,0,0,0,10,0,2,1,00:00,0,0,1.000,,,,,,,,,,,,,,,1,2,0,0,0,0,.500,0.00,,,,,
2025-26,mlax,Ohio Athletic Conference (OAC),oac,Muskingum,Zach Wise,Zach,Wise,,455,Zach Wise,"WISE,ZACH",WISEZACHMUSKINGU,3,0,,,Muskingum,MUSKINGU,0,0,0,0,0,0,0,0,0,0,0,0,0,0,0,0,0,0,0,0,0,0,0,0,0,0,1,0,00:00,0,0,1.000,3,45:00,5,5,0,0,0,0,0,0,0,12,6.67,.500,0,0,0,0,0,0,.000,0.00,,,,,
2025-26,mlax,Ohio Athletic Conference (OAC),oac,Muskingum,Kaleb Lyons,Kaleb,Lyons,,455,Kaleb Lyons,"LYONS,KALEB",LYONSKALEBMUSKINGU,3,0,,,Muskingum,MUSKINGU,0,0,0,0,0,0,0,1,0,0,0,0,0,0,0,0,0,0,0,0,0,0,0,0,2,0,0,0,00:00,0,0,1.000,,,,,,,,,,,,,,,5,11,0,2,0,2,.455,0.67,,,,,
2025-26,mlax,Ohio Athletic Conference (OAC),oac,Muskingum,Skylar Deaton,Skylar,Deaton,,455,Skylar Deaton,"DEATON,SKYLAR",DEATONSKYLARMUSKINGU,1,0,,,Muskingum,MUSKINGU,0,0,0,0,0,0,0,0,0,0,0,0,0,0,0,0,0,0,0,0,0,0,0,0,1,0,0,0,0,0,0,1.000,,,,,,,,,,,,,,,0,0,0,0,0,0,.000,0.00,,,,,
2025-26,mlax,Ohio Athletic Conference (OAC),oac,Muskingum,Jacob McDermott,Jacob,McDermott,,455,Jacob McDermott,"MCDERMOTT,JACOB",MCDERMOTTJACOBMUSKINGU,15,14,,,Muskingum,MUSKINGU,0,0,0,0,0,0,0,0,0,0,0,0,0,0,0,0,0,0,1,2,0,0,0,0,46,0,4,8,840:00,0,0,1.000,,,,,,,,,,,,,,,3,5,0,2,1,1,.600,0.13,,,,,
2025-26,mlax,Ohio Athletic Conference (OAC),oac,Muskingum,Justin White,Justin,White,,455,Justin White,"WHITE,JUSTIN",WHITEJUSTINMUSKINGU,4,0,,,Muskingum,MUSKINGU,0,0,0,0,0,0,0,0,0,0,0,0,0,0,0,0,0,0,0,0,0,0,0,0,2,0,1,0,00:00,0,0,1.000,4,52:30,3,9,0,0,0,0,0,0,0,32,3.43,.750,0,0,0,0,0,0,.000,0.00,,,,,
2025-26,mlax,Ohio Athletic Conference (OAC),oac,Muskingum,Jacob Sega,Jacob,Sega,,455,Jacob Sega,"SEGA,JACOB",SEGAJACOBMUSKINGU,15,1,,,Muskingum,MUSKINGU,0,0,0,0,0,0,0,1,0,0,0,0,0,0,0,0,0,0,0,0,0,0,0,0,46,0,20,3,60:00,0,0,1.000,,,,,,,,,,,,,,,8,10,0,7,4,3,.800,0.47,,,,,
2025-26,mlax,Ohio Athletic Conference (OAC),oac,Muskingum,Scott Van Iderstine,Scott Van,Iderstine,,455,Scott Van Iderstine,"IDERSTINE,SCOTT VAN",IDERSTINESCOTTVANMUSKINGU,11,1,,,Muskingum,MUSKINGU,0,0,0,0,0,0,0,1,0,0,0,0,0,0,0,0,0,0,0,0,0,0,8,12,8,0,0,1,60:00,0,20,1.000,,,,,,,,,,,,,,,3,4,0,1,0,1,.750,0.09,,,,,
2025-26,mlax,Ohio Athletic Conference (OAC),oac,Muskingum,Tyler Webber,Tyler,Webber,,455,Tyler Webber,"WEBBER,TYLER",WEBBERTYLERMUSKINGU,0,0,,,Muskingum,MUSKINGU,0,,,,,,,,,,,,,,,,,,,,,,,,,,,,,,,,,,,,,,,,,,,,,,,,,,,,,0,,,,,
2025-26,mlax,Ohio Athletic Conference (OAC),oac,Muskingum,Grant Smith,Grant,Smith,,455,Grant Smith,"SMITH,GRANT",SMITHGRANTMUSKINGU,6,0,,,Muskingum,MUSKINGU,0,0,0,0,0,0,0,0,0,0,0,0,0,0,0,0,0,0,0,1,0,0,0,0,3,0,2,1,00:00,0,0,1.000,,,,,,,,,,,,,,,0,0,0,0,0,0,.000,0.00,,,,,
2025-26,mlax,Ohio Athletic Conference (OAC),oac,Muskingum,Tyler Heilbrunn,Tyler,Heilbrunn,,455,Tyler Heilbrunn,"HEILBRUNN,TYLER",HEILBRUNNTYLERMUSKINGU,15,15,,,Muskingum,MUSKINGU,0,0,0,0,0,0,0,0,0,0,0,0,0,0,0,0,0,0,3,5,0,0,0,0,10,0,11,10,900:00,0,0,1.000,,,,,,,,,,,,,,,0,1,0,1,1,0,.000,0.07,,,,,
2025-26,mlax,Ohio Athletic Conference (OAC),oac,Muskingum,Drew Davis,Drew,Davis,,455,Drew Davis,"DAVIS,DREW",DAVISDREWMUSKINGU,13,13,,,Muskingum,MUSKINGU,0,0,0,0,0,0,0,10,0,1,1,0,0,0,0,0,0,0,1,1,0,0,0,0,15,0,27,2,780:00,0,0,1.000,,,,,,,,,,,,,,,48,80,0,33,11,22,.600,2.54,,,,,
2025-26,mlax,Ohio Athletic Conference (OAC),oac,Muskingum,Jeremy Hollow,Jeremy,Hollow,,455,Jeremy Hollow,"HOLLOW,JEREMY",HOLLOWJEREMYMUSKINGU,14,14,,,Muskingum,MUSKINGU,0,0,0,0,0,0,0,0,0,0,0,0,0,0,0,0,0,0,0,0,0,0,0,0,31,0,21,5,825:00,0,0,1.000,14,650:50,150,144,0,4,9,0,2,0,0,471,13.83,.490,2,4,0,0,0,0,.500,0.00,,,,,
2025-26,mlax,Ohio Athletic Conference (OAC),oac,Ohio Northern,Rudy DeFilippis,Rudy,DeFilippis,,517,Rudy DeFilippis,"DEFILIPPIS,RUDY",DEFILIPPISRUDYONU,13,0,,,Ohio Northern,ONU,0,0,0,0,0,0,0,0,0,0,0,0,0,0,0,0,0,0,1,2,0,0,1,7,7,0,2,2,00:00,0,8,1.000,,,,,,,,,,,,,,,0,0,0,0,0,0,.000,0.00,,,,,
2025-26,mlax,Ohio Athletic Conference (OAC),oac,Ohio Northern,Cooper Mulligan,Cooper,Mulligan,,517,Cooper Mulligan,"MULLIGAN,COOPER",MULLIGANCOOPERONU,21,6,,,Ohio Northern,ONU,0,0,0,0,0,0,1,13,0,0,2,0,0,0,0,0,0,0,0,0,0,0,0,0,13,0,19,5,345:00,47,0,1.000,,,,,,,,,,,,,,,45,71,0,30,6,24,.634,1.43,,,,,
2025-26,mlax,Ohio Athletic Conference (OAC),oac,Ohio Northern,Ridge Trimble,Ridge,Trimble,,517,Ridge Trimble,"TRIMBLE,RIDGE",TRIMBLERIDGEONU,12,0,,,Ohio Northern,ONU,0,0,0,0,0,0,0,0,0,0,0,0,0,0,0,0,0,0,1,3,0,0,1,0,3,0,1,2,00:00,0,1,1.000,,,,,,,,,,,,,,,0,0,0,0,0,0,.000,0.00,,,,,
2025-26,mlax,Ohio Athletic Conference (OAC),oac,Ohio Northern,Brady Vette,Brady,Vette,,517,Brady Vette,"VETTE,BRADY",VETTEBRADYONU,17,0,,,Ohio Northern,ONU,0,0,0,0,0,0,0,1,0,0,0,0,0,0,0,0,0,0,0,0,0,0,0,0,13,0,1,8,00:00,0,0,1.000,,,,,,,,,,,,,,,4,8,0,4,2,2,.500,0.24,,,,,
2025-26,mlax,Ohio Athletic Conference (OAC),oac,Ohio Northern,Carter Colfack,Carter,Colfack,,517,Carter Colfack,"COLFACK,CARTER",COLFACKCARTERONU,10,0,,,Ohio Northern,ONU,0,0,0,0,0,0,0,0,0,0,0,0,0,0,0,0,0,0,0,0,0,0,0,0,4,0,5,0,00:00,0,0,1.000,,,,,,,,,,,,,,,5,7,0,4,2,2,.714,0.40,,,,,
2025-26,mlax,Ohio Athletic Conference (OAC),oac,Ohio Northern,Devin Halliday,Devin,Halliday,,517,Devin Halliday,"HALLIDAY,DEVIN",HALLIDAYDEVINONU,21,0,,,Ohio Northern,ONU,0,0,0,0,0,0,0,1,0,0,0,0,0,0,0,0,0,0,0,1,0,0,78,64,33,0,4,1,00:00,0,142,1.000,,,,,,,,,,,,,,,5,9,0,4,0,4,.556,0.19,,,,,
2025-26,mlax,Ohio Athletic Conference (OAC),oac,Ohio Northern,Noah Chomout,Noah,Chomout,,517,Noah Chomout,"CHOMOUT,NOAH",CHOMOUTNOAHONU,16,0,,,Ohio Northern,ONU,0,0,0,0,0,0,0,1,0,0,0,0,0,0,0,0,0,0,1,1,0,0,0,1,24,0,2,2,00:00,0,1,1.000,,,,,,,,,,,,,,,5,5,0,1,0,1,1.000,0.06,,,,,
2025-26,mlax,Ohio Athletic Conference (OAC),oac,Ohio Northern,Davis Rice,Davis,Rice,,517,Davis Rice,"RICE,DAVIS",RICEDAVISONU,20,0,,,Ohio Northern,ONU,0,0,0,0,0,0,0,6,0,0,1,0,0,0,0,0,0,0,0,0,0,0,0,0,19,0,10,3,00:00,0,0,1.000,,,,,,,,,,,,,,,16,30,0,10,4,6,.533,0.50,,,,,
2025-26,mlax,Ohio Athletic Conference (OAC),oac,Ohio Northern,Ian Roy,Ian,Roy,,517,Ian Roy,"ROY,IAN",ROYIANONU,21,19,,,Ohio Northern,ONU,0,0,0,0,0,0,0,9,0,0,1,0,0,0,0,0,0,0,0,0,0,0,1,0,11,0,23,2,1124:00,104,1,1.000,,,,,,,,,,,,,,,37,76,0,33,18,15,.487,1.57,,,,,
2025-26,mlax,Ohio Athletic Conference (OAC),oac,Ohio Northern,Brydan Pitman,Brydan,Pitman,,517,Brydan Pitman,"PITMAN,BRYDAN",PITMANBRYDANONU,14,0,,,Ohio Northern,ONU,0,0,0,0,0,0,0,1,0,0,0,0,0,0,0,0,0,0,0,0,0,0,0,0,2,0,3,0,00:00,0,0,1.000,,,,,,,,,,,,,,,11,18,0,2,1,1,.611,0.14,,,,,
2025-26,mlax,Ohio Athletic Conference (OAC),oac,Ohio Northern,Alex Reimer,Alex,Reimer,,517,Alex Reimer,"REIMER,ALEX",REIMERALEXONU,20,12,,,Ohio Northern,ONU,0,0,0,0,0,0,0,6,0,0,1,0,0,0,0,0,0,0,0,0,0,0,0,0,10,0,19,0,719:00,57,0,1.000,,,,,,,,,,,,,,,35,66,0,19,3,16,.530,0.95,,,,,
2025-26,mlax,Ohio Athletic Conference (OAC),oac,Ohio Northern,Matt Wilder,Matt,Wilder,,517,Matt Wilder,"WILDER,MATT",WILDERMATTONU,9,0,,,Ohio Northern,ONU,0,0,0,0,0,0,0,0,0,0,0,0,0,0,0,0,0,0,0,0,0,0,0,0,0,0,0,0,00:00,0,0,1.000,,,,,,,,,,,,,,,1,3,0,0,0,0,.333,0.00,,,,,
2025-26,mlax,Ohio Athletic Conference (OAC),oac,Ohio Northern,Jacob Verbanic,Jacob,Verbanic,,517,Jacob Verbanic,"VERBANIC,JACOB",VERBANICJACOBONU,10,0,,,Ohio Northern,ONU,0,0,0,0,0,0,0,0,0,0,0,0,0,0,0,0,0,0,0,0,0,0,0,0,0,0,3,0,00:00,0,0,1.000,,,,,,,,,,,,,,,2,4,0,1,1,0,.500,0.10,,,,,
2025-26,mlax,Ohio Athletic Conference (OAC),oac,Ohio Northern,Ryan Baum,Ryan,Baum,,517,Ryan Baum,"BAUM,RYAN",BAUMRYANONU,17,0,,,Ohio Northern,ONU,0,0,0,0,0,0,0,0,0,1,0,0,0,0,0,0,0,0,0,0,0,0,0,0,7,0,7,2,00:00,0,0,1.000,,,,,,,,,,,,,,,7,11,0,5,3,2,.636,0.29,,,,,
2025-26,mlax,Ohio Athletic Conference (OAC),oac,Ohio Northern,Chris Ballentine,Chris,Ballentine,,517,Chris Ballentine,"BALLENTINE,CHRIS",BALLENTINECHRISONU,9,0,,,Ohio Northern,ONU,0,0,0,0,0,0,0,0,0,0,0,0,0,0,0,0,0,0,0,0,0,0,0,0,4,0,1,1,00:00,0,0,1.000,,,,,,,,,,,,,,,1,1,0,1,1,0,1.000,0.11,,,,,
2025-26,mlax,Ohio Athletic Conference (OAC),oac,Ohio Northern,Drew Elfers,Drew,Elfers,,517,Drew Elfers,"ELFERS,DREW",ELFERSDREWONU,0,0,,,Ohio Northern,ONU,0,,,,,,,,,,,,,,,,,,,,,,,,,,,,,,,,,,,,,,,,,,,,,,,,,,,,,0,,,,,
2025-26,mlax,Ohio Athletic Conference (OAC),oac,Ohio Northern,Griffin Bartos,Griffin,Bartos,,517,Griffin Bartos,"BARTOS,GRIFFIN",BARTOSGRIFFINONU,8,0,,,Ohio Northern,ONU,0,0,0,0,0,0,0,0,0,1,0,0,0,0,0,0,0,0,0,0,0,0,0,0,2,0,3,1,00:00,0,0,1.000,,,,,,,,,,,,,,,4,7,0,4,1,3,.571,0.50,,,,,
2025-26,mlax,Ohio Athletic Conference (OAC),oac,Ohio Northern,Caleb Bennett,Caleb,Bennett,,517,Caleb Bennett,"BENNETT,CALEB",BENNETTCALEBONU,21,21,,,Ohio Northern,ONU,0,0,0,0,0,0,2,10,0,3,3,0,0,0,0,0,0,0,1,0,0,0,0,0,49,0,41,7,1244:00,104,0,1.000,,,,,,,,,,,,,,,53,76,0,61,31,30,.697,2.90,,,,,
2025-26,mlax,Ohio Athletic Conference (OAC),oac,Ohio Northern,Noah Reynolds,Noah,Reynolds,,517,Noah Reynolds,"REYNOLDS,NOAH",REYNOLDSNOAHONU,14,0,,,Ohio Northern,ONU,0,0,0,0,0,0,0,0,0,0,0,0,0,0,0,0,0,0,0,0,0,0,29,15,13,0,2,2,00:00,0,44,1.000,,,,,,,,,,,,,,,1,3,0,0,0,0,.333,0.00,,,,,
2025-26,mlax,Ohio Athletic Conference (OAC),oac,Ohio Northern,Carson Yackey,Carson,Yackey,,517,Carson Yackey,"YACKEY,CARSON",YACKEYCARSONONU,10,0,,,Ohio Northern,ONU,0,0,0,0,0,0,0,0,0,0,0,0,0,0,0,0,0,0,0,0,0,0,0,1,1,0,0,0,30:00,132,1,1.000,6,39:41,0,2,0,0,0,0,0,0,0,9,.00,1.000,0,2,0,0,0,0,.000,0.00,,,,,
2025-26,mlax,Ohio Athletic Conference (OAC),oac,Ohio Northern,Peyton Lich,Peyton,Lich,,517,Peyton Lich,"LICH,PEYTON",LICHPEYTONONU,20,15,,,Ohio Northern,ONU,0,0,0,0,0,0,0,1,0,0,0,0,0,0,0,0,0,0,0,0,0,0,0,0,29,0,12,4,828:00,211,0,1.000,20,884:02,111,163,0,11,3,0,2,0,0,461,7.53,.595,2,4,0,1,0,1,.500,0.05,,,,,
2025-26,mlax,Ohio Athletic Conference (OAC),oac,Ohio Northern,Luke Dittus,Luke,Dittus,,517,Luke Dittus,"DITTUS,LUKE",DITTUSLUKEONU,4,0,,,Ohio Northern,ONU,0,0,0,0,0,0,0,0,0,0,0,0,0,0,0,0,0,0,0,0,0,0,2,0,1,0,1,0,00:00,0,2,1.000,,,,,,,,,,,,,,,0,0,0,0,0,0,.000,0.00,,,,,
2025-26,mlax,Ohio Athletic Conference (OAC),oac,Ohio Northern,Mitchel Luck,Mitchel,Luck,,517,Mitchel Luck,"LUCK,MITCHEL",LUCKMITCHELONU,21,20,,,Ohio Northern,ONU,0,0,0,0,0,0,4,9,1,0,1,0,0,0,0,0,0,0,0,0,0,0,0,0,44,0,22,7,1184:00,104,0,1.000,,,,,,,,,,,,,,,57,98,0,62,25,37,.582,2.95,,,,,
2025-26,mlax,Ohio Athletic Conference (OAC),oac,Ohio Northern,Canon Pfaff,Canon,Pfaff,,517,Canon Pfaff,"PFAFF,CANON",PFAFFCANONONU,0,0,,,Ohio Northern,ONU,0,,,,,,,,,,,,,,,,,,,,,,,,,,,,,,,,,,,,,,,,,,,,,,,,,,,,,0,,,,,
2025-26,mlax,Ohio Athletic Conference (OAC),oac,Ohio Northern,Robert Brunner,Robert,Brunner,,517,Robert Brunner,"BRUNNER,ROBERT",BRUNNERROBERTONU,16,6,,,Ohio Northern,ONU,0,0,0,0,0,0,0,0,0,0,0,0,0,0,0,0,0,0,0,0,0,0,0,0,7,0,4,1,361:00,193,0,1.000,16,302:03,42,42,0,4,1,0,0,0,0,165,8.34,.500,0,0,0,0,0,0,.000,0.00,,,,,
2025-26,mlax,Ohio Athletic Conference (OAC),oac,Ohio Northern,Trey Bradford,Trey,Bradford,,517,Trey Bradford,"BRADFORD,TREY",BRADFORDTREYONU,10,0,,,Ohio Northern,ONU,0,0,0,0,0,0,0,0,0,0,0,0,0,0,0,0,0,0,0,1,0,0,0,0,6,0,0,4,00:00,0,0,1.000,,,,,,,,,,,,,,,2,3,0,1,0,1,.667,0.10,,,,,
2025-26,mlax,Ohio Athletic Conference (OAC),oac,Ohio Northern,Jack Chaney,Jack,Chaney,,517,Jack Chaney,"CHANEY,JACK",CHANEYJACKONU,20,6,,,Ohio Northern,ONU,0,0,0,0,0,0,0,12,0,4,0,0,0,0,0,0,0,0,0,0,0,0,0,0,9,0,26,4,360:00,0,0,1.000,,,,,,,,,,,,,,,36,85,0,33,18,15,.424,1.65,,,,,
2025-26,mlax,Ohio Athletic Conference (OAC),oac,Ohio Northern,Chad Calderwood,Chad,Calderwood,,517,Chad Calderwood,"CALDERWOOD,CHAD",CALDERWOODCHADONU,21,0,,,Ohio Northern,ONU,0,0,0,0,0,0,0,0,0,0,0,0,0,0,0,0,0,0,1,0,0,0,176,130,80,0,6,1,00:00,0,306,1.000,,,,,,,,,,,,,,,0,1,0,1,1,0,.000,0.05,,,,,
2025-26,mlax,Ohio Athletic Conference (OAC),oac,Ohio Northern,Ryan Frech,Ryan,Frech,,517,Ryan Frech,"FRECH,RYAN",FRECHRYANONU,21,0,,,Ohio Northern,ONU,0,0,0,0,0,0,0,3,0,0,0,0,0,0,0,0,0,0,0,0,0,0,0,0,59,0,11,32,00:00,0,0,1.000,,,,,,,,,,,,,,,9,16,0,9,3,6,.563,0.43,,,,,
2025-26,mlax,Ohio Athletic Conference (OAC),oac,Ohio Northern,Mark Mintzlaff,Mark,Mintzlaff,,517,Mark Mintzlaff,"MINTZLAFF,MARK",MINTZLAFFMARKONU,20,6,,,Ohio Northern,ONU,0,0,0,0,0,0,1,10,0,0,2,0,0,0,0,0,0,0,2,1,0,0,1,0,30,0,14,5,345:00,47,1,1.000,,,,,,,,,,,,,,,42,76,0,23,4,19,.553,1.15,,,,,
2025-26,mlax,Ohio Athletic Conference (OAC),oac,Ohio Northern,John Copes IV,John Copes,IV,,517,John Copes IV,"IV,JOHN COPES",IVJOHNCOPESONU,20,0,,,Ohio Northern,ONU,0,0,0,0,0,0,0,0,0,0,0,0,0,0,0,0,0,0,1,2,0,0,0,0,10,0,11,2,00:00,0,0,1.000,,,,,,,,,,,,,,,1,4,0,0,0,0,.250,0.00,,,,,
2025-26,mlax,Ohio Athletic Conference (OAC),oac,Ohio Northern,Nathan Flynn,Nathan,Flynn,,517,Nathan Flynn,"FLYNN,NATHAN",FLYNNNATHANONU,21,15,,,Ohio Northern,ONU,0,0,0,0,0,0,4,3,0,0,0,0,0,0,0,0,0,0,2,4,0,0,0,0,44,0,18,7,899:00,57,0,1.000,,,,,,,,,,,,,,,21,42,0,25,12,13,.500,1.19,,,,,
2025-26,mlax,Ohio Athletic Conference (OAC),oac,Ohio Northern,Dylan Freyer,Dylan,Freyer,,517,Dylan Freyer,"FREYER,DYLAN",FREYERDYLANONU,20,0,,,Ohio Northern,ONU,0,0,0,0,0,0,0,1,0,0,0,0,0,0,0,0,0,0,2,1,0,0,0,0,6,0,4,5,00:00,0,0,1.000,,,,,,,,,,,,,,,1,2,0,1,0,1,.500,0.05,,,,,
2025-26,mlax,Ohio Athletic Conference (OAC),oac,Ohio Northern,Joe Keeley,Joe,Keeley,,517,Joe Keeley,"KEELEY,JOE",KEELEYJOEONU,21,21,,,Ohio Northern,ONU,0,0,0,0,0,0,0,0,0,0,0,0,0,0,0,0,0,0,1,1,0,0,0,0,26,0,6,15,1244:00,104,0,1.000,,,,,,,,,,,,,,,1,2,0,0,0,0,.500,0.00,,,,,
2025-26,mlax,Ohio Athletic Conference (OAC),oac,Ohio Northern,J.D. Hale,J.D.,Hale,,517,J.D. Hale,"HALE,JD",HALEJDONU,16,0,,,Ohio Northern,ONU,0,0,0,0,0,0,0,4,0,8,2,0,0,0,0,0,0,0,0,0,0,0,0,0,8,0,9,4,00:00,0,0,1.000,,,,,,,,,,,,,,,24,48,0,15,2,13,.500,0.94,,,,,
2025-26,mlax,Ohio Athletic Conference (OAC),oac,Ohio Northern,Eli Ferguson,Eli,Ferguson,,517,Eli Ferguson,"FERGUSON,ELI",FERGUSONELIONU,20,0,,,Ohio Northern,ONU,0,0,0,0,0,0,0,4,0,1,1,0,0,0,0,0,0,0,0,1,0,0,0,0,5,0,5,1,00:00,0,0,1.000,,,,,,,,,,,,,,,13,21,0,15,8,7,.619,0.75,,,,,
2025-26,mlax,Ohio Athletic Conference (OAC),oac,Ohio Northern,Jack Wasik,Jack,Wasik,,517,Jack Wasik,"WASIK,JACK",WASIKJACKONU,17,0,,,Ohio Northern,ONU,0,0,0,0,0,0,0,1,0,0,0,0,0,0,0,0,0,0,1,0,0,0,0,0,23,0,6,6,00:00,0,0,1.000,,,,,,,,,,,,,,,4,6,0,2,0,2,.667,0.12,,,,,
2025-26,mlax,Ohio Athletic Conference (OAC),oac,Ohio Northern,Lance Stevenson,Lance,Stevenson,,517,Lance Stevenson,"STEVENSON,LANCE",STEVENSONLANCEONU,10,0,,,Ohio Northern,ONU,0,0,0,0,0,0,0,1,0,0,0,0,0,0,0,0,0,0,0,0,0,0,0,0,5,0,0,2,00:00,0,0,1.000,,,,,,,,,,,,,,,3,6,0,2,0,2,.500,0.20,,,,,
2025-26,mlax,Ohio Athletic Conference (OAC),oac,Ohio Northern,Ian Phillips,Ian,Phillips,,517,Ian Phillips,"PHILLIPS,IAN",PHILLIPSIANONU,21,21,,,Ohio Northern,ONU,0,0,0,0,0,0,0,0,0,0,0,0,0,0,0,0,0,0,0,0,0,0,0,0,16,0,3,9,1244:00,104,0,1.000,,,,,,,,,,,,,,,0,1,0,0,0,0,.000,0.00,,,,,
2025-26,mlax,Ohio Athletic Conference (OAC),oac,Ohio Northern,Xavier Jankord,Xavier,Jankord,,517,Xavier Jankord,"JANKORD,XAVIER",JANKORDXAVIERONU,11,0,,,Ohio Northern,ONU,0,0,0,0,0,0,0,0,0,0,0,0,0,0,0,0,0,0,0,1,0,0,0,0,7,0,0,2,00:00,0,0,1.000,,,,,,,,,,,,,,,0,0,0,0,0,0,.000,0.00,,,,,
2025-26,mlax,Ohio Athletic Conference (OAC),oac,Ohio Northern,Luke Ferro,Luke,Ferro,,517,Luke Ferro,"FERRO,LUKE",FERROLUKEONU,19,0,,,Ohio Northern,ONU,0,0,0,0,0,0,0,0,0,0,0,0,0,0,0,0,0,0,1,3,0,0,0,0,24,0,8,6,00:00,0,0,1.000,,,,,,,,,,,,,,,0,4,0,2,2,0,.000,0.11,,,,,
2025-26,mlax,Ohio Athletic Conference (OAC),oac,Ohio Northern,Colin Willits,Colin,Willits,,517,Colin Willits,"WILLITS,COLIN",WILLITSCOLINONU,21,21,,,Ohio Northern,ONU,0,0,0,0,0,0,4,18,0,9,1,0,0,0,0,0,0,0,1,2,0,0,0,0,52,0,27,20,1244:00,104,0,1.000,,,,,,,,,,,,,,,81,125,0,68,13,55,.648,3.24,,,,,
2025-26,mlax,Ohio Athletic Conference (OAC),oac,Ohio Northern,Phil Newcomer,Phil,Newcomer,,517,Phil Newcomer,"NEWCOMER,PHIL",NEWCOMERPHILONU,5,0,,,Ohio Northern,ONU,0,0,0,0,0,0,0,0,0,0,0,0,0,0,0,0,0,0,0,0,0,0,0,0,2,0,1,0,17:00,48,0,1.000,5,19:58,2,4,0,0,0,0,0,0,0,7,6.01,.667,0,1,0,0,0,0,.000,0.00,,,,,
2025-26,mlax,Ohio Athletic Conference (OAC),oac,Ohio Northern,Alex Bergeron,Alex,Bergeron,,517,Alex Bergeron,"BERGERON,ALEX",BERGERONALEXONU,21,21,,,Ohio Northern,ONU,0,0,0,0,0,0,1,3,0,0,0,0,0,0,0,0,0,0,2,2,0,0,0,0,45,0,14,26,1244:00,104,0,1.000,,,,,,,,,,,,,,,5,7,0,5,2,3,.714,0.24,,,,,
2025-26,mlax,Ohio Athletic Conference (OAC),oac,Otterbein,Marcus Wright,Marcus,Wright,,531,Marcus Wright,"WRIGHT,MARCUS",WRIGHTMARCUSOTTERBEI,14,0,,,Otterbein,OTTERBEI,0,0,0,0,0,0,0,3,0,0,1,0,0,0,0,0,0,0,0,1,0,0,0,0,3,0,9,1,00:00,0,0,1.000,,,,,,,,,,,,,,,14,31,0,8,1,7,.452,0.57,,,,,
2025-26,mlax,Ohio Athletic Conference (OAC),oac,Otterbein,Sam Becker,Sam,Becker,,531,Sam Becker,"BECKER,SAM",BECKERSAMOTTERBEI,14,1,,,Otterbein,OTTERBEI,0,0,0,0,0,0,0,0,0,0,0,0,0,0,0,0,0,0,1,2,0,0,47,67,26,0,2,0,60:00,0,114,1.000,,,,,,,,,,,,,,,1,2,0,1,1,0,.500,0.07,,,,,
2025-26,mlax,Ohio Athletic Conference (OAC),oac,Otterbein,Aidan Moore,Aidan,Moore,,531,Aidan Moore,"MOORE,AIDAN",MOOREAIDANOTTERBEI,2,2,,,Otterbein,OTTERBEI,0,0,0,0,0,0,0,0,0,0,0,0,0,0,0,0,0,0,0,0,0,0,0,0,1,0,3,1,120:00,0,0,1.000,,,,,,,,,,,,,,,5,7,0,2,1,1,.714,1.00,,,,,
2025-26,mlax,Ohio Athletic Conference (OAC),oac,Otterbein,Zach Mulligan,Zach,Mulligan,,531,Zach Mulligan,"MULLIGAN,ZACH",MULLIGANZACHOTTERBEI,14,13,,,Otterbein,OTTERBEI,0,0,0,0,0,0,1,14,0,1,2,0,0,0,0,0,0,0,0,0,0,0,0,0,11,0,17,4,780:00,0,0,1.000,,,,,,,,,,,,,,,43,61,0,30,9,21,.705,2.14,,,,,
2025-26,mlax,Ohio Athletic Conference (OAC),oac,Otterbein,Max Luther,Max,Luther,,531,Max Luther,"LUTHER,MAX",LUTHERMAXOTTERBEI,13,0,,,Otterbein,OTTERBEI,0,0,0,0,0,0,0,5,0,0,0,0,0,0,0,0,0,0,0,0,0,0,0,0,4,0,9,5,00:00,0,0,1.000,,,,,,,,,,,,,,,18,26,0,12,3,9,.692,0.92,,,,,
2025-26,mlax,Ohio Athletic Conference (OAC),oac,Otterbein,Anthony Flores,Anthony,Flores,,531,Anthony Flores,"FLORES,ANTHONY",FLORESANTHONYOTTERBEI,14,0,,,Otterbein,OTTERBEI,0,0,0,0,0,0,0,0,0,0,0,0,0,0,0,0,0,0,0,4,0,0,1,0,13,0,5,7,00:00,0,1,1.000,,,,,,,,,,,,,,,0,1,0,3,3,0,.000,0.21,,,,,
2025-26,mlax,Ohio Athletic Conference (OAC),oac,Otterbein,Isaiah Smith,Isaiah,Smith,,531,Isaiah Smith,"SMITH,ISAIAH",SMITHISAIAHOTTERBEI,11,0,,,Otterbein,OTTERBEI,0,0,0,0,0,0,0,0,0,0,0,0,0,0,0,0,0,0,1,0,0,0,0,0,6,0,3,4,00:00,0,0,1.000,,,,,,,,,,,,,,,0,0,0,0,0,0,.000,0.00,,,,,
2025-26,mlax,Ohio Athletic Conference (OAC),oac,Otterbein,Noah Sutton,Noah,Sutton,,531,Noah Sutton,"SUTTON,NOAH",SUTTONNOAHOTTERBEI,4,0,,,Otterbein,OTTERBEI,0,0,0,0,0,0,0,0,0,0,0,0,0,0,0,0,0,0,0,0,0,0,0,0,1,0,4,0,00:00,0,0,1.000,,,,,,,,,,,,,,,0,3,0,1,1,0,.000,0.25,,,,,
2025-26,mlax,Ohio Athletic Conference (OAC),oac,Otterbein,Evan Crowe,Evan,Crowe,,531,Evan Crowe,"CROWE,EVAN",CROWEEVANOTTERBEI,4,0,,,Otterbein,OTTERBEI,0,0,0,0,0,0,0,0,0,0,0,0,0,0,0,0,0,0,0,0,0,0,0,0,2,0,2,0,00:00,0,0,1.000,,,,,,,,,,,,,,,2,6,0,0,0,0,.333,0.00,,,,,
2025-26,mlax,Ohio Athletic Conference (OAC),oac,Otterbein,Dom Dean,Dom,Dean,,531,Dom Dean,"DEAN,DOM",DEANDOMOTTERBEI,13,12,,,Otterbein,OTTERBEI,0,0,0,0,0,0,1,9,0,1,2,0,0,0,0,0,0,0,6,3,0,0,0,0,19,0,30,5,720:00,0,0,1.000,,,,,,,,,,,,,,,53,81,0,44,17,27,.654,3.38,,,,,
2025-26,mlax,Ohio Athletic Conference (OAC),oac,Otterbein,Matthew Reader,Matthew,Reader,,531,Matthew Reader,"READER,MATTHEW",READERMATTHEWOTTERBEI,13,1,,,Otterbein,OTTERBEI,0,0,0,0,0,0,0,0,0,0,0,0,0,0,0,0,0,0,0,0,0,0,0,0,16,0,6,3,60:00,0,0,1.000,,,,,,,,,,,,,,,2,4,0,1,0,1,.500,0.08,,,,,
2025-26,mlax,Ohio Athletic Conference (OAC),oac,Otterbein,Andrew Lewis,Andrew,Lewis,,531,Andrew Lewis,"LEWIS,ANDREW",LEWISANDREWOTTERBEI,14,0,,,Otterbein,OTTERBEI,0,0,0,0,0,0,1,7,0,2,0,0,0,0,0,0,0,0,1,0,0,0,0,0,10,0,19,6,00:00,0,0,1.000,,,,,,,,,,,,,,,32,42,0,30,15,15,.762,2.14,,,,,
2025-26,mlax,Ohio Athletic Conference (OAC),oac,Otterbein,Noah West,Noah,West,,531,Noah West,"WEST,NOAH",WESTNOAHOTTERBEI,4,0,,,Otterbein,OTTERBEI,0,0,0,0,0,0,0,0,0,0,0,0,0,0,0,0,0,0,0,0,0,0,0,0,1,0,0,0,00:00,0,0,1.000,,,,,,,,,,,,,,,1,1,0,0,0,0,1.000,0.00,,,,,
2025-26,mlax,Ohio Athletic Conference (OAC),oac,Otterbein,Zach Merrill,Zach,Merrill,,531,Zach Merrill,"MERRILL,ZACH",MERRILLZACHOTTERBEI,5,0,,,Otterbein,OTTERBEI,0,0,0,0,0,0,0,0,0,0,0,0,0,0,0,0,0,0,0,0,0,0,0,0,0,0,1,0,00:00,0,0,1.000,,,,,,,,,,,,,,,5,5,0,4,0,4,1.000,0.80,,,,,
2025-26,mlax,Ohio Athletic Conference (OAC),oac,Otterbein,Will Hoschak,Will,Hoschak,,531,Will Hoschak,"HOSCHAK,WILL",HOSCHAKWILLOTTERBEI,2,1,,,Otterbein,OTTERBEI,0,0,0,0,0,0,0,0,0,0,0,0,0,0,0,0,0,0,0,0,0,0,0,0,2,0,1,0,60:00,0,0,1.000,2,50:30,3,4,0,1,0,0,0,0,0,20,3.56,.571,0,0,0,0,0,0,.000,0.00,,,,,
2025-26,mlax,Ohio Athletic Conference (OAC),oac,Otterbein,Jackson Jerdonek,Jackson,Jerdonek,,531,Jackson Jerdonek,"JERDONEK,JACKSON",JERDONEKJACKSONOTTERBEI,13,1,,,Otterbein,OTTERBEI,0,0,0,0,0,0,0,0,0,0,0,0,0,0,0,0,0,0,3,1,0,0,0,0,11,0,5,5,60:00,0,0,1.000,,,,,,,,,,,,,,,0,1,0,0,0,0,.000,0.00,,,,,
2025-26,mlax,Ohio Athletic Conference (OAC),oac,Otterbein,Luke Farthing,Luke,Farthing,,531,Luke Farthing,"FARTHING,LUKE",FARTHINGLUKEOTTERBEI,11,11,,,Otterbein,OTTERBEI,0,0,0,0,0,0,0,0,0,0,0,0,0,0,0,0,0,0,0,0,0,0,0,0,26,0,16,2,624:00,51,0,1.000,11,581:08,141,103,0,6,5,0,2,0,0,403,14.56,.422,0,0,0,0,0,0,.000,0.00,,,,,
2025-26,mlax,Ohio Athletic Conference (OAC),oac,Otterbein,Tyler Bussard,Tyler,Bussard,,531,Tyler Bussard,"BUSSARD,TYLER",BUSSARDTYLEROTTERBEI,14,0,,,Otterbein,OTTERBEI,0,0,0,0,0,0,0,2,0,0,0,0,0,0,0,0,0,0,0,1,0,0,142,84,83,0,9,0,00:00,0,226,1.000,,,,,,,,,,,,,,,2,2,0,4,2,2,1.000,0.29,,,,,
2025-26,mlax,Ohio Athletic Conference (OAC),oac,Otterbein,Chase Lagore,Chase,Lagore,,531,Chase Lagore,"LAGORE,CHASE",LAGORECHASEOTTERBEI,13,0,,,Otterbein,OTTERBEI,0,0,0,0,0,0,0,0,0,0,0,0,0,0,0,0,0,0,0,0,0,0,26,42,10,0,0,0,00:00,0,68,1.000,,,,,,,,,,,,,,,0,2,0,0,0,0,.000,0.00,,,,,
2025-26,mlax,Ohio Athletic Conference (OAC),oac,Otterbein,Gabe Thayer,Gabe,Thayer,,531,Gabe Thayer,"THAYER,GABE",THAYERGABEOTTERBEI,12,0,,,Otterbein,OTTERBEI,0,0,0,0,0,0,0,2,0,0,0,0,0,0,0,0,0,0,2,0,0,0,1,0,8,0,5,1,00:00,0,1,1.000,,,,,,,,,,,,,,,5,11,0,3,1,2,.455,0.25,,,,,
2025-26,mlax,Ohio Athletic Conference (OAC),oac,Otterbein,EJ Buggs,EJ,Buggs,,531,EJ Buggs,"BUGGS,EJ",BUGGSEJOTTERBEI,8,0,,,Otterbein,OTTERBEI,0,0,0,0,0,0,0,0,0,0,0,0,0,0,0,0,0,0,0,0,0,0,0,1,4,0,0,0,00:00,0,1,1.000,,,,,,,,,,,,,,,0,0,0,0,0,0,.000,0.00,,,,,
2025-26,mlax,Ohio Athletic Conference (OAC),oac,Otterbein,Dylan Rosser,Dylan,Rosser,,531,Dylan Rosser,"ROSSER,DYLAN",ROSSERDYLANOTTERBEI,14,0,,,Otterbein,OTTERBEI,0,0,0,0,0,0,0,0,0,0,0,0,0,0,0,0,0,0,1,1,0,0,0,0,7,0,1,8,00:00,0,0,1.000,,,,,,,,,,,,,,,0,0,0,1,1,0,.000,0.07,,,,,
2025-26,mlax,Ohio Athletic Conference (OAC),oac,Otterbein,Mitchell Kleman,Mitchell,Kleman,,531,Mitchell Kleman,"KLEMAN,MITCHELL",KLEMANMITCHELLOTTERBEI,6,0,,,Otterbein,OTTERBEI,0,0,0,0,0,0,0,0,0,0,0,0,0,0,0,0,0,0,0,0,0,0,1,0,7,0,2,4,00:00,0,1,1.000,,,,,,,,,,,,,,,0,0,0,0,0,0,.000,0.00,,,,,
2025-26,mlax,Ohio Athletic Conference (OAC),oac,Otterbein,Nathan Lewis,Nathan,Lewis,,531,Nathan Lewis,"LEWIS,NATHAN",LEWISNATHANOTTERBEI,14,13,,,Otterbein,OTTERBEI,0,0,0,0,0,0,2,10,0,1,0,0,0,0,0,0,0,0,0,0,0,0,0,0,14,0,15,2,780:00,0,0,1.000,,,,,,,,,,,,,,,39,58,0,31,16,15,.672,2.21,,,,,
2025-26,mlax,Ohio Athletic Conference (OAC),oac,Otterbein,Nate Hemeryck,Nate,Hemeryck,,531,Nate Hemeryck,"HEMERYCK,NATE",HEMERYCKNATEOTTERBEI,3,0,,,Otterbein,OTTERBEI,0,0,0,0,0,0,0,0,0,0,0,0,0,0,0,0,0,0,1,0,0,0,0,0,1,0,0,0,00:00,0,0,1.000,,,,,,,,,,,,,,,0,0,0,0,0,0,.000,0.00,,,,,
2025-26,mlax,Ohio Athletic Conference (OAC),oac,Otterbein,Dominick Duncan,Dominick,Duncan,,531,Dominick Duncan,"DUNCAN,DOMINICK",DUNCANDOMINICKOTTERBEI,4,0,,,Otterbein,OTTERBEI,0,0,0,0,0,0,0,0,0,0,0,0,0,0,0,0,0,0,0,0,0,0,0,0,1,0,1,1,00:00,0,0,1.000,,,,,,,,,,,,,,,0,1,0,0,0,0,.000,0.00,,,,,
2025-26,mlax,Ohio Athletic Conference (OAC),oac,Otterbein,Miguel Need,Miguel,Need,,531,Miguel Need,"NEED,MIGUEL",NEEDMIGUELOTTERBEI,0,0,,,Otterbein,OTTERBEI,0,,,,,,,,,,,,,,,,,,,,,,,,,,,,,,,,,,,,,,,,,,,,,,,,,,,,,0,,,,,
2025-26,mlax,Ohio Athletic Conference (OAC),oac,Otterbein,Alex Glackin,Alex,Glackin,,531,Alex Glackin,"GLACKIN,ALEX",GLACKINALEXOTTERBEI,12,11,,,Otterbein,OTTERBEI,0,0,0,0,0,0,0,0,0,0,0,0,0,0,0,0,0,0,1,2,0,0,1,0,5,0,2,3,660:00,0,1,1.000,,,,,,,,,,,,,,,1,1,0,0,0,0,1.000,0.00,,,,,
2025-26,mlax,Ohio Athletic Conference (OAC),oac,Otterbein,Max Esque,Max,Esque,,531,Max Esque,"ESQUE,MAX",ESQUEMAXOTTERBEI,13,13,,,Otterbein,OTTERBEI,0,0,0,0,0,0,0,0,0,0,0,0,0,0,0,0,0,0,1,1,0,0,0,0,12,0,6,9,780:00,0,0,1.000,,,,,,,,,,,,,,,0,0,0,0,0,0,.000,0.00,,,,,
2025-26,mlax,Ohio Athletic Conference (OAC),oac,Otterbein,Nick Miller,Nick,Miller,,531,Nick Miller,"MILLER,NICK",MILLERNICKOTTERBEI,13,2,,,Otterbein,OTTERBEI,0,0,0,0,0,0,0,0,0,0,0,0,0,0,0,0,0,0,0,0,0,0,2,0,13,0,1,9,120:00,0,2,1.000,,,,,,,,,,,,,,,0,0,0,0,0,0,.000,0.00,,,,,
2025-26,mlax,Ohio Athletic Conference (OAC),oac,Otterbein,Max Graham,Max,Graham,,531,Max Graham,"GRAHAM,MAX",GRAHAMMAXOTTERBEI,14,13,,,Otterbein,OTTERBEI,0,0,0,0,0,0,2,18,0,3,1,0,0,0,0,0,0,0,1,2,0,0,0,0,36,0,17,6,780:00,0,0,1.000,,,,,,,,,,,,,,,81,136,0,54,10,44,.596,3.86,,,,,
2025-26,mlax,Ohio Athletic Conference (OAC),oac,Otterbein,Carson Rainone,Carson,Rainone,,531,Carson Rainone,"RAINONE,CARSON",RAINONECARSONOTTERBEI,14,12,,,Otterbein,OTTERBEI,0,0,0,0,0,0,0,13,0,0,1,0,0,0,0,0,0,0,0,2,0,0,0,0,9,0,14,1,720:00,0,0,1.000,,,,,,,,,,,,,,,42,79,0,26,6,20,.532,1.86,,,,,
2025-26,mlax,Ohio Athletic Conference (OAC),oac,Otterbein,Elliot Christlieb,Elliot,Christlieb,,531,Elliot Christlieb,"CHRISTLIEB,ELLIOT",CHRISTLIEBELLIOTOTTERBEI,7,1,,,Otterbein,OTTERBEI,0,0,0,0,0,0,0,0,0,0,0,0,0,0,0,0,0,0,1,1,0,0,0,0,1,0,1,0,60:00,0,0,1.000,,,,,,,,,,,,,,,0,0,0,0,0,0,.000,0.00,,,,,
2025-26,mlax,Ohio Athletic Conference (OAC),oac,Otterbein,Louis Griese,Louis,Griese,,531,Louis Griese,"GRIESE,LOUIS",GRIESELOUISOTTERBEI,4,0,,,Otterbein,OTTERBEI,0,0,0,0,0,0,0,0,0,0,0,0,0,0,0,0,0,0,0,0,0,0,0,0,1,0,0,0,00:00,0,0,1.000,,,,,,,,,,,,,,,0,0,0,0,0,0,.000,0.00,,,,,
2025-26,mlax,Ohio Athletic Conference (OAC),oac,Otterbein,Chase Belding,Chase,Belding,,531,Chase Belding,"BELDING,CHASE",BELDINGCHASEOTTERBEI,3,0,,,Otterbein,OTTERBEI,0,0,0,0,0,0,0,0,0,0,0,0,0,0,0,0,0,0,0,0,0,0,0,0,0,0,0,0,00:00,0,0,1.000,,,,,,,,,,,,,,,1,1,0,1,0,1,1.000,0.33,,,,,
2025-26,mlax,Ohio Athletic Conference (OAC),oac,Otterbein,Jacob Snyder,Jacob,Snyder,,531,Jacob Snyder,"SNYDER,JACOB",SNYDERJACOBOTTERBEI,4,0,,,Otterbein,OTTERBEI,0,0,0,0,0,0,0,1,0,0,0,0,0,0,0,0,0,0,0,0,0,0,0,0,1,0,3,0,00:00,0,0,1.000,,,,,,,,,,,,,,,3,5,0,3,1,2,.600,0.75,,,,,
2025-26,mlax,Ohio Athletic Conference (OAC),oac,Otterbein,Zach Courie,Zach,Courie,,531,Zach Courie,"COURIE,ZACH",COURIEZACHOTTERBEI,7,2,,,Otterbein,OTTERBEI,0,0,0,0,0,0,0,0,0,0,0,0,0,0,0,0,0,0,0,0,0,0,0,1,4,0,3,1,155:00,9,1,1.000,6,208:22,46,31,0,1,1,0,3,0,0,139,13.25,.403,0,0,0,0,0,0,.000,0.00,,,,,
2025-26,mlax,Ohio Athletic Conference (OAC),oac,Otterbein,Theron Cable,Theron,Cable,,531,Theron Cable,"CABLE,THERON",CABLETHERONOTTERBEI,6,3,,,Otterbein,OTTERBEI,0,0,0,0,0,0,0,0,0,0,0,0,0,0,0,0,0,0,0,1,0,0,0,0,3,0,2,1,180:00,0,0,1.000,,,,,,,,,,,,,,,0,0,0,0,0,0,.000,0.00,,,,,
2025-26,mlax,Ohio Athletic Conference (OAC),oac,Otterbein,Tyler Pruden,Tyler,Pruden,,531,Tyler Pruden,"PRUDEN,TYLER",PRUDENTYLEROTTERBEI,11,0,,,Otterbein,OTTERBEI,0,0,0,0,0,0,0,1,0,0,0,0,0,0,0,0,0,0,0,0,0,0,0,0,4,0,5,0,00:00,0,0,1.000,,,,,,,,,,,,,,,3,4,0,1,0,1,.750,0.09,,,,,
2025-26,mlax,Ohio Athletic Conference (OAC),oac,Otterbein,Cayden Rohe,Cayden,Rohe,,531,Cayden Rohe,"ROHE,CAYDEN",ROHECAYDENOTTERBEI,14,1,,,Otterbein,OTTERBEI,0,0,0,0,0,0,0,2,0,0,0,0,0,0,0,0,0,0,0,0,0,0,5,1,48,0,11,5,60:00,0,6,1.000,,,,,,,,,,,,,,,2,5,0,4,2,2,.400,0.29,,,,,
2025-26,mlax,Ohio Athletic Conference (OAC),oac,Otterbein,Jack Kennedy,Jack,Kennedy,,531,Jack Kennedy,"KENNEDY,JACK",KENNEDYJACKOTTERBEI,5,0,,,Otterbein,OTTERBEI,0,0,0,0,0,0,0,3,0,0,0,0,0,0,0,0,0,0,0,0,0,0,0,0,2,0,3,0,00:00,0,0,1.000,,,,,,,,,,,,,,,3,6,0,4,1,3,.500,0.80,,,,,
2025-26,mlax,Ohio Athletic Conference (OAC),oac,Otterbein,Jack Regruth,Jack,Regruth,,531,Jack Regruth,"REGRUTH,JACK",REGRUTHJACKOTTERBEI,14,14,,,Otterbein,OTTERBEI,0,0,0,0,0,0,1,4,0,3,1,0,0,0,0,0,0,0,2,1,0,0,0,0,21,0,29,0,840:00,0,0,1.000,,,,,,,,,,,,,,,38,61,0,30,11,19,.623,2.14,,,,,
2025-26,mlax,Ohio Athletic Conference (OAC),oac,Otterbein,Owen Opp,Owen,Opp,,531,Owen Opp,"OPP,OWEN",OPPOWENOTTERBEI,13,13,,,Otterbein,OTTERBEI,0,0,0,0,0,0,0,0,0,0,0,0,0,0,0,0,0,0,2,0,0,0,0,0,12,0,7,7,780:00,0,0,1.000,,,,,,,,,,,,,,,0,0,0,0,0,0,.000,0.00,,,,,
2025-26,mlax,Ohio Athletic Conference (OAC),oac,Otterbein,Luke Isaac,Luke,Isaac,,531,Luke Isaac,"ISAAC,LUKE",ISAACLUKEOTTERBEI,4,0,,,Otterbein,OTTERBEI,0,0,0,0,0,0,0,1,0,0,0,0,0,0,0,0,0,0,0,0,0,0,9,3,7,0,1,0,00:00,0,12,1.000,,,,,,,,,,,,,,,2,4,0,1,0,1,.500,0.25,,,,,
2025-26,mlax,Ohio Athletic Conference (OAC),oac,Wilmington,Angus Cripe,Angus,Cripe,,1461,Angus Cripe,"CRIPE,ANGUS",CRIPEANGUSWILM,10,6,,,Wilmington,WILM,0,0,0,0,0,0,0,1,0,0,0,0,0,0,0,0,0,0,1,0,0,0,0,1,3,0,6,2,360:00,0,1,1.000,,,,,,,,,,,,,,,1,1,0,2,1,1,1.000,0.20,,,,,
2025-26,mlax,Ohio Athletic Conference (OAC),oac,Wilmington,Ely Hatten,Ely,Hatten,,1461,Ely Hatten,"HATTEN,ELY",HATTENELYWILM,5,0,,,Wilmington,WILM,0,0,0,0,0,0,0,0,0,0,0,0,0,0,0,0,0,0,0,0,0,0,0,0,0,0,0,0,01:00,41,0,1.000,3,16:16,4,2,0,0,0,0,0,0,0,10,14.75,.333,0,0,0,0,0,0,.000,0.00,,,,,
2025-26,mlax,Ohio Athletic Conference (OAC),oac,Wilmington,Zach Swearingen,Zach,Swearingen,,1461,Zach Swearingen,"SWEARINGEN,ZACH",SWEARINGENZACHWILM,15,6,,,Wilmington,WILM,0,0,0,0,0,0,0,2,0,0,0,0,0,0,0,0,0,0,3,3,0,0,6,28,32,0,25,9,307:00,54,34,1.000,,,,,,,,,,,,,,,9,16,0,5,3,2,.563,0.33,,,,,
2025-26,mlax,Ohio Athletic Conference (OAC),oac,Wilmington,Nick Roca,Nick,Roca,,1461,Nick Roca,"ROCA,NICK",ROCANICKWILM,16,15,,,Wilmington,WILM,0,0,0,0,0,0,0,20,0,2,1,0,0,0,0,0,0,0,0,3,0,0,0,1,25,0,43,7,894:00,68,1,1.000,,,,,,,,,,,,,,,51,104,0,33,9,24,.490,2.06,,,,,
2025-26,mlax,Ohio Athletic Conference (OAC),oac,Wilmington,Drew Rausch,Drew,Rausch,,1461,Drew Rausch,"RAUSCH,DREW",RAUSCHDREWWILM,15,0,,,Wilmington,WILM,0,0,0,0,0,0,0,1,0,0,0,0,0,0,0,0,0,0,0,1,0,0,0,6,8,0,11,2,00:00,0,6,1.000,,,,,,,,,,,,,,,6,11,0,2,1,1,.545,0.13,,,,,
2025-26,mlax,Ohio Athletic Conference (OAC),oac,Wilmington,Brock Fugate,Brock,Fugate,,1461,Brock Fugate,"FUGATE,BROCK",FUGATEBROCKWILM,15,3,,,Wilmington,WILM,0,0,0,0,0,0,0,2,0,0,0,0,0,0,0,0,0,0,0,3,0,0,0,0,10,0,14,5,226:00,74,0,1.000,,,,,,,,,,,,,,,7,7,0,6,2,4,1.000,0.40,,,,,
2025-26,mlax,Ohio Athletic Conference (OAC),oac,Wilmington,Garrett Reigelsperge,Garrett,Reigelsperge,,1461,Garrett Reigelsperge,"REIGELSPERGE,GARRETT",REIGELSPERGEGARRETTWILM,16,16,,,Wilmington,WILM,0,0,0,0,0,0,2,9,1,6,1,0,0,0,0,0,0,0,2,0,0,0,0,0,21,0,33,4,954:00,68,0,1.000,,,,,,,,,,,,,,,62,125,0,37,4,33,.496,2.31,,,,,
2025-26,mlax,Ohio Athletic Conference (OAC),oac,Wilmington,Brody Parsley,Brody,Parsley,,1461,Brody Parsley,"PARSLEY,BRODY",PARSLEYBRODYWILM,13,2,,,Wilmington,WILM,0,0,0,0,0,0,0,2,0,0,0,0,0,0,0,0,0,0,1,1,0,0,0,2,16,0,13,0,118:00,10,2,1.000,,,,,,,,,,,,,,,5,6,0,3,1,2,.833,0.23,,,,,
2025-26,mlax,Ohio Athletic Conference (OAC),oac,Wilmington,Ben Parke,Ben,Parke,,1461,Ben Parke,"PARKE,BEN",PARKEBENWILM,15,12,,,Wilmington,WILM,0,0,0,0,0,0,0,0,0,0,0,0,0,0,0,0,0,0,3,0,0,0,1,19,21,0,19,6,767:00,84,20,1.000,,,,,,,,,,,,,,,1,1,0,0,0,0,1.000,0.00,,,,,
2025-26,mlax,Ohio Athletic Conference (OAC),oac,Wilmington,Kegan Campbell,Kegan,Campbell,,1461,Kegan Campbell,"CAMPBELL,KEGAN",CAMPBELLKEGANWILM,16,15,,,Wilmington,WILM,0,0,0,0,0,0,0,0,0,0,0,0,0,0,0,0,0,0,6,3,0,0,0,1,27,0,29,11,894:00,68,1,1.000,,,,,,,,,,,,,,,3,7,0,0,0,0,.429,0.00,,,,,
2025-26,mlax,Ohio Athletic Conference (OAC),oac,Wilmington,Colin McLaughlin,Colin,McLaughlin,,1461,Colin McLaughlin,"MCLAUGHLIN,COLIN",MCLAUGHLINCOLINWILM,16,16,,,Wilmington,WILM,0,0,0,0,0,0,0,4,0,0,1,0,0,0,0,0,0,0,5,3,0,0,0,1,34,0,20,16,902:00,102,1,1.000,,,,,,,,,,,,,,,5,13,0,6,2,4,.385,0.38,,,,,
2025-26,mlax,Ohio Athletic Conference (OAC),oac,Wilmington,Tyler Cunningham,Tyler,Cunningham,,1461,Tyler Cunningham,"CUNNINGHAM,TYLER",CUNNINGHAMTYLERWILM,16,2,,,Wilmington,WILM,0,0,0,0,0,0,0,1,0,0,0,0,0,0,0,0,0,0,1,1,0,0,0,0,5,0,11,4,120:00,0,0,1.000,,,,,,,,,,,,,,,7,18,0,6,5,1,.389,0.38,,,,,
2025-26,mlax,Ohio Athletic Conference (OAC),oac,Wilmington,Brody Whitaker,Brody,Whitaker,,1461,Brody Whitaker,"WHITAKER,BRODY",WHITAKERBRODYWILM,7,0,,,Wilmington,WILM,0,0,0,0,0,0,0,0,0,0,0,0,0,0,0,0,0,0,0,0,0,0,0,6,1,0,3,1,00:00,0,6,1.000,,,,,,,,,,,,,,,0,0,0,0,0,0,.000,0.00,,,,,
2025-26,mlax,Ohio Athletic Conference (OAC),oac,Wilmington,Caleb Mann,Caleb,Mann,,1461,Caleb Mann,"MANN,CALEB",MANNCALEBWILM,16,14,,,Wilmington,WILM,0,0,0,0,0,0,4,19,0,7,0,0,0,0,0,0,0,0,1,3,0,0,0,0,16,0,39,2,834:00,68,0,1.000,,,,,,,,,,,,,,,61,110,0,36,8,28,.555,2.25,,,,,
2025-26,mlax,Ohio Athletic Conference (OAC),oac,Wilmington,Noah Pressman,Noah,Pressman,,1461,Noah Pressman,"PRESSMAN,NOAH",PRESSMANNOAHWILM,16,8,,,Wilmington,WILM,0,0,0,0,0,0,0,0,0,0,0,0,0,0,0,0,0,0,0,3,0,0,145,201,69,0,16,0,478:00,10,346,1.000,,,,,,,,,,,,,,,4,9,0,0,0,0,.444,0.00,,,,,
2025-26,mlax,Ohio Athletic Conference (OAC),oac,Wilmington,Damian Dean,Damian,Dean,,1461,Damian Dean,"DEAN,DAMIAN",DEANDAMIANWILM,7,0,,,Wilmington,WILM,0,0,0,0,0,0,0,0,0,0,0,0,0,0,0,0,0,0,0,0,0,0,0,0,2,0,6,2,00:00,0,0,1.000,,,,,,,,,,,,,,,1,1,0,0,0,0,1.000,0.00,,,,,
2025-26,mlax,Ohio Athletic Conference (OAC),oac,Wilmington,Manny Castillo,Manny,Castillo,,1461,Manny Castillo,"CASTILLO,MANNY",CASTILLOMANNYWILM,16,10,,,Wilmington,WILM,0,0,0,0,0,0,0,0,0,1,0,0,0,0,0,0,0,0,1,0,0,0,0,0,12,0,20,0,600:00,0,0,1.000,,,,,,,,,,,,,,,10,16,0,7,4,3,.625,0.44,,,,,
2025-26,mlax,Ohio Athletic Conference (OAC),oac,Wilmington,Cody Everly,Cody,Everly,,1461,Cody Everly,"EVERLY,CODY",EVERLYCODYWILM,16,12,,,Wilmington,WILM,0,0,0,0,0,0,0,0,0,1,0,0,0,0,0,0,0,0,2,1,0,0,0,1,19,0,20,5,669:00,118,1,1.000,5,194:00,70,52,0,0,4,0,0,0,0,179,21.65,.426,8,22,0,4,1,3,.364,0.25,,,,,
2025-26,mlax,Ohio Athletic Conference (OAC),oac,Wilmington,Paul Bailey,Paul,Bailey,,1461,Paul Bailey,"BAILEY,PAUL",BAILEYPAULWILM,4,1,,,Wilmington,WILM,0,0,0,0,0,0,0,0,0,0,0,0,0,0,0,0,0,0,1,1,0,0,2,0,4,0,2,4,60:00,0,2,1.000,,,,,,,,,,,,,,,0,0,0,0,0,0,.000,0.00,,,,,
2025-26,mlax,Ohio Athletic Conference (OAC),oac,Wilmington,Jayden Kruse,Jayden,Kruse,,1461,Jayden Kruse,"KRUSE,JAYDEN",KRUSEJAYDENWILM,9,1,,,Wilmington,WILM,0,0,0,0,0,0,0,0,0,0,0,0,0,0,0,0,0,0,0,0,0,0,0,0,3,0,4,1,60:00,0,0,1.000,,,,,,,,,,,,,,,1,1,0,0,0,0,1.000,0.00,,,,,
2025-26,mlax,Ohio Athletic Conference (OAC),oac,Wilmington,Peyton Thompson,Peyton,Thompson,,1461,Peyton Thompson,"THOMPSON,PEYTON",THOMPSONPEYTONWILM,14,13,,,Wilmington,WILM,0,0,0,0,0,0,0,0,0,0,0,0,0,0,0,0,0,0,0,0,0,0,0,0,30,0,13,0,788:00,87,0,1.000,14,744:52,208,180,0,3,7,0,0,0,0,633,16.75,.464,0,0,0,1,1,0,.000,0.07,,,,,
2025-26,mlax,Ohio Athletic Conference (OAC),oac,Wilmington,Elijah Loux,Elijah,Loux,,1461,Elijah Loux,"LOUX,ELIJAH",LOUXELIJAHWILM,16,7,,,Wilmington,WILM,0,0,0,0,0,0,0,1,0,0,0,0,0,0,0,0,0,0,5,0,0,0,0,5,19,0,15,4,414:00,68,5,1.000,,,,,,,,,,,,,,,3,4,0,1,0,1,.750,0.06,,,,,
2025-26,mlax,Ohio Athletic Conference (OAC),oac,Wilmington,Jelani Hunter,Jelani,Hunter,,1461,Jelani Hunter,"HUNTER,JELANI",HUNTERJELANIWILM,14,0,,,Wilmington,WILM,0,0,0,0,0,0,0,0,0,0,0,0,0,0,0,0,0,0,0,1,0,0,4,9,22,0,14,4,00:00,0,13,1.000,,,,,,,,,,,,,,,2,7,0,2,2,0,.286,0.14,,,,,
2025-26,mlax,Ohio Athletic Conference (OAC),oac,Wilmington,Nathan Duerk,Nathan,Duerk,,1461,Nathan Duerk,"DUERK,NATHAN",DUERKNATHANWILM,5,0,,,Wilmington,WILM,0,0,0,0,0,0,0,0,0,0,0,0,0,0,0,0,0,0,0,0,0,0,0,0,0,0,2,1,00:00,0,0,1.000,,,,,,,,,,,,,,,1,2,0,0,0,0,.500,0.00,,,,,
