conference_code,conference,season,team,player_name,first_name,last_name,class_year,position,gp,mp_total,mpg,pts_total,ppg,reb_total,rpg,ast_total,apg,stl_total,spg,blk_total,bpg,tov_total,tov_pg,fgm,fga,fg_pct,tpm,tpa,tp_pct,ftm,fta,ft_pct
sliac,St. Louis Intercollegiate Athletic Conference (SLIAC),2025-26,Greenville,"Lofton,Tim",Tim,Lofton,0,,26,491.0,18.884615384615383,358.0,13.77,187.0,7.19,32.0,1.23,76.0,2.92,35.0,1.35,40.0,1.5384615384615383,155.0,306.0,0.51,5.0,38.0,0.13,43.0,61.0,0.7
sliac,St. Louis Intercollegiate Athletic Conference (SLIAC),2025-26,Greenville,"Williford,Joshua",Joshua,Williford,0,,24,412.0,17.166666666666668,386.0,16.08,95.0,3.96,39.0,1.63,48.0,2.0,5.0,0.21,41.0,1.7083333333333333,142.0,283.0,0.5,20.0,68.0,0.29,82.0,111.0,0.74
sliac,St. Louis Intercollegiate Athletic Conference (SLIAC),2025-26,Greenville,"Grant II,Sheldon",Sheldon,Grant II,0,,25,444.0,17.76,235.0,9.4,60.0,2.4,76.0,3.04,15.0,0.6,3.0,0.12,40.0,1.6,87.0,193.0,0.45,19.0,63.0,0.3,42.0,62.0,0.68
sliac,St. Louis Intercollegiate Athletic Conference (SLIAC),2025-26,Greenville,"Mobley,Elliot",Elliot,Mobley,0,,25,475.0,19.0,204.0,8.16,71.0,2.84,100.0,4.0,47.0,1.88,8.0,0.32,55.0,2.2,81.0,168.0,0.48,0.0,1.0,0.0,42.0,61.0,0.69
sliac,St. Louis Intercollegiate Athletic Conference (SLIAC),2025-26,Greenville,"Hicks,Ethan",Ethan,Hicks,0,,17,98.0,5.764705882352941,36.0,2.12,21.0,1.24,5.0,0.29,9.0,0.53,1.0,0.06,10.0,0.5882352941176471,13.0,38.0,0.34,8.0,29.0,0.28,2.0,4.0,0.5
sliac,St. Louis Intercollegiate Athletic Conference (SLIAC),2025-26,Greenville,"Tully,Brandon",Brandon,Tully,0,,26,478.0,18.384615384615383,302.0,11.62,50.0,1.92,33.0,1.27,23.0,0.88,2.0,0.08,28.0,1.0769230769230769,100.0,340.0,0.29,73.0,290.0,0.25,29.0,38.0,0.76
sliac,St. Louis Intercollegiate Athletic Conference (SLIAC),2025-26,Greenville,"Goad,Elijah",Elijah,Goad,0,G,26,518.0,19.923076923076923,334.0,12.85,60.0,2.31,45.0,1.73,46.0,1.77,3.0,0.12,35.0,1.3461538461538465,110.0,285.0,0.39,69.0,198.0,0.35,45.0,52.0,0.87
sliac,St. Louis Intercollegiate Athletic Conference (SLIAC),2025-26,Greenville,"Gurgel,Jackson",Jackson,Gurgel,0,,26,336.0,12.923076923076923,139.0,5.35,25.0,0.96,29.0,1.12,27.0,1.04,1.0,0.04,8.0,0.3076923076923077,45.0,150.0,0.3,37.0,126.0,0.29,12.0,15.0,0.8
sliac,St. Louis Intercollegiate Athletic Conference (SLIAC),2025-26,Greenville,"Schreiber-Rivera,Joseph",Joseph,Schreiber-Rivera,0,G,23,406.0,17.652173913043477,239.0,10.39,61.0,2.65,26.0,1.13,23.0,1.0,1.0,0.04,18.0,0.782608695652174,89.0,202.0,0.44,34.0,112.0,0.3,27.0,40.0,0.68
sliac,St. Louis Intercollegiate Athletic Conference (SLIAC),2025-26,Greenville,"Acevedo,Newton",Newton,Acevedo,0,,25,359.0,14.36,97.0,3.88,61.0,2.44,44.0,1.76,26.0,1.04,3.0,0.12,22.0,0.88,33.0,88.0,0.38,6.0,27.0,0.22,25.0,39.0,0.64
sliac,St. Louis Intercollegiate Athletic Conference (SLIAC),2025-26,Greenville,"Conway,Brady",Brady,Conway,0,G,9,48.0,5.333333333333333,13.0,1.44,10.0,1.11,14.0,1.56,7.0,0.78,0.0,0.0,12.0,1.3333333333333333,5.0,14.0,0.36,1.0,3.0,0.33,2.0,4.0,0.5
sliac,St. Louis Intercollegiate Athletic Conference (SLIAC),2025-26,Greenville,"Johnson,Caleb",Caleb,Johnson,0,,26,228.0,8.76923076923077,138.0,5.31,53.0,2.04,5.0,0.19,11.0,0.42,3.0,0.12,10.0,0.3846153846153846,47.0,122.0,0.39,25.0,80.0,0.31,19.0,29.0,0.66
sliac,St. Louis Intercollegiate Athletic Conference (SLIAC),2025-26,Greenville,"Comeaux,Tahj",Tahj,Comeaux,0,,26,433.0,16.653846153846153,176.0,6.77,141.0,5.42,33.0,1.27,43.0,1.65,22.0,0.85,45.0,1.7307692307692308,64.0,148.0,0.43,10.0,46.0,0.22,38.0,59.0,0.64
sliac,St. Louis Intercollegiate Athletic Conference (SLIAC),2025-26,Greenville,"Comeaux,Taiemm",Taiemm,Comeaux,0,,25,411.0,16.44,221.0,8.84,146.0,5.84,31.0,1.24,43.0,1.72,11.0,0.44,57.0,2.28,63.0,216.0,0.29,19.0,82.0,0.23,76.0,100.0,0.76
sliac,St. Louis Intercollegiate Athletic Conference (SLIAC),2025-26,Greenville,"Rhodes,Dylan",Dylan,Rhodes,0,F,23,116.0,5.043478260869565,42.0,1.83,18.0,0.78,6.0,0.26,7.0,0.3,1.0,0.04,11.0,0.4782608695652174,15.0,50.0,0.3,6.0,36.0,0.17,6.0,8.0,0.75
sliac,St. Louis Intercollegiate Athletic Conference (SLIAC),2025-26,Greenville,"Ackerman,Tyson",Tyson,Ackerman,0,G,0,0.0,,0.0,0.0,0.0,0.0,0.0,0.0,0.0,0.0,0.0,0.0,0.0,,0.0,0.0,0.0,0.0,0.0,0.0,0.0,0.0,0.0
sliac,St. Louis Intercollegiate Athletic Conference (SLIAC),2025-26,Greenville,"Goad,Isaiah",Isaiah,Goad,0,,0,0.0,,0.0,0.0,0.0,0.0,0.0,0.0,0.0,0.0,0.0,0.0,0.0,,0.0,0.0,0.0,0.0,0.0,0.0,0.0,0.0,0.0
sliac,St. Louis Intercollegiate Athletic Conference (SLIAC),2025-26,Greenville,"Williams,Jaylen",Jaylen,Williams,0,,0,0.0,,0.0,0.0,0.0,0.0,0.0,0.0,0.0,0.0,0.0,0.0,0.0,,0.0,0.0,0.0,0.0,0.0,0.0,0.0,0.0,0.0
sliac,St. Louis Intercollegiate Athletic Conference (SLIAC),2025-26,Greenville,"Gardner,Kaleb",Kaleb,Gardner,0,,17,72.0,4.235294117647059,22.0,1.29,11.0,0.65,17.0,1.0,3.0,0.18,0.0,0.0,9.0,0.5294117647058824,6.0,16.0,0.38,1.0,4.0,0.25,9.0,16.0,0.56
sliac,St. Louis Intercollegiate Athletic Conference (SLIAC),2025-26,Webster,"Nelson,Charles",Charles,Nelson,0,F,27,839.0,31.074074074074073,499.0,18.48,98.0,3.63,101.0,3.74,50.0,1.85,8.0,0.3,57.0,2.111111111111111,183.0,383.0,0.48,55.0,133.0,0.41,78.0,89.0,0.88
sliac,St. Louis Intercollegiate Athletic Conference (SLIAC),2025-26,Webster,"Sykes II,Jemard",Jemard,Sykes II,0,G,27,774.0,28.666666666666668,274.0,10.15,135.0,5.0,70.0,2.59,35.0,1.3,7.0,0.26,30.0,1.1111111111111112,103.0,229.0,0.45,42.0,111.0,0.38,26.0,30.0,0.87
sliac,St. Louis Intercollegiate Athletic Conference (SLIAC),2025-26,Webster,"Burroughs V,William",William,Burroughs V,0,G,25,185.0,7.4,47.0,1.88,11.0,0.44,28.0,1.12,10.0,0.4,0.0,0.0,17.0,0.68,19.0,54.0,0.35,7.0,24.0,0.29,2.0,5.0,0.4
sliac,St. Louis Intercollegiate Athletic Conference (SLIAC),2025-26,Webster,"Schafer,Jacob",Jacob,Schafer,0,G,15,102.0,6.8,22.0,1.47,16.0,1.07,10.0,0.67,4.0,0.27,0.0,0.0,3.0,0.2,7.0,16.0,0.44,5.0,13.0,0.38,3.0,4.0,0.75
sliac,St. Louis Intercollegiate Athletic Conference (SLIAC),2025-26,Webster,"Harmon,Will",Will,Harmon,0,G,6,33.0,5.5,5.0,0.83,2.0,0.33,3.0,0.5,0.0,0.0,0.0,0.0,0.0,0.0,2.0,4.0,0.5,0.0,0.0,0.0,1.0,2.0,0.5
sliac,St. Louis Intercollegiate Athletic Conference (SLIAC),2025-26,Webster,"Reed,Sebastian",Sebastian,Reed,0,F,27,493.0,18.25925925925926,245.0,9.07,94.0,3.48,30.0,1.11,16.0,0.59,2.0,0.07,31.0,1.148148148148148,106.0,196.0,0.54,3.0,14.0,0.21,30.0,42.0,0.71
sliac,St. Louis Intercollegiate Athletic Conference (SLIAC),2025-26,Webster,"Horton,Kendall",Kendall,Horton,0,G,23,392.0,17.043478260869566,64.0,2.78,36.0,1.57,37.0,1.61,33.0,1.43,6.0,0.26,23.0,1.0,24.0,63.0,0.38,3.0,15.0,0.2,13.0,20.0,0.65
sliac,St. Louis Intercollegiate Athletic Conference (SLIAC),2025-26,Webster,"Allison,Myles",Myles,Allison,0,F,4,19.0,4.75,2.0,0.5,0.0,0.0,2.0,0.5,1.0,0.25,0.0,0.0,2.0,0.5,1.0,6.0,0.17,0.0,3.0,0.0,0.0,0.0,0.0
sliac,St. Louis Intercollegiate Athletic Conference (SLIAC),2025-26,Webster,"DeBold,Colin",Colin,DeBold,0,F,25,237.0,9.48,72.0,2.88,39.0,1.56,22.0,0.88,11.0,0.44,2.0,0.08,18.0,0.72,24.0,64.0,0.38,11.0,26.0,0.42,13.0,15.0,0.87
sliac,St. Louis Intercollegiate Athletic Conference (SLIAC),2025-26,Webster,"Chartrand,Ethan",Ethan,Chartrand,0,F,16,431.0,26.9375,260.0,16.25,57.0,3.56,23.0,1.44,24.0,1.5,8.0,0.5,12.0,0.75,109.0,194.0,0.56,20.0,57.0,0.35,22.0,28.0,0.79
sliac,St. Louis Intercollegiate Athletic Conference (SLIAC),2025-26,Webster,"James,Linden",Linden,James,0,F,2,3.0,1.5,0.0,0.0,0.0,0.0,0.0,0.0,0.0,0.0,0.0,0.0,0.0,0.0,0.0,0.0,0.0,0.0,0.0,0.0,0.0,0.0,0.0
sliac,St. Louis Intercollegiate Athletic Conference (SLIAC),2025-26,Webster,"Hall,Andrew",Andrew,Hall,0,F,9,29.0,3.2222222222222223,16.0,1.78,11.0,1.22,0.0,0.0,0.0,0.0,0.0,0.0,5.0,0.5555555555555556,5.0,11.0,0.45,2.0,5.0,0.4,4.0,4.0,1.0
sliac,St. Louis Intercollegiate Athletic Conference (SLIAC),2025-26,Webster,"Painter,Adam",Adam,Painter,0,F,27,703.0,26.03703703703704,261.0,9.67,175.0,6.48,61.0,2.26,30.0,1.11,9.0,0.33,37.0,1.3703703703703705,106.0,201.0,0.53,2.0,5.0,0.4,47.0,75.0,0.63
sliac,St. Louis Intercollegiate Athletic Conference (SLIAC),2025-26,Webster,"Thiam,Nbaye",Nbaye,Thiam,0,F,20,113.0,5.65,44.0,2.2,32.0,1.6,1.0,0.05,4.0,0.2,3.0,0.15,9.0,0.45,16.0,33.0,0.48,0.0,0.0,0.0,12.0,21.0,0.57
sliac,St. Louis Intercollegiate Athletic Conference (SLIAC),2025-26,Webster,"Ugo,Justin",Justin,Ugo,0,F,25,469.0,18.76,210.0,8.4,120.0,4.8,25.0,1.0,11.0,0.44,12.0,0.48,28.0,1.12,77.0,146.0,0.53,0.0,1.0,0.0,56.0,83.0,0.67
sliac,St. Louis Intercollegiate Athletic Conference (SLIAC),2025-26,Webster,"Constant,Nkosi",Nkosi,Constant,0,F,12,77.0,6.416666666666667,20.0,1.67,22.0,1.83,1.0,0.08,1.0,0.08,9.0,0.75,6.0,0.5,10.0,14.0,0.71,0.0,0.0,0.0,0.0,2.0,0.0
sliac,St. Louis Intercollegiate Athletic Conference (SLIAC),2025-26,Webster,"Harding-Fair,Dallas",Dallas,Harding-Fair,0,C,27,418.0,15.48148148148148,151.0,5.59,116.0,4.3,24.0,0.89,13.0,0.48,7.0,0.26,19.0,0.7037037037037037,56.0,108.0,0.52,0.0,1.0,0.0,39.0,56.0,0.7
sliac,St. Louis Intercollegiate Athletic Conference (SLIAC),2025-26,Webster,"Maritz,Eli",Eli,Maritz,0,F,0,0.0,,0.0,0.0,0.0,0.0,0.0,0.0,0.0,0.0,0.0,0.0,0.0,,0.0,0.0,0.0,0.0,0.0,0.0,0.0,0.0,0.0
sliac,St. Louis Intercollegiate Athletic Conference (SLIAC),2025-26,Webster,"Davis,Jalen",Jalen,Davis,0,G,13,81.0,6.230769230769231,42.0,3.23,10.0,0.77,2.0,0.15,2.0,0.15,0.0,0.0,8.0,0.6153846153846154,14.0,37.0,0.38,4.0,19.0,0.21,10.0,14.0,0.71
sliac,St. Louis Intercollegiate Athletic Conference (SLIAC),2025-26,Webster,"Vance,Dee'Andre",Dee'Andre,Vance,0,G,0,0.0,,0.0,0.0,0.0,0.0,0.0,0.0,0.0,0.0,0.0,0.0,0.0,,0.0,0.0,0.0,0.0,0.0,0.0,0.0,0.0,0.0
sliac,St. Louis Intercollegiate Athletic Conference (SLIAC),2025-26,Webster,"Mohair,Amarien",Amarien,Mohair,0,G,0,0.0,,0.0,0.0,0.0,0.0,0.0,0.0,0.0,0.0,0.0,0.0,0.0,,0.0,0.0,0.0,0.0,0.0,0.0,0.0,0.0,0.0
sliac,St. Louis Intercollegiate Athletic Conference (SLIAC),2025-26,Webster,"Crossin,Aiden",Aiden,Crossin,0,G,0,0.0,,0.0,0.0,0.0,0.0,0.0,0.0,0.0,0.0,0.0,0.0,0.0,,0.0,0.0,0.0,0.0,0.0,0.0,0.0,0.0,0.0
sliac,St. Louis Intercollegiate Athletic Conference (SLIAC),2025-26,Webster,"Attie,Tanguy Baptiste Francis",Tanguy Baptiste Francis,Attie,0,F,1,2.0,2.0,0.0,0.0,0.0,0.0,0.0,0.0,0.0,0.0,0.0,0.0,0.0,0.0,0.0,0.0,0.0,0.0,0.0,0.0,0.0,0.0,0.0
sliac,St. Louis Intercollegiate Athletic Conference (SLIAC),2025-26,Webster,Anthony Valdes,Anthony Valdes,,0,0,0,0.0,,0.0,0.0,0.0,0.0,0.0,0.0,0.0,0.0,0.0,0.0,0.0,,0.0,0.0,0.0,0.0,0.0,0.0,0.0,0.0,0.0
sliac,St. Louis Intercollegiate Athletic Conference (SLIAC),2025-26,MUW,"Stansfield,Mal",Mal,Stansfield,0,G,21,128.0,6.095238095238095,34.0,1.62,11.0,0.52,8.0,0.38,2.0,0.1,0.0,0.0,10.0,0.4761904761904761,12.0,33.0,0.36,2.0,9.0,0.22,8.0,9.0,0.89
sliac,St. Louis Intercollegiate Athletic Conference (SLIAC),2025-26,MUW,"Reid,Jackson",Jackson,Reid,0,G,23,721.0,31.347826086956523,130.0,5.65,60.0,2.61,56.0,2.43,16.0,0.7,3.0,0.13,51.0,2.217391304347826,50.0,118.0,0.42,11.0,39.0,0.28,19.0,33.0,0.58
sliac,St. Louis Intercollegiate Athletic Conference (SLIAC),2025-26,MUW,"Huguley,Tray",Tray,Huguley,0,F,25,876.0,35.04,576.0,23.04,292.0,11.68,66.0,2.64,26.0,1.04,38.0,1.52,57.0,2.28,246.0,378.0,0.65,4.0,14.0,0.29,80.0,104.0,0.77
sliac,St. Louis Intercollegiate Athletic Conference (SLIAC),2025-26,MUW,"Bohannon,Tyler",Tyler,Bohannon,0,G,19,129.0,6.7894736842105265,36.0,1.89,17.0,0.89,5.0,0.26,2.0,0.11,0.0,0.0,9.0,0.4736842105263157,13.0,27.0,0.48,4.0,11.0,0.36,6.0,8.0,0.75
sliac,St. Louis Intercollegiate Athletic Conference (SLIAC),2025-26,MUW,"Austin,Joe Haze",Joe Haze,Austin,0,F,27,856.0,31.703703703703702,369.0,13.67,147.0,5.44,105.0,3.89,91.0,3.37,41.0,1.52,85.0,3.1481481481481484,132.0,269.0,0.49,33.0,99.0,0.33,72.0,88.0,0.82
sliac,St. Louis Intercollegiate Athletic Conference (SLIAC),2025-26,MUW,"McCaine,Devin",Devin,McCaine,0,G,25,772.0,30.88,356.0,14.24,60.0,2.4,48.0,1.92,23.0,0.92,1.0,0.04,50.0,2.0,143.0,272.0,0.53,23.0,75.0,0.31,47.0,68.0,0.69
sliac,St. Louis Intercollegiate Athletic Conference (SLIAC),2025-26,MUW,"Shephard,Tyler",Tyler,Shephard,0,G,27,830.0,30.74074074074074,396.0,14.67,127.0,4.7,56.0,2.07,36.0,1.33,17.0,0.63,58.0,2.1481481481481484,144.0,276.0,0.52,26.0,73.0,0.36,82.0,110.0,0.75
sliac,St. Louis Intercollegiate Athletic Conference (SLIAC),2025-26,MUW,"McDeavitt,Ayden",Ayden,McDeavitt,0,G,17,121.0,7.117647058823529,39.0,2.29,11.0,0.65,6.0,0.35,2.0,0.12,1.0,0.06,7.0,0.4117647058823529,11.0,19.0,0.58,2.0,7.0,0.29,15.0,21.0,0.71
sliac,St. Louis Intercollegiate Athletic Conference (SLIAC),2025-26,MUW,"Walker,Trent",Trent,Walker,0,G,27,936.0,34.666666666666664,257.0,9.52,179.0,6.63,95.0,3.52,33.0,1.22,8.0,0.3,54.0,2.0,86.0,199.0,0.43,18.0,69.0,0.26,67.0,78.0,0.86
sliac,St. Louis Intercollegiate Athletic Conference (SLIAC),2025-26,MUW,"Howell,Cayden",Cayden,Howell,0,G,6,105.0,17.5,28.0,4.67,14.0,2.33,5.0,0.83,1.0,0.17,0.0,0.0,8.0,1.3333333333333333,12.0,26.0,0.46,4.0,13.0,0.31,0.0,2.0,0.0
sliac,St. Louis Intercollegiate Athletic Conference (SLIAC),2025-26,MUW,"Simpson,Tylen",Tylen,Simpson,0,G,0,0.0,,0.0,0.0,0.0,0.0,0.0,0.0,0.0,0.0,0.0,0.0,0.0,,0.0,0.0,0.0,0.0,0.0,0.0,0.0,0.0,0.0
sliac,St. Louis Intercollegiate Athletic Conference (SLIAC),2025-26,Blackburn,"Johnson,Cameron",Cameron,Johnson,0,G,8,54.0,6.75,22.0,2.75,4.0,0.5,5.0,0.63,1.0,0.13,0.0,0.0,0.0,0.0,7.0,18.0,0.39,4.0,13.0,0.31,4.0,6.0,0.67
sliac,St. Louis Intercollegiate Athletic Conference (SLIAC),2025-26,Blackburn,"Paquette,Cayden",Cayden,Paquette,0,G,19,209.0,11.0,47.0,2.47,39.0,2.05,7.0,0.37,7.0,0.37,0.0,0.0,12.0,0.631578947368421,15.0,61.0,0.25,12.0,47.0,0.26,5.0,6.0,0.83
sliac,St. Louis Intercollegiate Athletic Conference (SLIAC),2025-26,Blackburn,"Welch,Kcion",Kcion,Welch,0,G,26,727.0,27.96153846153846,221.0,8.5,128.0,4.92,40.0,1.54,28.0,1.08,21.0,0.81,41.0,1.5769230769230769,80.0,153.0,0.52,10.0,27.0,0.37,51.0,79.0,0.65
sliac,St. Louis Intercollegiate Athletic Conference (SLIAC),2025-26,Blackburn,"Duff,Darius",Darius,Duff,0,G,25,449.0,17.96,110.0,4.4,59.0,2.36,33.0,1.32,19.0,0.76,4.0,0.16,18.0,0.72,33.0,63.0,0.52,4.0,8.0,0.5,40.0,67.0,0.6
sliac,St. Louis Intercollegiate Athletic Conference (SLIAC),2025-26,Blackburn,"Horn,Blake",Blake,Horn,0,G,5,13.0,2.6,0.0,0.0,5.0,1.0,0.0,0.0,0.0,0.0,0.0,0.0,1.0,0.2,0.0,2.0,0.0,0.0,1.0,0.0,0.0,0.0,0.0
sliac,St. Louis Intercollegiate Athletic Conference (SLIAC),2025-26,Blackburn,"Cook,Payton",Payton,Cook,0,F,25,667.0,26.68,205.0,8.2,147.0,5.88,38.0,1.52,22.0,0.88,26.0,1.04,44.0,1.76,82.0,155.0,0.53,21.0,56.0,0.38,20.0,27.0,0.74
sliac,St. Louis Intercollegiate Athletic Conference (SLIAC),2025-26,Blackburn,"McLuskie,Ayson",Ayson,McLuskie,0,G,7,63.0,9.0,15.0,2.14,8.0,1.14,4.0,0.57,1.0,0.14,0.0,0.0,3.0,0.4285714285714285,5.0,14.0,0.36,4.0,9.0,0.44,1.0,2.0,0.5
sliac,St. Louis Intercollegiate Athletic Conference (SLIAC),2025-26,Blackburn,"Carter,Cooper",Cooper,Carter,0,G,8,45.0,5.625,10.0,1.25,4.0,0.5,1.0,0.13,2.0,0.25,0.0,0.0,1.0,0.125,3.0,11.0,0.27,3.0,9.0,0.33,1.0,3.0,0.33
sliac,St. Louis Intercollegiate Athletic Conference (SLIAC),2025-26,Blackburn,"Jeter,Jaylen",Jaylen,Jeter,0,G,26,706.0,27.153846153846153,461.0,17.73,89.0,3.42,33.0,1.27,67.0,2.58,5.0,0.19,40.0,1.5384615384615383,154.0,311.0,0.5,40.0,117.0,0.34,113.0,148.0,0.76
sliac,St. Louis Intercollegiate Athletic Conference (SLIAC),2025-26,Blackburn,"Pieper,Bradyn",Bradyn,Pieper,0,G,18,154.0,8.555555555555555,57.0,3.17,14.0,0.78,5.0,0.28,4.0,0.22,1.0,0.06,9.0,0.5,20.0,43.0,0.47,9.0,26.0,0.35,8.0,10.0,0.8
sliac,St. Louis Intercollegiate Athletic Conference (SLIAC),2025-26,Blackburn,"Jordan,Evan",Evan,Jordan,0,G,26,832.0,32.0,448.0,17.23,125.0,4.81,54.0,2.08,59.0,2.27,4.0,0.15,50.0,1.9230769230769231,166.0,349.0,0.48,55.0,135.0,0.41,61.0,80.0,0.76
sliac,St. Louis Intercollegiate Athletic Conference (SLIAC),2025-26,Blackburn,"Marcinko,Cody",Cody,Marcinko,0,F,7,21.0,3.0,8.0,1.14,5.0,0.71,0.0,0.0,0.0,0.0,0.0,0.0,3.0,0.4285714285714285,3.0,10.0,0.3,0.0,3.0,0.0,2.0,2.0,1.0
sliac,St. Louis Intercollegiate Athletic Conference (SLIAC),2025-26,Blackburn,"Nelson,Camden",Camden,Nelson,0,G,20,197.0,9.85,65.0,3.25,11.0,0.55,7.0,0.35,6.0,0.3,2.0,0.1,8.0,0.4,21.0,68.0,0.31,18.0,60.0,0.3,5.0,7.0,0.71
sliac,St. Louis Intercollegiate Athletic Conference (SLIAC),2025-26,Blackburn,"Walter,Owen",Owen,Walter,0,F,22,294.0,13.363636363636363,34.0,1.55,40.0,1.82,13.0,0.59,10.0,0.45,4.0,0.18,18.0,0.8181818181818182,14.0,30.0,0.47,0.0,6.0,0.0,6.0,12.0,0.5
sliac,St. Louis Intercollegiate Athletic Conference (SLIAC),2025-26,Blackburn,"McGill,Victor",Victor,McGill,0,G,7,67.0,9.571428571428571,12.0,1.71,11.0,1.57,4.0,0.57,2.0,0.29,1.0,0.14,7.0,1.0,4.0,13.0,0.31,2.0,5.0,0.4,2.0,2.0,1.0
sliac,St. Louis Intercollegiate Athletic Conference (SLIAC),2025-26,Blackburn,"Lash,Ryan",Ryan,Lash,0,F,7,43.0,6.142857142857143,7.0,1.0,3.0,0.43,0.0,0.0,2.0,0.29,0.0,0.0,3.0,0.4285714285714285,2.0,4.0,0.5,2.0,2.0,1.0,1.0,2.0,0.5
sliac,St. Louis Intercollegiate Athletic Conference (SLIAC),2025-26,Blackburn,"Cook,Nick",Nick,Cook,0,F,6,84.0,14.0,21.0,3.5,17.0,2.83,4.0,0.67,2.0,0.33,0.0,0.0,7.0,1.1666666666666667,7.0,20.0,0.35,0.0,3.0,0.0,7.0,12.0,0.58
sliac,St. Louis Intercollegiate Athletic Conference (SLIAC),2025-26,Blackburn,"Talmadge,Josiah",Josiah,Talmadge,0,G,0,0.0,,0.0,0.0,0.0,0.0,0.0,0.0,0.0,0.0,0.0,0.0,0.0,,0.0,0.0,0.0,0.0,0.0,0.0,0.0,0.0,0.0
sliac,St. Louis Intercollegiate Athletic Conference (SLIAC),2025-26,Blackburn,"Carter,Kamerin",Kamerin,Carter,0,G,24,577.0,24.041666666666668,266.0,11.08,68.0,2.83,42.0,1.75,21.0,0.88,0.0,0.0,54.0,2.25,101.0,258.0,0.39,30.0,96.0,0.31,34.0,45.0,0.76
sliac,St. Louis Intercollegiate Athletic Conference (SLIAC),2025-26,Blackburn,"Doss,Jayden",Jayden,Doss,0,G,0,0.0,,0.0,0.0,0.0,0.0,0.0,0.0,0.0,0.0,0.0,0.0,0.0,,0.0,0.0,0.0,0.0,0.0,0.0,0.0,0.0,0.0
sliac,St. Louis Intercollegiate Athletic Conference (SLIAC),2025-26,Blackburn,"Macke,Seth",Seth,Macke,0,F,0,0.0,,0.0,0.0,0.0,0.0,0.0,0.0,0.0,0.0,0.0,0.0,0.0,,0.0,0.0,0.0,0.0,0.0,0.0,0.0,0.0,0.0
sliac,St. Louis Intercollegiate Athletic Conference (SLIAC),2025-26,Blackburn,Brian Stark,Brian Stark,,0,0,0,0.0,,0.0,0.0,0.0,0.0,0.0,0.0,0.0,0.0,0.0,0.0,0.0,,0.0,0.0,0.0,0.0,0.0,0.0,0.0,0.0,0.0
sliac,St. Louis Intercollegiate Athletic Conference (SLIAC),2025-26,Blackburn,Talon Horton,Talon Horton,,0,0,0,0.0,,0.0,0.0,0.0,0.0,0.0,0.0,0.0,0.0,0.0,0.0,0.0,,0.0,0.0,0.0,0.0,0.0,0.0,0.0,0.0,0.0
sliac,St. Louis Intercollegiate Athletic Conference (SLIAC),2025-26,Blackburn,LaMark Kirkwood,LaMark Kirkwood,,0,0,0,0.0,,0.0,0.0,0.0,0.0,0.0,0.0,0.0,0.0,0.0,0.0,0.0,,0.0,0.0,0.0,0.0,0.0,0.0,0.0,0.0,0.0
sliac,St. Louis Intercollegiate Athletic Conference (SLIAC),2025-26,Lyon,"Reed,Stephen",Stephen,Reed,0,,27,739.0,27.37037037037037,323.0,11.96,145.0,5.37,63.0,2.33,64.0,2.37,8.0,0.3,71.0,2.6296296296296298,105.0,200.0,0.53,6.0,17.0,0.35,107.0,162.0,0.66
sliac,St. Louis Intercollegiate Athletic Conference (SLIAC),2025-26,Lyon,"Archer,Georges",Georges,Archer,0,,27,337.0,12.48148148148148,111.0,4.11,36.0,1.33,14.0,0.52,7.0,0.26,3.0,0.11,14.0,0.5185185185185185,39.0,103.0,0.38,9.0,44.0,0.2,24.0,35.0,0.69
sliac,St. Louis Intercollegiate Athletic Conference (SLIAC),2025-26,Lyon,"Williford,Camron",Camron,Williford,0,,22,486.0,22.09090909090909,184.0,8.36,89.0,4.05,39.0,1.77,17.0,0.77,0.0,0.0,42.0,1.9090909090909092,54.0,153.0,0.35,15.0,56.0,0.27,61.0,84.0,0.73
sliac,St. Louis Intercollegiate Athletic Conference (SLIAC),2025-26,Lyon,"Tucker,Brody",Brody,Tucker,0,G,18,77.0,4.277777777777778,42.0,2.33,16.0,0.89,6.0,0.33,2.0,0.11,0.0,0.0,8.0,0.4444444444444444,15.0,43.0,0.35,12.0,35.0,0.34,0.0,1.0,0.0
sliac,St. Louis Intercollegiate Athletic Conference (SLIAC),2025-26,Lyon,"Hardy,Karlin",Karlin,Hardy,0,G,15,90.0,6.0,44.0,2.93,20.0,1.33,6.0,0.4,4.0,0.27,1.0,0.07,9.0,0.6,14.0,27.0,0.52,2.0,6.0,0.33,14.0,28.0,0.5
sliac,St. Louis Intercollegiate Athletic Conference (SLIAC),2025-26,Lyon,"Harriott,Jaaron",Jaaron,Harriott,0,G,19,203.0,10.68421052631579,43.0,2.26,28.0,1.47,9.0,0.47,3.0,0.16,0.0,0.0,5.0,0.2631578947368421,15.0,39.0,0.38,0.0,2.0,0.0,13.0,24.0,0.54
sliac,St. Louis Intercollegiate Athletic Conference (SLIAC),2025-26,Lyon,"Dumas,Chyjuan",Chyjuan,Dumas,0,,13,74.0,5.6923076923076925,16.0,1.23,20.0,1.54,1.0,0.08,4.0,0.31,2.0,0.15,4.0,0.3076923076923077,8.0,15.0,0.53,0.0,0.0,0.0,0.0,1.0,0.0
sliac,St. Louis Intercollegiate Athletic Conference (SLIAC),2025-26,Lyon,"Patel,Luv",Luv,Patel,0,G,6,16.0,2.6666666666666665,1.0,0.17,5.0,0.83,1.0,0.17,0.0,0.0,0.0,0.0,2.0,0.3333333333333333,0.0,3.0,0.0,0.0,2.0,0.0,1.0,2.0,0.5
sliac,St. Louis Intercollegiate Athletic Conference (SLIAC),2025-26,Lyon,"West,Colbie",Colbie,West,0,F,8,154.0,19.25,110.0,13.75,40.0,5.0,10.0,1.25,6.0,0.75,0.0,0.0,10.0,1.25,39.0,71.0,0.55,1.0,5.0,0.2,31.0,38.0,0.82
sliac,St. Louis Intercollegiate Athletic Conference (SLIAC),2025-26,Lyon,"Sorrell,Xavier",Xavier,Sorrell,0,,27,689.0,25.51851851851852,209.0,7.74,175.0,6.48,32.0,1.19,58.0,2.15,25.0,0.93,57.0,2.111111111111111,91.0,153.0,0.59,0.0,3.0,0.0,27.0,45.0,0.6
sliac,St. Louis Intercollegiate Athletic Conference (SLIAC),2025-26,Lyon,"Smith,Daniel",Daniel,Smith,0,,0,0.0,,0.0,0.0,0.0,0.0,0.0,0.0,0.0,0.0,0.0,0.0,0.0,,0.0,0.0,0.0,0.0,0.0,0.0,0.0,0.0,0.0
sliac,St. Louis Intercollegiate Athletic Conference (SLIAC),2025-26,Lyon,"Horsley,Trevonne",Trevonne,Horsley,0,G,7,16.0,2.2857142857142856,0.0,0.0,3.0,0.43,0.0,0.0,0.0,0.0,0.0,0.0,3.0,0.4285714285714285,0.0,7.0,0.0,0.0,3.0,0.0,0.0,0.0,0.0
sliac,St. Louis Intercollegiate Athletic Conference (SLIAC),2025-26,Lyon,"Taylor,Trevon",Trevon,Taylor,0,,27,746.0,27.62962962962963,399.0,14.78,205.0,7.59,34.0,1.26,35.0,1.3,30.0,1.11,47.0,1.7407407407407407,167.0,358.0,0.47,21.0,81.0,0.26,44.0,91.0,0.48
sliac,St. Louis Intercollegiate Athletic Conference (SLIAC),2025-26,Lyon,"Rogers,Hudson",Hudson,Rogers,0,F,20,174.0,8.7,78.0,3.9,45.0,2.25,12.0,0.6,3.0,0.15,6.0,0.3,12.0,0.6,29.0,68.0,0.43,5.0,20.0,0.25,15.0,20.0,0.75
sliac,St. Louis Intercollegiate Athletic Conference (SLIAC),2025-26,Lyon,"Russell,Landon",Landon,Russell,0,,0,0.0,,0.0,0.0,0.0,0.0,0.0,0.0,0.0,0.0,0.0,0.0,0.0,,0.0,0.0,0.0,0.0,0.0,0.0,0.0,0.0,0.0
sliac,St. Louis Intercollegiate Athletic Conference (SLIAC),2025-26,Lyon,"Jones,Edmond",Edmond,Jones,0,,0,0.0,,0.0,0.0,0.0,0.0,0.0,0.0,0.0,0.0,0.0,0.0,0.0,,0.0,0.0,0.0,0.0,0.0,0.0,0.0,0.0,0.0
sliac,St. Louis Intercollegiate Athletic Conference (SLIAC),2025-26,Lyon,"Brown,Kenneth",Kenneth,Brown,0,,27,778.0,28.814814814814813,281.0,10.41,142.0,5.26,38.0,1.41,44.0,1.63,21.0,0.78,29.0,1.0740740740740742,105.0,295.0,0.36,32.0,126.0,0.25,39.0,59.0,0.66
sliac,St. Louis Intercollegiate Athletic Conference (SLIAC),2025-26,Lyon,"Bush,Johnzelle",Johnzelle,Bush,0,G,3,17.0,5.666666666666667,2.0,0.67,0.0,0.0,1.0,0.33,2.0,0.67,0.0,0.0,3.0,1.0,1.0,2.0,0.5,0.0,1.0,0.0,0.0,0.0,0.0
sliac,St. Louis Intercollegiate Athletic Conference (SLIAC),2025-26,Lyon,"Warren,Kennedy",Kennedy,Warren,0,F,23,415.0,18.043478260869566,119.0,5.17,52.0,2.26,10.0,0.43,13.0,0.57,4.0,0.17,29.0,1.2608695652173914,43.0,110.0,0.39,6.0,18.0,0.33,27.0,44.0,0.61
sliac,St. Louis Intercollegiate Athletic Conference (SLIAC),2025-26,Lyon,"Cunningham,Tucker",Tucker,Cunningham,0,G,7,42.0,6.0,13.0,1.86,7.0,1.0,2.0,0.29,0.0,0.0,0.0,0.0,11.0,1.5714285714285714,5.0,13.0,0.38,1.0,7.0,0.14,2.0,4.0,0.5
sliac,St. Louis Intercollegiate Athletic Conference (SLIAC),2025-26,Lyon,"Brown,Cameron",Cameron,Brown,0,,26,206.0,7.923076923076923,71.0,2.73,67.0,2.58,8.0,0.31,2.0,0.08,15.0,0.58,9.0,0.3461538461538461,29.0,42.0,0.69,0.0,0.0,0.0,13.0,19.0,0.68
sliac,St. Louis Intercollegiate Athletic Conference (SLIAC),2025-26,Lyon,"Schubert,Sawyer",Sawyer,Schubert,0,,2,6.0,3.0,0.0,0.0,2.0,1.0,0.0,0.0,0.0,0.0,0.0,0.0,0.0,0.0,0.0,3.0,0.0,0.0,0.0,0.0,0.0,0.0,0.0
sliac,St. Louis Intercollegiate Athletic Conference (SLIAC),2025-26,Westminster,"Guinnee,Gunnar",Gunnar,Guinnee,0,G,5,20.0,4.0,6.0,1.2,5.0,1.0,2.0,0.4,0.0,0.0,0.0,0.0,6.0,1.2,1.0,1.0,1.0,0.0,0.0,0.0,4.0,11.0,0.36
sliac,St. Louis Intercollegiate Athletic Conference (SLIAC),2025-26,Westminster,"Jones,Kobe",Kobe,Jones,0,G,25,488.0,19.52,86.0,3.44,32.0,1.28,50.0,2.0,16.0,0.64,1.0,0.04,67.0,2.68,35.0,99.0,0.35,3.0,10.0,0.3,13.0,30.0,0.43
sliac,St. Louis Intercollegiate Athletic Conference (SLIAC),2025-26,Westminster,"LeRose,Sean",Sean,LeRose,0,G,24,476.0,19.833333333333332,183.0,7.63,41.0,1.71,30.0,1.25,7.0,0.29,2.0,0.08,33.0,1.375,61.0,146.0,0.42,22.0,59.0,0.37,39.0,47.0,0.83
sliac,St. Louis Intercollegiate Athletic Conference (SLIAC),2025-26,Westminster,"Sanchez,Carlitos",Carlitos,Sanchez,0,G,23,378.0,16.434782608695652,58.0,2.52,34.0,1.48,47.0,2.04,18.0,0.78,0.0,0.0,32.0,1.391304347826087,19.0,62.0,0.31,6.0,19.0,0.32,14.0,19.0,0.74
sliac,St. Louis Intercollegiate Athletic Conference (SLIAC),2025-26,Westminster,"Gohring,Walker",Walker,Gohring,0,G,25,807.0,32.28,404.0,16.16,120.0,4.8,79.0,3.16,25.0,1.0,4.0,0.16,74.0,2.96,142.0,359.0,0.4,41.0,122.0,0.34,79.0,97.0,0.81
sliac,St. Louis Intercollegiate Athletic Conference (SLIAC),2025-26,Westminster,"Philips,Roman",Roman,Philips,0,C,24,300.0,12.5,120.0,5.0,89.0,3.71,8.0,0.33,10.0,0.42,9.0,0.38,23.0,0.9583333333333334,52.0,93.0,0.56,0.0,0.0,0.0,16.0,35.0,0.46
sliac,St. Louis Intercollegiate Athletic Conference (SLIAC),2025-26,Westminster,"Hansen,Holmes",Holmes,Hansen,0,G,10,61.0,6.1,6.0,0.6,10.0,1.0,4.0,0.4,2.0,0.2,0.0,0.0,6.0,0.6,2.0,15.0,0.13,0.0,9.0,0.0,2.0,3.0,0.67
sliac,St. Louis Intercollegiate Athletic Conference (SLIAC),2025-26,Westminster,"Johnson,Jamile",Jamile,Johnson,0,C,25,677.0,27.08,299.0,11.96,187.0,7.48,27.0,1.08,16.0,0.64,64.0,2.56,32.0,1.28,121.0,190.0,0.64,0.0,1.0,0.0,57.0,110.0,0.52
sliac,St. Louis Intercollegiate Athletic Conference (SLIAC),2025-26,Westminster,"Hendrix,Gavin",Gavin,Hendrix,0,F,22,456.0,20.727272727272727,138.0,6.27,135.0,6.14,21.0,0.95,11.0,0.5,5.0,0.23,43.0,1.9545454545454544,48.0,98.0,0.49,1.0,2.0,0.5,41.0,60.0,0.68
sliac,St. Louis Intercollegiate Athletic Conference (SLIAC),2025-26,Westminster,"Gold,Bryon",Bryon,Gold,0,G,10,42.0,4.2,20.0,2.0,7.0,0.7,6.0,0.6,2.0,0.2,0.0,0.0,4.0,0.4,8.0,17.0,0.47,2.0,7.0,0.29,2.0,4.0,0.5
sliac,St. Louis Intercollegiate Athletic Conference (SLIAC),2025-26,Westminster,"Rochester,Jaden",Jaden,Rochester,0,F,7,34.0,4.857142857142857,8.0,1.14,3.0,0.43,0.0,0.0,0.0,0.0,2.0,0.29,1.0,0.1428571428571428,4.0,6.0,0.67,0.0,1.0,0.0,0.0,2.0,0.0
sliac,St. Louis Intercollegiate Athletic Conference (SLIAC),2025-26,Westminster,"Howell,Grant",Grant,Howell,0,F,1,1.0,1.0,0.0,0.0,0.0,0.0,0.0,0.0,0.0,0.0,0.0,0.0,0.0,0.0,0.0,0.0,0.0,0.0,0.0,0.0,0.0,0.0,0.0
sliac,St. Louis Intercollegiate Athletic Conference (SLIAC),2025-26,Westminster,"Garner,Kolton",Kolton,Garner,0,G,24,637.0,26.541666666666668,300.0,12.5,85.0,3.54,36.0,1.5,22.0,0.92,20.0,0.83,48.0,2.0,98.0,250.0,0.39,58.0,168.0,0.35,46.0,56.0,0.82
sliac,St. Louis Intercollegiate Athletic Conference (SLIAC),2025-26,Westminster,"Temple,Aidan",Aidan,Temple,0,F,20,359.0,17.95,99.0,4.95,91.0,4.55,23.0,1.15,10.0,0.5,4.0,0.2,29.0,1.45,38.0,116.0,0.33,15.0,59.0,0.25,8.0,15.0,0.53
sliac,St. Louis Intercollegiate Athletic Conference (SLIAC),2025-26,Westminster,"Martucci,Matt",Matt,Martucci,0,G,3,5.0,1.6666666666666667,5.0,1.67,0.0,0.0,0.0,0.0,1.0,0.33,1.0,0.33,0.0,0.0,2.0,2.0,1.0,1.0,1.0,1.0,0.0,0.0,0.0
sliac,St. Louis Intercollegiate Athletic Conference (SLIAC),2025-26,Westminster,"Busch,Isaac",Isaac,Busch,0,G,17,169.0,9.941176470588236,51.0,3.0,39.0,2.29,11.0,0.65,9.0,0.53,3.0,0.18,10.0,0.5882352941176471,18.0,39.0,0.46,3.0,6.0,0.5,12.0,13.0,0.92
sliac,St. Louis Intercollegiate Athletic Conference (SLIAC),2025-26,Westminster,"Abuzaid,Adam",Adam,Abuzaid,0,F,6,10.0,1.6666666666666667,9.0,1.5,4.0,0.67,1.0,0.17,0.0,0.0,0.0,0.0,1.0,0.1666666666666666,4.0,4.0,1.0,1.0,1.0,1.0,0.0,0.0,0.0
sliac,St. Louis Intercollegiate Athletic Conference (SLIAC),2025-26,Westminster,"Listerud,Preston",Preston,Listerud,0,G,0,0.0,,0.0,0.0,0.0,0.0,0.0,0.0,0.0,0.0,0.0,0.0,0.0,,0.0,0.0,0.0,0.0,0.0,0.0,0.0,0.0,0.0
sliac,St. Louis Intercollegiate Athletic Conference (SLIAC),2025-26,Westminster,"Taylor,Dalton",Dalton,Taylor,0,G,0,0.0,,0.0,0.0,0.0,0.0,0.0,0.0,0.0,0.0,0.0,0.0,0.0,,0.0,0.0,0.0,0.0,0.0,0.0,0.0,0.0,0.0
sliac,St. Louis Intercollegiate Athletic Conference (SLIAC),2025-26,Westminster,"Hamilton,Nehemiah",Nehemiah,Hamilton,0,G,0,0.0,,0.0,0.0,0.0,0.0,0.0,0.0,0.0,0.0,0.0,0.0,0.0,,0.0,0.0,0.0,0.0,0.0,0.0,0.0,0.0,0.0
sliac,St. Louis Intercollegiate Athletic Conference (SLIAC),2025-26,Westminster,"Hankins,Kris",Kris,Hankins,0,F,0,0.0,,0.0,0.0,0.0,0.0,0.0,0.0,0.0,0.0,0.0,0.0,0.0,,0.0,0.0,0.0,0.0,0.0,0.0,0.0,0.0,0.0
sliac,St. Louis Intercollegiate Athletic Conference (SLIAC),2025-26,Westminster,"Howard,Kaden",Kaden,Howard,0,F,4,18.0,4.5,12.0,3.0,2.0,0.5,1.0,0.25,0.0,0.0,0.0,0.0,1.0,0.25,3.0,4.0,0.75,0.0,0.0,0.0,6.0,6.0,1.0
sliac,St. Louis Intercollegiate Athletic Conference (SLIAC),2025-26,Westminster,Sean LaRose,Sean LaRose,,0,0,-16,-296.0,18.5,-188.0,11.75,-27.0,1.69,-21.0,1.31,-6.0,0.38,-8.0,0.5,-18.0,1.125,-56.0,-88.0,0.64,-20.0,-38.0,0.53,-56.0,-58.0,0.97
sliac,St. Louis Intercollegiate Athletic Conference (SLIAC),2025-26,Westminster,Roman Phillips,Roman Phillips,,0,0,-16,-195.0,12.1875,-46.0,2.88,-51.0,3.19,-5.0,0.31,-6.0,0.38,-4.0,0.25,-24.0,1.5,-20.0,-32.0,0.63,0.0,0.0,0.0,-6.0,-36.0,0.17
sliac,St. Louis Intercollegiate Athletic Conference (SLIAC),2025-26,Westminster,Homes Hansen,Homes Hansen,,0,0,-4,0.0,-0.0,0.0,0.0,0.0,0.0,0.0,0.0,0.0,0.0,0.0,0.0,0.0,-0.0,0.0,0.0,0.0,0.0,0.0,0.0,0.0,0.0,0.0
sliac,St. Louis Intercollegiate Athletic Conference (SLIAC),2025-26,Westminster,Kolten Garner,Kolten Garner,,0,*,-16,-451.0,28.1875,-207.0,12.94,-54.0,3.38,-39.0,2.44,-3.0,0.19,-13.0,0.81,-35.0,2.1875,-64.0,-174.0,0.37,-51.0,-128.0,0.4,-28.0,-46.0,0.61
sliac,St. Louis Intercollegiate Athletic Conference (SLIAC),2025-26,Westminster,Adam Abuziad,Adam Abuziad,,0,0,-3,0.0,-0.0,0.0,0.0,0.0,0.0,0.0,0.0,0.0,0.0,0.0,0.0,0.0,-0.0,0.0,0.0,0.0,0.0,0.0,0.0,0.0,0.0,0.0
sliac,St. Louis Intercollegiate Athletic Conference (SLIAC),2025-26,Eureka,"DeLaere,Colin",Colin,DeLaere,0,F,18,186.0,10.333333333333334,29.0,1.61,30.0,1.67,6.0,0.33,8.0,0.44,2.0,0.11,19.0,1.0555555555555556,11.0,39.0,0.28,1.0,10.0,0.1,6.0,13.0,0.46
sliac,St. Louis Intercollegiate Athletic Conference (SLIAC),2025-26,Eureka,"Logsdon,Dylan",Dylan,Logsdon,0,G,23,228.0,9.91304347826087,28.0,1.22,46.0,2.0,22.0,0.96,10.0,0.43,3.0,0.13,11.0,0.4782608695652174,10.0,42.0,0.24,4.0,25.0,0.16,4.0,9.0,0.44
sliac,St. Louis Intercollegiate Athletic Conference (SLIAC),2025-26,Eureka,"Ewald,Joel",Joel,Ewald,0,G,13,93.0,7.153846153846154,28.0,2.15,5.0,0.38,2.0,0.15,0.0,0.0,0.0,0.0,4.0,0.3076923076923077,9.0,18.0,0.5,9.0,16.0,0.56,1.0,2.0,0.5
sliac,St. Louis Intercollegiate Athletic Conference (SLIAC),2025-26,Eureka,"Logsdon,Blake",Blake,Logsdon,0,G,21,138.0,6.571428571428571,31.0,1.48,21.0,1.0,10.0,0.48,6.0,0.29,0.0,0.0,8.0,0.3809523809523809,10.0,24.0,0.42,5.0,15.0,0.33,6.0,14.0,0.43
sliac,St. Louis Intercollegiate Athletic Conference (SLIAC),2025-26,Eureka,"Carter,Ben",Ben,Carter,0,F,25,669.0,26.76,174.0,6.96,161.0,6.44,70.0,2.8,19.0,0.76,14.0,0.56,59.0,2.36,58.0,150.0,0.39,37.0,108.0,0.34,21.0,29.0,0.72
sliac,St. Louis Intercollegiate Athletic Conference (SLIAC),2025-26,Eureka,"Bruer,Micah",Micah,Bruer,0,G,25,653.0,26.12,194.0,7.76,71.0,2.84,67.0,2.68,33.0,1.32,4.0,0.16,56.0,2.24,68.0,185.0,0.37,25.0,86.0,0.29,33.0,42.0,0.79
sliac,St. Louis Intercollegiate Athletic Conference (SLIAC),2025-26,Eureka,"Wells,Andrew",Andrew,Wells,0,C,8,48.0,6.0,17.0,2.13,8.0,1.0,0.0,0.0,1.0,0.13,2.0,0.25,4.0,0.5,5.0,15.0,0.33,0.0,1.0,0.0,7.0,10.0,0.7
sliac,St. Louis Intercollegiate Athletic Conference (SLIAC),2025-26,Eureka,"Lewis,Andre",Andre,Lewis,0,G,5,22.0,4.4,1.0,0.2,0.0,0.0,1.0,0.2,1.0,0.2,0.0,0.0,0.0,0.0,0.0,2.0,0.0,0.0,1.0,0.0,1.0,2.0,0.5
sliac,St. Louis Intercollegiate Athletic Conference (SLIAC),2025-26,Eureka,"Latta,Caden",Caden,Latta,0,F,1,2.0,2.0,0.0,0.0,0.0,0.0,0.0,0.0,0.0,0.0,0.0,0.0,0.0,0.0,0.0,1.0,0.0,0.0,0.0,0.0,0.0,0.0,0.0
sliac,St. Louis Intercollegiate Athletic Conference (SLIAC),2025-26,Eureka,"Provost,Jaxson",Jaxson,Provost,0,G,24,660.0,27.5,422.0,17.58,60.0,2.5,69.0,2.88,33.0,1.38,1.0,0.04,57.0,2.375,146.0,321.0,0.45,47.0,118.0,0.4,83.0,105.0,0.79
sliac,St. Louis Intercollegiate Athletic Conference (SLIAC),2025-26,Eureka,"Weiss,Brandon",Brandon,Weiss,0,G,0,0.0,,0.0,0.0,0.0,0.0,0.0,0.0,0.0,0.0,0.0,0.0,0.0,,0.0,0.0,0.0,0.0,0.0,0.0,0.0,0.0,0.0
sliac,St. Louis Intercollegiate Athletic Conference (SLIAC),2025-26,Eureka,"Ruma,Santino",Santino,Ruma,0,F,8,28.0,3.5,17.0,2.13,6.0,0.75,1.0,0.13,2.0,0.25,0.0,0.0,3.0,0.375,7.0,12.0,0.58,1.0,2.0,0.5,2.0,2.0,1.0
sliac,St. Louis Intercollegiate Athletic Conference (SLIAC),2025-26,Eureka,"Brokemond,Amare",Amare,Brokemond,0,G,8,23.0,2.875,8.0,1.0,2.0,0.25,1.0,0.13,0.0,0.0,0.0,0.0,1.0,0.125,3.0,13.0,0.23,0.0,0.0,0.0,2.0,2.0,1.0
sliac,St. Louis Intercollegiate Athletic Conference (SLIAC),2025-26,Eureka,"Kerr,Nolan",Nolan,Kerr,0,G,19,159.0,8.368421052631579,32.0,1.68,20.0,1.05,7.0,0.37,2.0,0.11,0.0,0.0,8.0,0.4210526315789473,14.0,30.0,0.47,1.0,5.0,0.2,3.0,5.0,0.6
sliac,St. Louis Intercollegiate Athletic Conference (SLIAC),2025-26,Eureka,"Hayelom,Mussie",Mussie,Hayelom,0,G,9,50.0,5.555555555555555,14.0,1.56,1.0,0.11,5.0,0.56,0.0,0.0,0.0,0.0,3.0,0.3333333333333333,6.0,10.0,0.6,2.0,4.0,0.5,0.0,0.0,0.0
sliac,St. Louis Intercollegiate Athletic Conference (SLIAC),2025-26,Eureka,"Mabon,Tony",Tony,Mabon,0,F,1,8.0,8.0,2.0,2.0,2.0,2.0,0.0,0.0,0.0,0.0,0.0,0.0,0.0,0.0,1.0,5.0,0.2,0.0,0.0,0.0,0.0,0.0,0.0
sliac,St. Louis Intercollegiate Athletic Conference (SLIAC),2025-26,Eureka,"Gonzalez,Jacob",Jacob,Gonzalez,0,G,25,360.0,14.4,122.0,4.88,48.0,1.92,29.0,1.16,7.0,0.28,2.0,0.08,19.0,0.76,45.0,115.0,0.39,1.0,7.0,0.14,31.0,54.0,0.57
sliac,St. Louis Intercollegiate Athletic Conference (SLIAC),2025-26,Eureka,"Corey,Travis",Travis,Corey,0,G,0,0.0,,0.0,0.0,0.0,0.0,0.0,0.0,0.0,0.0,0.0,0.0,0.0,,0.0,0.0,0.0,0.0,0.0,0.0,0.0,0.0,0.0
sliac,St. Louis Intercollegiate Athletic Conference (SLIAC),2025-26,Eureka,"Lauff,Jonah",Jonah,Lauff,0,F,23,327.0,14.217391304347826,125.0,5.43,56.0,2.43,10.0,0.43,11.0,0.48,3.0,0.13,18.0,0.782608695652174,44.0,109.0,0.4,24.0,66.0,0.36,13.0,17.0,0.76
sliac,St. Louis Intercollegiate Athletic Conference (SLIAC),2025-26,Eureka,"Edens,Brennan",Brennan,Edens,0,G,0,0.0,,0.0,0.0,0.0,0.0,0.0,0.0,0.0,0.0,0.0,0.0,0.0,,0.0,0.0,0.0,0.0,0.0,0.0,0.0,0.0,0.0
sliac,St. Louis Intercollegiate Athletic Conference (SLIAC),2025-26,Eureka,"Qader,Zachy",Zachy,Qader,0,G,9,47.0,5.222222222222222,14.0,1.56,8.0,0.89,8.0,0.89,1.0,0.11,0.0,0.0,3.0,0.3333333333333333,5.0,16.0,0.31,0.0,0.0,0.0,4.0,7.0,0.57
sliac,St. Louis Intercollegiate Athletic Conference (SLIAC),2025-26,Eureka,"Coker,Andrew",Andrew,Coker,0,F,25,567.0,22.68,238.0,9.52,159.0,6.36,30.0,1.2,16.0,0.64,11.0,0.44,42.0,1.68,89.0,188.0,0.47,19.0,62.0,0.31,41.0,60.0,0.68
sliac,St. Louis Intercollegiate Athletic Conference (SLIAC),2025-26,Eureka,"Doss,Brady",Brady,Doss,0,C,1,3.0,3.0,2.0,2.0,2.0,2.0,0.0,0.0,0.0,0.0,0.0,0.0,0.0,0.0,1.0,1.0,1.0,0.0,0.0,0.0,0.0,0.0,0.0
sliac,St. Louis Intercollegiate Athletic Conference (SLIAC),2025-26,Eureka,"Richardson,Max",Max,Richardson,0,F,25,477.0,19.08,147.0,5.88,67.0,2.68,27.0,1.08,12.0,0.48,9.0,0.36,19.0,0.76,55.0,117.0,0.47,7.0,26.0,0.27,30.0,42.0,0.71
sliac,St. Louis Intercollegiate Athletic Conference (SLIAC),2025-26,Eureka,"Alexander,Undrell",Undrell,Alexander,0,G,1,2.0,2.0,0.0,0.0,0.0,0.0,0.0,0.0,0.0,0.0,0.0,0.0,0.0,0.0,0.0,0.0,0.0,0.0,0.0,0.0,0.0,0.0,0.0
sliac,St. Louis Intercollegiate Athletic Conference (SLIAC),2025-26,Eureka,"Moore,Damuzha",Damuzha,Moore,0,F,20,257.0,12.85,115.0,5.75,50.0,2.5,5.0,0.25,2.0,0.1,3.0,0.15,15.0,0.75,42.0,94.0,0.45,14.0,36.0,0.39,17.0,28.0,0.61
sliac,St. Louis Intercollegiate Athletic Conference (SLIAC),2025-26,Eureka,"Robinson,Greg",Greg,Robinson,0,G,0,0.0,,0.0,0.0,0.0,0.0,0.0,0.0,0.0,0.0,0.0,0.0,0.0,,0.0,0.0,0.0,0.0,0.0,0.0,0.0,0.0,0.0
sliac,St. Louis Intercollegiate Athletic Conference (SLIAC),2025-26,Eureka,"Harris-Huntley,Nicholaus",Nicholaus,Harris-Huntley,0,F,8,43.0,5.375,21.0,2.63,6.0,0.75,2.0,0.25,2.0,0.25,1.0,0.13,6.0,0.75,5.0,16.0,0.31,1.0,3.0,0.33,10.0,15.0,0.67
sliac,St. Louis Intercollegiate Athletic Conference (SLIAC),2025-26,Eureka,"Rahn,Tucker",Tucker,Rahn,0,G,0,0.0,,0.0,0.0,0.0,0.0,0.0,0.0,0.0,0.0,0.0,0.0,0.0,,0.0,0.0,0.0,0.0,0.0,0.0,0.0,0.0,0.0
sliac,St. Louis Intercollegiate Athletic Conference (SLIAC),2025-26,Spalding,"Miller,Dawsyn",Dawsyn,Miller,0,G,26,616.0,23.692307692307693,261.0,10.04,72.0,2.77,30.0,1.15,19.0,0.73,9.0,0.35,21.0,0.8076923076923077,88.0,198.0,0.44,41.0,109.0,0.38,44.0,53.0,0.83
sliac,St. Louis Intercollegiate Athletic Conference (SLIAC),2025-26,Spalding,"Wells,DeAireus",DeAireus,Wells,0,G,25,570.0,22.8,209.0,8.36,65.0,2.6,47.0,1.88,8.0,0.32,4.0,0.16,44.0,1.76,77.0,229.0,0.34,18.0,72.0,0.25,37.0,49.0,0.76
sliac,St. Louis Intercollegiate Athletic Conference (SLIAC),2025-26,Spalding,"Jones,Kameron",Kameron,Jones,0,G,26,550.0,21.153846153846153,152.0,5.85,91.0,3.5,34.0,1.31,15.0,0.58,2.0,0.08,23.0,0.8846153846153846,50.0,131.0,0.38,36.0,102.0,0.35,16.0,22.0,0.73
sliac,St. Louis Intercollegiate Athletic Conference (SLIAC),2025-26,Spalding,"Wilson,Ethan",Ethan,Wilson,0,G,7,19.0,2.7142857142857144,2.0,0.29,0.0,0.0,2.0,0.29,0.0,0.0,0.0,0.0,2.0,0.2857142857142857,1.0,8.0,0.13,0.0,6.0,0.0,0.0,0.0,0.0
sliac,St. Louis Intercollegiate Athletic Conference (SLIAC),2025-26,Spalding,"Langley,Levi",Levi,Langley,0,F,21,341.0,16.238095238095237,90.0,4.29,52.0,2.48,21.0,1.0,5.0,0.24,6.0,0.29,22.0,1.0476190476190477,35.0,97.0,0.36,9.0,39.0,0.23,11.0,14.0,0.79
sliac,St. Louis Intercollegiate Athletic Conference (SLIAC),2025-26,Spalding,"Morris,Lekendrick",Lekendrick,Morris,0,F,25,664.0,26.56,381.0,15.24,172.0,6.88,48.0,1.92,8.0,0.32,18.0,0.72,64.0,2.56,168.0,237.0,0.71,0.0,1.0,0.0,45.0,95.0,0.47
sliac,St. Louis Intercollegiate Athletic Conference (SLIAC),2025-26,Spalding,"McCampbell,Devonte",Devonte,McCampbell,0,F,24,637.0,26.541666666666668,232.0,9.67,191.0,7.96,71.0,2.96,21.0,0.88,9.0,0.38,56.0,2.3333333333333335,88.0,161.0,0.55,0.0,2.0,0.0,56.0,91.0,0.62
sliac,St. Louis Intercollegiate Athletic Conference (SLIAC),2025-26,Spalding,"Byron,Marlin",Marlin,Byron,0,G,22,381.0,17.318181818181817,68.0,3.09,36.0,1.64,49.0,2.23,9.0,0.41,0.0,0.0,32.0,1.4545454545454546,24.0,68.0,0.35,8.0,32.0,0.25,12.0,20.0,0.6
sliac,St. Louis Intercollegiate Athletic Conference (SLIAC),2025-26,Spalding,"Foushee,Joey",Joey,Foushee,0,G,13,98.0,7.538461538461538,17.0,1.31,6.0,0.46,14.0,1.08,2.0,0.15,1.0,0.08,8.0,0.6153846153846154,3.0,13.0,0.23,2.0,5.0,0.4,9.0,15.0,0.6
sliac,St. Louis Intercollegiate Athletic Conference (SLIAC),2025-26,Spalding,"Calhoun,ZaRhon",ZaRhon,Calhoun,0,G,4,7.0,1.75,3.0,0.75,4.0,1.0,0.0,0.0,0.0,0.0,0.0,0.0,0.0,0.0,1.0,4.0,0.25,0.0,1.0,0.0,1.0,2.0,0.5
sliac,St. Louis Intercollegiate Athletic Conference (SLIAC),2025-26,Spalding,"Redden,Daylyn",Daylyn,Redden,0,F,16,132.0,8.25,36.0,2.25,27.0,1.69,6.0,0.38,2.0,0.13,1.0,0.06,6.0,0.375,16.0,30.0,0.53,3.0,11.0,0.27,1.0,5.0,0.2
sliac,St. Louis Intercollegiate Athletic Conference (SLIAC),2025-26,Spalding,"Rhodes,Syr",Syr,Rhodes,0,G,17,164.0,9.647058823529411,15.0,0.88,25.0,1.47,15.0,0.88,8.0,0.47,0.0,0.0,13.0,0.7647058823529411,6.0,26.0,0.23,0.0,4.0,0.0,3.0,7.0,0.43
sliac,St. Louis Intercollegiate Athletic Conference (SLIAC),2025-26,Spalding,"Leavell,Jaelen",Jaelen,Leavell,0,F,24,537.0,22.375,155.0,6.46,101.0,4.21,41.0,1.71,21.0,0.88,17.0,0.71,46.0,1.9166666666666667,70.0,146.0,0.48,0.0,5.0,0.0,15.0,31.0,0.48
sliac,St. Louis Intercollegiate Athletic Conference (SLIAC),2025-26,Spalding,"Matt,Christopher",Christopher,Matt,0,F,6,18.0,3.0,8.0,1.33,8.0,1.33,0.0,0.0,0.0,0.0,0.0,0.0,0.0,0.0,4.0,9.0,0.44,0.0,0.0,0.0,0.0,0.0,0.0
sliac,St. Louis Intercollegiate Athletic Conference (SLIAC),2025-26,Spalding,"Fon,Brunley",Brunley,Fon,0,F,25,276.0,11.04,90.0,3.6,91.0,3.64,11.0,0.44,5.0,0.2,9.0,0.36,27.0,1.08,38.0,70.0,0.54,0.0,0.0,0.0,14.0,27.0,0.52
sliac,St. Louis Intercollegiate Athletic Conference (SLIAC),2025-26,Spalding,"Darden,Lettwan",Lettwan,Darden,0,G,1,0.0,0.0,0.0,0.0,0.0,0.0,0.0,0.0,0.0,0.0,0.0,0.0,0.0,0.0,0.0,0.0,0.0,0.0,0.0,0.0,0.0,0.0,0.0
sliac,St. Louis Intercollegiate Athletic Conference (SLIAC),2025-26,Spalding,"Radigan,Peter",Peter,Radigan,0,F,2,4.0,2.0,0.0,0.0,1.0,0.5,0.0,0.0,0.0,0.0,0.0,0.0,1.0,0.5,0.0,0.0,0.0,0.0,0.0,0.0,0.0,0.0,0.0
sliac,St. Louis Intercollegiate Athletic Conference (SLIAC),2025-26,Spalding,"Burton,Xavier",Xavier,Burton,0,F,16,286.0,17.875,84.0,5.25,36.0,2.25,16.0,1.0,9.0,0.56,7.0,0.44,17.0,1.0625,32.0,100.0,0.32,13.0,41.0,0.32,7.0,15.0,0.47
sliac,St. Louis Intercollegiate Athletic Conference (SLIAC),2025-26,Principia,"McDowell,Xavier",Xavier,McDowell,0,G,25,483.0,19.32,128.0,5.12,50.0,2.0,17.0,0.68,9.0,0.36,8.0,0.32,35.0,1.4,46.0,143.0,0.32,34.0,112.0,0.3,2.0,4.0,0.5
sliac,St. Louis Intercollegiate Athletic Conference (SLIAC),2025-26,Principia,"Smith,Malik",Malik,Smith,0,F,10,243.0,24.3,74.0,7.4,55.0,5.5,4.0,0.4,10.0,1.0,2.0,0.2,15.0,1.5,31.0,72.0,0.43,1.0,10.0,0.1,11.0,24.0,0.46
sliac,St. Louis Intercollegiate Athletic Conference (SLIAC),2025-26,Principia,"Boyd,Elijah",Elijah,Boyd,0,G,20,67.0,3.35,31.0,1.55,7.0,0.35,0.0,0.0,2.0,0.1,0.0,0.0,5.0,0.25,11.0,30.0,0.37,7.0,18.0,0.39,2.0,6.0,0.33
sliac,St. Louis Intercollegiate Athletic Conference (SLIAC),2025-26,Principia,"Pogue,Abe",Abe,Pogue,0,G,17,414.0,24.352941176470587,60.0,3.53,54.0,3.18,18.0,1.06,11.0,0.65,7.0,0.41,45.0,2.6470588235294117,25.0,92.0,0.27,5.0,33.0,0.15,5.0,16.0,0.31
sliac,St. Louis Intercollegiate Athletic Conference (SLIAC),2025-26,Principia,"Roberts,Mikhali",Mikhali,Roberts,0,F,21,656.0,31.238095238095237,313.0,14.9,167.0,7.95,15.0,0.71,17.0,0.81,16.0,0.76,39.0,1.8571428571428572,125.0,291.0,0.43,10.0,49.0,0.2,53.0,89.0,0.6
sliac,St. Louis Intercollegiate Athletic Conference (SLIAC),2025-26,Principia,"Smith,Jai",Jai,Smith,0,G,5,82.0,16.4,24.0,4.8,10.0,2.0,0.0,0.0,2.0,0.4,0.0,0.0,5.0,1.0,8.0,22.0,0.36,0.0,3.0,0.0,8.0,13.0,0.62
sliac,St. Louis Intercollegiate Athletic Conference (SLIAC),2025-26,Principia,"Mora,Jacob",Jacob,Mora,0,F,0,0.0,,0.0,0.0,0.0,0.0,0.0,0.0,0.0,0.0,0.0,0.0,0.0,,0.0,0.0,0.0,0.0,0.0,0.0,0.0,0.0,0.0
sliac,St. Louis Intercollegiate Athletic Conference (SLIAC),2025-26,Principia,"White,Caleb",Caleb,White,0,G,24,302.0,12.583333333333334,58.0,2.42,44.0,1.83,16.0,0.67,7.0,0.29,5.0,0.21,24.0,1.0,22.0,72.0,0.31,2.0,18.0,0.11,12.0,23.0,0.52
sliac,St. Louis Intercollegiate Athletic Conference (SLIAC),2025-26,Principia,"Simon,Nolan",Nolan,Simon,0,G,21,772.0,36.76190476190476,519.0,24.71,109.0,5.19,77.0,3.67,65.0,3.1,2.0,0.1,112.0,5.333333333333333,180.0,381.0,0.47,23.0,62.0,0.37,136.0,166.0,0.82
sliac,St. Louis Intercollegiate Athletic Conference (SLIAC),2025-26,Principia,"Smith,Caden",Caden,Smith,0,G,23,774.0,33.65217391304348,202.0,8.78,109.0,4.74,49.0,2.13,20.0,0.87,6.0,0.26,45.0,1.9565217391304348,72.0,175.0,0.41,27.0,79.0,0.34,31.0,48.0,0.65
sliac,St. Louis Intercollegiate Athletic Conference (SLIAC),2025-26,Principia,"Averett,Donald",Donald,Averett,0,F,0,0.0,,0.0,0.0,0.0,0.0,0.0,0.0,0.0,0.0,0.0,0.0,0.0,,0.0,0.0,0.0,0.0,0.0,0.0,0.0,0.0,0.0
sliac,St. Louis Intercollegiate Athletic Conference (SLIAC),2025-26,Principia,"Schauman,Derek",Derek,Schauman,0,G,25,467.0,18.68,102.0,4.08,57.0,2.28,18.0,0.72,16.0,0.64,5.0,0.2,27.0,1.08,37.0,111.0,0.33,24.0,75.0,0.32,4.0,7.0,0.57
sliac,St. Louis Intercollegiate Athletic Conference (SLIAC),2025-26,Principia,"Vashchenko,Ivan",Ivan,Vashchenko,0,G,2,14.0,7.0,0.0,0.0,0.0,0.0,0.0,0.0,0.0,0.0,0.0,0.0,2.0,1.0,0.0,3.0,0.0,0.0,1.0,0.0,0.0,0.0,0.0
sliac,St. Louis Intercollegiate Athletic Conference (SLIAC),2025-26,Principia,"Matthews,Ashton",Ashton,Matthews,0,G,22,281.0,12.772727272727272,28.0,1.27,32.0,1.45,29.0,1.32,9.0,0.41,0.0,0.0,19.0,0.8636363636363636,11.0,43.0,0.26,2.0,13.0,0.15,4.0,8.0,0.5
sliac,St. Louis Intercollegiate Athletic Conference (SLIAC),2025-26,Principia,"Waddell,KJ",KJ,Waddell,0,G,14,400.0,28.571428571428573,121.0,8.64,66.0,4.71,14.0,1.0,7.0,0.5,6.0,0.43,31.0,2.2142857142857144,40.0,112.0,0.36,19.0,50.0,0.38,22.0,30.0,0.73
sliac,St. Louis Intercollegiate Athletic Conference (SLIAC),2025-26,Principia,"Gravil,Wyatt",Wyatt,Gravil,0,F,9,70.0,7.777777777777778,9.0,1.0,14.0,1.56,0.0,0.0,3.0,0.33,1.0,0.11,2.0,0.2222222222222222,4.0,16.0,0.25,0.0,1.0,0.0,1.0,4.0,0.25
