season,sport,conference,conference_code,team,player_name,first_name,last_name,position,team_code,name,checkname,linkup_name,games_played,games_started,uniform,year,hitting_stats_at_bats,hitting_stats_runs,hitting_stats_hits,hitting_stats_runs_batted_in,hitting_stats_doubles,hitting_stats_triples,hitting_stats_home_runs,hitting_stats_walks,hitting_stats_intentional_walks,hitting_stats_hit_by_pitch,hitting_stats_strikeouts,hitting_stats_strikeouts_looking,hitting_stats_stolen_bases,hitting_stats_caught_stealing,hitting_stats_sacrifice_hits,hitting_stats_sacrifice_flies,hitting_stats_reached_on_catchers_interference,hitting_stats_reached_on_error,hitting_stats_reached_on_fielders_choice,hitting_stats_grounded_into_doubleplay,hitting_stats_picked_off,hitting_stats_total_double_plays,hitting_stats_total_triple_plays,hitting_stats_onbase_percentage,hitting_stats_total_bases,hitting_stats_total_plate_appearances,hitting_stats_stolen_base_attempts,hitting_stats_stolen_base_percentage,hitting_stats_batting_average,hitting_stats_slugging_percentage,fielding_stats_putouts,fielding_stats_assists,fielding_stats_errors,fielding_stats_passed_balls,fielding_stats_catchers_interference,fielding_stats_stolen_bases_against,fielding_stats_caught_stealing_by,fielding_stats_involved_in_double_plays,fielding_stats_involved_in_triple_plays,fielding_stats_total_chances,fielding_stats_fielding_percentage,fielding_stats_stolen_bases_against_attempts,fielding_stats_stolen_bases_against_percentage,pitching_stats_hits_allowed,pitching_stats_appearances,pitching_stats_games_started,pitching_stats_wins,pitching_stats_losses,pitching_stats_saves,pitching_stats_complete_games,pitching_stats_shutouts,pitching_stats_credit_for_combined_shutout,pitching_stats_games_finished,pitching_stats_innings_pitched,pitching_stats_runs_allowed,pitching_stats_earned_runs_allowed,pitching_stats_walks_allowed,pitching_stats_strikeouts,pitching_stats_doubles_allowed,pitching_stats_triples_allowed,pitching_stats_home_runs_allowed,pitching_stats_earned_run_average,pitching_stats_opponents_at_bats,pitching_stats_batters_faced,pitching_stats_wild_pitches,pitching_stats_hit_batters,pitching_stats_balks,pitching_stats_sacrifice_flies_allowed,pitching_stats_sacrifice_hits_allowed,pitching_stats_catchers_interference_allowed,pitching_stats_intentional_walks,pitching_stats_strikeouts_looking,pitching_stats_opponent_batting_average,hitting_summary_stats_times_reached_base_on_error,hitting_summary_stats_times_reached_base_on_fielders_choice,hitting_summary_stats_times_grouded_out,hitting_summary_stats_times_flied_out,hitting_summary_stats_hits_ab_with_2_outs,hitting_summary_stats_batting_avg_with_2_outs,hitting_summary_stats_hits_with_2_outs,hitting_summary_stats_ab_with_2_outs,hitting_summary_stats_hits_ab_with_runners_on_base,hitting_summary_stats_batting_avg_with_runners_on_base,hitting_summary_stats_hits_with_runners_on_base,hitting_summary_stats_ab_with_runners_on_base,hitting_summary_stats_hits_ab_with_runners_in_scoring_position,hitting_summary_stats_batting_avg_with_runners_in_scoring_position,hitting_summary_stats_hits_with_runners_in_scoring_position,hitting_summary_stats_ab_with_runners_in_scoring_position,hitting_summary_stats_hits_ab_vs_left_handed_pitchers,hitting_summary_stats_batting_avg_vs_left_handed_pitchers,hitting_summary_stats_hits_vs_left_handed_pitchers,hitting_summary_stats_ab_vs_left_handed_pitchers,hitting_summary_stats_hits_ab_vs_right_handed_pitchers,hitting_summary_stats_batting_avg_vs_right_handed_pitchers,hitting_summary_stats_hits_vs_right_handed_pitchers,hitting_summary_stats_ab_vs_right_handed_pitchers,hitting_summary_stats_success_opps_as_leadoff_batter_in_inning,hitting_summary_stats_success_opps_to_drive_in_runner_from_3rd_with_less_than_2_outs,hitting_summary_stats_number_of_runners_advanced_ab,hitting_summary_stats_hits_ab_with_bases_loaded,hitting_summary_stats_batting_avg_with_bases_loaded,hitting_summary_stats_hits_with_bases_loaded,hitting_summary_stats_ab_with_bases_loaded,hitting_summary_stats_hits_ab_as_pinch_hitter,hitting_summary_stats_batting_avg_as_pinch_hitter,hitting_summary_stats_hits_as_pinch_hitter,hitting_summary_stats_ab_as_pinch_hitter,hitting_summary_stats_times_advanced_at_least_1_runner_with_an_out,hitting_summary_stats_runners_left_on_base,hitting_summary_stats_two_out_rbis,pitching_summary_stats_fly_outs_allowed,pitching_summary_stats_ground_outs_allowed,pitching_summary_stats_runners_picked_off,pitching_summary_stats_success_opps_vs_leadoff_batters,pitching_summary_stats_hits_ab_with_runners_on_base,pitching_summary_stats_hits_ab_vs_left_handed_batters,pitching_summary_stats_hits_ab_vs_right_handed_batters,pitching_summary_stats_hits_ab_with_2_outs,team_name,team_id,sdrm_id,this_is_softball,pitching_stats,pitching_summary_stats
2026-27,baseball,University Athletic Association (UAA),uaa,New York,Harrison Blueweiss,Harrison,Blueweiss,,479,Harrison Blueweiss,0,0NEW YORK,9,9,,,28,5,10,6,1,2,0,6,0,3,2,0,1,1,0,2,0,0,0,0,0,0,0,0.487,15,39,2,.500,.357,.536,15,2,5,0,0,0,0,0,0,22,.773,0,.000,0,1,0,0,0,0,0,0,0,0,1.0,0,0,0,2,0,0,0,0.00,0,4,0,1,0,0,0,0,0,0,.000,1,0,5,8,"1,8",0.13,1,8,"6,11",0.55,6,11,"5,8",0.63,5,8,"1,3",0.33,1,3,0,0,0,0,"3,8","5,5","10,14",4,0,0,0,0,0,0,0,5,7,0,0,0,0,0,0,0,0,0,New York,NEW YORK,1186-5026,False,,
2026-27,baseball,University Athletic Association (UAA),uaa,New York,Kosta Mocklis,Kosta,Mocklis,,479,Kosta Mocklis,0,0NEW YORK,9,8,,,35,10,13,10,6,0,2,4,0,0,6,1,2,0,0,2,0,0,0,1,0,2,0,0.415,25,41,2,1.000,.371,.714,46,4,0,0,0,0,0,4,0,50,1.000,0,.000,,,,,,,,,,,,,,,,,,,,,,,,,,,,,,,2,0,5,4,"0,2",0,0,2,"4,11",0.36,4,11,"3,6",0.50,3,6,"1,2",0.50,1,2,0,0,0,0,"3,6","2,4","7,14",1,0,0,0,0,0,0,0,0,5,0,,,,,,,,,New York,NEW YORK,1186-4829,False,,
2026-27,baseball,University Athletic Association (UAA),uaa,New York,CJ Franchini,CJ,Franchini,,479,CJ Franchini,0,0NEW YORK,9,9,,,32,7,7,6,2,0,0,2,0,2,4,3,0,0,0,2,0,0,0,0,0,1,0,0.289,9,38,0,.000,.219,.281,11,28,0,0,0,0,0,4,0,39,1.000,0,.000,,,,,,,,,,,,,,,,,,,,,,,,,,,,,,,0,0,8,9,"1,10",0.10,1,10,"3,13",0.23,3,13,"3,10",0.30,3,10,"0,4",0,0,4,0,0,0,0,"2,4","3,4","5,15",4,0,0,0,0,0,0,0,3,9,0,,,,,,,,,New York,NEW YORK,1186-5411,False,,
2026-27,baseball,University Athletic Association (UAA),uaa,New York,Max Oliviera,Max,Oliviera,,479,Max Oliviera,0,0NEW YORK,7,6,,,21,7,7,3,3,1,0,3,0,3,4,1,0,0,0,0,0,0,0,0,0,1,0,0.481,12,27,0,.000,.333,.571,18,3,0,1,0,7,2,1,0,21,1.000,9,.778,,,,,,,,,,,,,,,,,,,,,,,,,,,,,,,2,1,5,4,"0,6",0,0,6,"5,10",0.50,5,10,"3,5",0.60,3,5,"1,2",0.50,1,2,0,0,0,0,"3,9","2,3","7,12",3,0,0,0,0,0,0,0,0,6,0,,,,,,,,,New York,NEW YORK,1186-5034,False,,
2026-27,baseball,University Athletic Association (UAA),uaa,New York,Domonic Holton,Domonic,Holton,,479,Domonic Holton,0,0NEW YORK,8,8,,,31,9,11,4,3,2,0,2,0,0,4,1,1,0,0,0,0,0,0,0,0,2,0,0.394,18,33,1,1.000,.355,.581,12,7,0,0,0,0,0,3,0,19,1.000,0,.000,,,,,,,,,,,,,,,,,,,,,,,,,,,,,,,0,1,6,8,"0,1",0,0,1,"3,11",0.27,3,11,"3,10",0.30,3,10,"0,1",0,0,1,0,0,0,0,"2,6","2,4","5,11","0,1",0,0,1,0,0,0,0,2,3,0,,,,,,,,,New York,NEW YORK,1186-5628,False,,
2026-27,baseball,University Athletic Association (UAA),uaa,New York,Mason Clark,Mason,Clark,,479,Mason Clark,0,0NEW YORK,8,8,,,26,3,7,4,1,0,1,4,0,2,6,3,1,0,0,0,0,0,0,0,0,1,0,0.406,11,32,1,1.000,.269,.423,9,1,0,1,0,4,0,0,0,10,1.000,4,1.000,,,,,,,,,,,,,,,,,,,,,,,,,,,,,,,0,0,4,5,"2,6",0.33,2,6,"2,10",0.20,2,10,"1,9",0.11,1,9,"0,2",0,0,2,0,0,0,0,"0,1","0,3","7,12",2,0,0,0,0,0,0,0,4,2,0,,,,,,,,,New York,NEW YORK,1186-5617,False,,
2026-27,baseball,University Athletic Association (UAA),uaa,New York,Evan Robson,Evan,Robson,,479,Evan Robson,0,0NEW YORK,8,8,,,25,5,4,4,2,0,0,3,0,1,8,0,2,0,0,0,0,0,0,0,0,0,0,0.276,6,29,2,1.000,.160,.240,4,8,1,0,0,0,0,0,0,13,.923,0,.000,,,,,,,,,,,,,,,,,,,,,,,,,,,,,,,0,0,7,4,"2,11",0.18,2,11,"2,12",0.17,2,12,"2,10",0.20,2,10,0,0,0,0,0,0,0,0,"2,4","2,3","5,13",7,0,0,0,0,0,0,0,7,9,0,,,,,,,,,New York,NEW YORK,1186-5626,False,,
2026-27,baseball,University Athletic Association (UAA),uaa,New York,Matt Dahl,Matt,Dahl,,479,Matt Dahl,0,0NEW YORK,8,8,,,27,5,12,13,0,0,0,4,0,0,2,0,4,0,0,0,0,0,0,0,0,0,0,0.516,12,31,4,1.000,.444,.444,12,2,0,0,0,0,0,1,0,14,1.000,0,.000,,,,,,,,,,,,,,,,,,,,,,,,,,,,,,,1,0,3,5,"4,6",0.67,4,6,"5,9",0.56,5,9,"4,6",0.67,4,6,"1,2",0.50,1,2,0,0,0,0,"3,9","2,2","6,10",88,0,0,0,0,0,0,0,2,2,0,,,,,,,,,New York,NEW YORK,1186-5621,False,,
2026-27,baseball,University Athletic Association (UAA),uaa,New York,Aidan Howladar,Aidan,Howladar,,479,Aidan Howladar,0,0NEW YORK,8,8,,,22,4,6,4,1,1,0,3,0,2,5,0,2,0,1,0,0,0,0,0,1,1,0,0.407,9,28,2,1.000,.273,.409,13,1,1,0,0,0,0,0,0,15,.933,0,.000,,,,,,,,,,,,,,,,,,,,,,,,,,,,,,,1,0,4,3,"1,3",0.33,1,3,"4,10",0.40,4,10,"3,6",0.50,3,6,"1,2",0.50,1,2,0,0,0,0,"1,2","1,1","11,14","1,1",1.00,1,1,0,0,0,0,3,2,0,,,,,,,,,New York,NEW YORK,1186-5412,False,,
2026-27,baseball,University Athletic Association (UAA),uaa,New York,Caden Rothbaum,Caden,Rothbaum,,479,Caden Rothbaum,0,0NEW YORK,5,4,,,3,1,1,0,0,0,0,0,0,0,0,0,0,1,0,0,0,0,0,0,0,0,0,0.333,1,3,1,.000,.333,.333,1,1,0,0,0,3,0,0,0,2,1.000,3,1.000,8,1,3,0,1,0,0,0,0,0,6.2,6,6,9,4,1,0,0,8.10,19,37,0,2,0,0,0,0,0,1,.421,1,0,0,1,0,0,0,0,"1,2",0.50,1,2,"0,1",0,0,1,0,0,0,0,0,0,0,0,"0,1","0,1","2,2",0,0,0,0,0,0,0,0,0,0,0,6,5,0,"1,5","2,6","0,3",0,"2,5",New York,NEW YORK,1186-5618,False,,
2026-27,baseball,University Athletic Association (UAA),uaa,New York,Cooper Paule,Cooper,Paule,,479,Cooper Paule,0,0NEW YORK,5,3,,,0,0,0,0,0,0,0,0,0,0,0,0,0,0,0,0,0,0,0,0,0,0,0,0.000,0,0,0,.000,.000,.000,2,0,1,0,0,1,1,0,0,3,.667,2,.500,17,1,3,0,2,0,0,0,0,0,11.1,16,16,12,4,1,1,0,12.71,27,64,1,3,0,0,0,0,0,1,.630,0,0,0,0,0,0,0,0,0,0,0,0,0,0,0,0,0,0,0,0,0,0,0,0,0,0,0,0,0,0,0,0,0,0,0,0,0,0,9,9,0,"1,4","1,6","0,4",0,"2,6",New York,NEW YORK,1186-5419,False,,
2026-27,baseball,University Athletic Association (UAA),uaa,New York,Brady Scheidt,Brady,Scheidt,,479,Brady Scheidt,0,0NEW YORK,5,0,,,0,0,0,0,0,0,0,0,0,0,0,0,0,0,0,0,0,0,0,0,0,0,0,0.000,0,0,0,.000,.000,.000,1,0,0,0,0,0,0,0,0,1,1.000,0,.000,23,1,0,0,1,0,0,0,0,0,6.2,20,20,4,2,2,0,2,27.00,24,51,0,3,0,0,0,0,0,0,.958,0,0,0,0,0,0,0,0,0,0,0,0,0,0,0,0,0,0,0,0,0,0,0,0,0,0,0,0,0,0,0,0,0,0,0,0,0,0,8,2,0,"4,5","5,15","3,8",0,"3,8",New York,NEW YORK,1186-5624,False,,
2026-27,baseball,University Athletic Association (UAA),uaa,New York,Ansel Balmer,Ansel,Balmer,,479,Ansel Balmer,0,0NEW YORK,4,0,,,0,0,0,0,0,0,0,0,0,0,0,0,0,0,0,0,0,0,0,0,0,0,0,0.000,0,0,0,.000,.000,.000,0,0,0,0,0,1,0,0,0,0,0.000,1,1.000,12,1,0,1,0,0,0,0,0,0,5.2,7,7,2,5,3,1,0,11.12,25,29,0,1,0,1,0,0,0,0,.480,0,0,0,0,0,0,0,0,0,0,0,0,0,0,0,0,0,0,0,0,0,0,0,0,0,0,0,0,0,0,0,0,0,0,0,0,0,0,4,5,0,"1,2","3,4","1,1",0,"0,2",New York,NEW YORK,1186-5025,False,,
2026-27,baseball,University Athletic Association (UAA),uaa,New York,Niket Barot,Niket,Barot,,479,Niket Barot,0,0NEW YORK,4,0,,,1,1,0,0,0,0,0,1,0,1,1,0,0,0,0,0,0,0,0,0,0,0,0,0.667,0,3,0,.000,.000,.000,0,0,0,0,0,1,0,0,0,0,0.000,1,1.000,12,1,0,0,0,0,0,0,0,0,5.1,8,8,0,4,5,0,0,13.50,25,26,2,0,0,1,0,0,0,1,.480,0,0,0,0,0,0,0,0,0,0,0,0,0,0,0,0,0,0,0,0,0,0,0,0,0,0,0,0,0,0,0,0,0,0,0,0,0,0,7,3,0,"2,5","7,12","1,7",0,"2,6",New York,NEW YORK,1186-5620,False,,
2026-27,baseball,University Athletic Association (UAA),uaa,New York,Carsten Kaiser,Carsten,Kaiser,,479,Carsten Kaiser,0,0NEW YORK,3,0,,,0,0,0,0,0,0,0,0,0,0,0,0,0,0,0,0,0,0,0,0,0,0,0,0.000,0,0,0,.000,.000,.000,0,0,0,0,0,2,0,0,0,0,0.000,2,1.000,7,1,0,0,1,0,0,0,0,0,3.2,6,6,2,1,5,0,0,14.73,18,20,0,0,0,0,0,0,0,0,.389,0,0,0,0,0,0,0,0,0,0,0,0,0,0,0,0,0,0,0,0,0,0,0,0,0,0,0,0,0,0,0,0,0,0,0,0,0,0,6,4,0,"1,3","5,8","0,2",0,"1,5",New York,NEW YORK,1186-5414,False,,
2026-27,baseball,University Athletic Association (UAA),uaa,New York,Tyler Tedeschi,Tyler,Tedeschi,,479,Tyler Tedeschi,0,0NEW YORK,5,1,,,6,1,1,0,0,0,0,1,0,0,2,0,0,0,0,0,0,0,0,0,0,0,0,0.286,1,7,0,.000,.167,.167,2,1,0,1,0,2,0,1,0,3,1.000,2,1.000,4,1,0,1,0,0,0,0,0,0,4.0,2,2,4,2,1,0,0,4.50,13,17,0,0,1,0,0,0,0,0,.308,0,0,1,1,"0,1",0,0,1,"0,2",0,0,2,"0,2",0,0,2,0,0,0,0,0,0,0,0,"1,1",0,"0,2",0,0,0,0,0,0,0,0,0,1,0,1,6,0,"1,1","1,1","1,5",0,"0,1",New York,NEW YORK,1186-5224,False,,
2026-27,baseball,University Athletic Association (UAA),uaa,New York,Arvin Chona,Arvin,Chona,,479,Arvin Chona,0,0NEW YORK,1,0,,,0,0,0,0,0,0,0,0,0,0,0,0,0,0,0,0,0,0,0,0,0,0,0,0.000,0,0,0,.000,.000,.000,0,0,0,0,0,0,0,0,0,0,0.000,0,.000,9,1,0,0,0,0,0,0,0,0,3.0,8,8,1,5,0,0,0,24.00,0,19,2,0,0,0,0,0,0,0,.000,0,0,0,0,0,0,0,0,0,0,0,0,0,0,0,0,0,0,0,0,0,0,0,0,0,0,0,0,0,0,0,0,0,0,0,0,0,0,0,0,0,0,0,0,0,0,New York,NEW YORK,1186-5211,False,,
2026-27,baseball,University Athletic Association (UAA),uaa,New York,Aidan Dean,Aidan,Dean,,479,Aidan Dean,0,0NEW YORK,1,0,,,0,0,0,0,0,0,0,0,0,0,0,0,0,0,0,0,0,0,0,0,0,0,0,0.000,0,0,0,.000,.000,.000,0,0,0,0,0,0,0,0,0,0,0.000,0,.000,3,1,0,0,0,0,0,0,0,0,0.2,1,1,0,0,1,0,0,13.50,5,5,0,0,0,0,0,0,0,0,.600,0,0,0,0,0,0,0,0,0,0,0,0,0,0,0,0,0,0,0,0,0,0,0,0,0,0,0,0,0,0,0,0,0,0,0,0,0,0,0,2,0,0,"3,5","1,2",0,"0,1",New York,NEW YORK,1186-5629,False,,
2026-27,baseball,University Athletic Association (UAA),uaa,New York,Jason Gilley,Jason,Gilley,,479,Jason Gilley,0,0NEW YORK,3,1,,,4,1,0,0,0,0,0,1,0,2,2,0,1,0,0,0,0,0,0,0,0,0,0,0.429,0,7,1,1.000,.000,.000,3,1,0,0,0,0,0,0,0,4,1.000,0,.000,0,1,0,0,0,0,0,0,0,0,1.0,0,0,0,1,0,0,0,0.00,3,3,0,0,0,0,0,0,0,0,.000,0,0,1,1,"0,1",0,0,1,"0,1",0,0,1,"0,1",0,0,1,0,0,0,0,0,0,0,0,"0,1",0,"0,1",0,0,0,0,0,0,0,0,0,1,0,1,1,0,0,"0,3","0,2",0,"0,1",New York,NEW YORK,1186-5424,False,,
2026-27,baseball,University Athletic Association (UAA),uaa,New York,Dan Argenziano,Dan,Argenziano,,479,Dan Argenziano,0,0NEW YORK,6,2,,,11,0,0,1,0,0,0,1,0,0,5,1,0,0,0,0,0,0,0,0,0,0,0,0.083,0,12,0,.000,.000,.000,3,0,0,0,0,0,0,0,0,3,1.000,0,.000,,,,,,,,,,,,,,,,,,,,,,,,,,,,,,,0,0,0,1,"0,1",0,0,1,"0,3",0,0,3,"0,2",0,0,2,0,0,0,0,0,0,0,0,0,"0,1","0,3",0,0,0,0,7,0,0,0,0,2,0,,,,,,,,,New York,NEW YORK,1186-5208,False,,
2026-27,baseball,University Athletic Association (UAA),uaa,New York,Bruno Damiani,Bruno,Damiani,,479,Bruno Damiani,0,0NEW YORK,5,0,,,2,1,1,0,1,0,0,1,0,2,0,0,0,0,0,0,0,0,0,0,0,0,0,0.800,2,5,0,.000,.500,1.000,1,0,1,0,0,0,0,0,0,2,.500,0,.000,,,,,,,,,,,,,,,,,,,,,,,,,,,,,,,0,0,1,0,0,0,0,0,"0,1",0,0,1,"0,1",0,0,1,0,0,0,0,0,0,0,0,"1,1",0,"1,1",0,0,0,0,"0,1",0,0,1,1,0,0,,,,,,,,,New York,NEW YORK,1186-5031,False,,
2026-27,baseball,University Athletic Association (UAA),uaa,New York,Clayton Greene,Clayton,Greene,,479,Clayton Greene,0,0NEW YORK,4,0,,,0,0,0,0,0,0,0,0,0,0,0,0,0,0,0,0,0,0,0,0,0,0,0,0.000,0,0,0,.000,.000,.000,0,0,0,0,0,1,0,0,0,0,0.000,1,1.000,9,1,0,0,0,0,0,0,0,0,9.0,5,5,2,11,0,0,2,5.00,14,38,0,0,0,0,0,0,0,0,.643,0,0,0,0,0,0,0,0,0,0,0,0,0,0,0,0,0,0,0,0,0,0,0,0,0,0,0,0,0,0,0,0,0,0,0,0,0,0,5,5,0,"2,4","2,6","2,4",0,"1,5",New York,NEW YORK,1186-5627,False,,
2026-27,baseball,University Athletic Association (UAA),uaa,New York,Trey Miller,Trey,Miller,,479,Trey Miller,0,0NEW YORK,1,0,,,0,0,0,0,0,0,0,0,0,0,0,0,0,0,0,0,0,0,0,0,0,0,0,0.000,0,0,0,.000,.000,.000,0,0,0,0,0,0,0,0,0,0,0.000,0,.000,0,1,0,0,0,0,0,0,0,0,0.2,0,0,0,0,0,0,0,0.00,2,2,0,0,0,0,0,0,0,0,.000,0,0,0,0,0,0,0,0,0,0,0,0,0,0,0,0,0,0,0,0,0,0,0,0,0,0,0,0,0,0,0,0,0,0,0,0,0,0,1,1,0,0,"0,2","0,1",0,"0,1",New York,NEW YORK,1186-5418,False,,
2026-27,baseball,University Athletic Association (UAA),uaa,New York,Connor Scoggins,Connor,Scoggins,,479,Connor Scoggins,0,0NEW YORK,2,0,,,0,0,0,0,0,0,0,0,0,0,0,0,0,0,0,0,0,0,0,0,0,0,0,0.000,0,0,0,.000,.000,.000,0,0,0,0,0,0,0,0,0,0,0.000,0,.000,2,1,0,0,0,0,0,0,0,0,1.2,2,1,2,0,2,0,0,5.40,7,9,1,0,0,0,0,0,0,0,.286,0,0,0,0,0,0,0,0,0,0,0,0,0,0,0,0,0,0,0,0,0,0,0,0,0,0,0,0,0,0,0,0,0,0,0,0,0,0,2,2,0,"1,2","2,3","0,2",0,"0,2",New York,NEW YORK,1186-5630,False,,
2026-27,baseball,University Athletic Association (UAA),uaa,New York,Joe Tomonto,Joe,Tomonto,,479,Joe Tomonto,0,0NEW YORK,2,1,,,7,2,2,1,1,0,0,0,0,0,3,0,1,0,0,0,0,0,0,0,0,0,0,0.286,3,7,1,1.000,.286,.429,4,0,0,0,0,0,0,0,0,4,1.000,0,.000,0,1,0,0,0,0,0,0,0,0,1.0,2,0,2,3,0,0,0,0.00,0,6,0,0,0,0,0,0,0,0,.000,0,0,0,1,"0,1",0,0,1,"0,2",0,0,2,"0,2",0,0,2,0,0,0,0,0,0,0,0,"1,1",0,"0,2",0,0,0,0,0,0,0,0,0,2,0,0,0,0,0,0,0,0,0,New York,NEW YORK,1186-5225,False,,
2026-27,baseball,University Athletic Association (UAA),uaa,New York,Aidan Pawlak,Aidan,Pawlak,,479,Aidan Pawlak,0,0NEW YORK,2,2,,,0,0,0,0,0,0,0,0,0,0,0,0,0,0,0,0,0,0,0,0,0,0,0,0.000,0,0,0,.000,.000,.000,2,1,0,0,0,2,0,1,0,3,1.000,2,1.000,7,1,2,0,1,0,0,0,0,0,4.0,9,9,10,2,1,0,1,20.25,17,28,1,0,0,1,0,0,0,0,.412,0,0,0,0,0,0,0,0,0,0,0,0,0,0,0,0,0,0,0,0,0,0,0,0,0,0,0,0,0,0,0,0,0,0,0,0,0,0,4,5,0,"3,4","6,14","2,5",0,"1,5",New York,NEW YORK,1186-5420,False,,
2026-27,baseball,University Athletic Association (UAA),uaa,New York,Sam Moseman,Sam,Moseman,,479,Sam Moseman,0,0NEW YORK,2,1,,,2,0,1,1,0,0,0,0,0,1,1,0,0,0,0,0,0,0,0,0,0,0,0,0.667,1,3,0,.000,.500,.500,1,1,0,0,0,2,0,0,0,2,1.000,2,1.000,9,1,1,0,1,0,0,0,0,0,3.1,9,9,1,1,0,0,0,24.30,18,22,0,3,0,0,0,0,0,1,.500,0,0,0,0,0,0,0,0,0,0,0,0,0,0,0,0,0,0,0,0,0,0,0,0,0,0,0,0,0,0,0,0,0,0,0,0,0,0,5,3,2,"1,4","6,9","4,9",0,"4,7",New York,NEW YORK,1186-5422,False,,
2026-27,baseball,University Athletic Association (UAA),uaa,New York,Dhruv Vengurlekar,Dhruv,Vengurlekar,,479,Dhruv Vengurlekar,0,0NEW YORK,1,1,,,4,0,0,0,0,0,0,0,0,0,2,0,0,0,0,0,0,0,0,0,0,0,0,0.000,0,4,0,.000,.000,.000,2,0,0,0,0,0,0,0,0,2,1.000,0,.000,,,,,,,,,,,,,,,,,,,,,,,,,,,,,,,0,0,1,1,0,0,0,0,"0,2",0,0,2,0,0,0,0,"0,1",0,0,1,0,0,0,0,"0,1",0,"0,2",0,0,0,0,0,0,0,0,0,0,0,,,,,,,,,New York,NEW YORK,1186-5226,False,,
2026-27,baseball,University Athletic Association (UAA),uaa,New York,Arjun Bhaskar,Arjun,Bhaskar,,479,Arjun Bhaskar,0,0NEW YORK,1,1,,,2,0,0,0,0,0,0,1,0,0,1,1,0,0,0,0,0,0,0,0,0,0,0,0.333,0,3,0,.000,.000,.000,0,0,0,0,0,0,0,0,0,0,0.000,0,.000,1,1,0,0,0,0,0,0,0,0,0.2,3,3,3,0,0,0,0,40.50,0,7,0,1,0,0,0,0,0,0,.000,0,0,1,0,0,0,0,0,"0,1",0,0,1,"0,1",0,0,1,0,0,0,0,0,0,0,0,0,"0,1","0,1",0,0,0,0,0,0,0,0,0,0,0,0,0,0,0,0,0,0,0,New York,NEW YORK,1186-5623,False,,
2026-27,baseball,University Athletic Association (UAA),uaa,New York,Luke Haluska,Luke,Haluska,,479,Luke Haluska,0,0NEW YORK,1,0,,,2,0,1,0,2,0,0,0,0,0,0,0,0,0,0,0,0,0,0,0,0,0,0,0.500,3,2,0,.000,.500,1.500,0,0,0,0,0,0,0,0,0,0,0.000,0,.000,,,,,,,,,,,,,,,,,,,,,,,,,,,,,,,0,0,1,0,0,0,0,0,"0,1",0,0,1,"0,1",0,0,1,0,0,0,0,0,0,0,0,"1,1",0,"1,1",0,0,0,0,22,0,0,0,1,0,0,,,,,,,,,New York,NEW YORK,1186-5214,False,,
2026-27,baseball,University Athletic Association (UAA),uaa,New York,Jake Merz,Jake,Merz,,479,Jake Merz,0,0NEW YORK,3,0,,,3,0,0,0,0,0,0,0,0,0,1,0,0,0,0,0,0,0,0,0,0,0,0,0.000,0,3,0,.000,.000,.000,0,0,0,0,0,0,0,0,0,0,0.000,0,.000,4,1,0,0,0,0,0,0,0,0,3.0,6,6,4,1,1,0,0,18.00,14,20,2,2,0,0,0,0,0,1,.286,0,0,0,0,0,0,0,0,0,0,0,0,0,0,0,0,0,0,0,0,0,0,0,0,0,0,0,0,0,0,0,0,0,0,0,0,0,0,6,2,0,"0,3","3,7","1,6",0,"4,6",New York,NEW YORK,1186-5619,False,,
2026-27,baseball,University Athletic Association (UAA),uaa,New York,Tucker McDonough,Tucker,McDonough,,479,Tucker McDonough,0,0NEW YORK,4,0,,,4,0,1,0,0,0,0,2,0,0,2,1,2,0,0,0,0,0,0,0,0,0,0,0.500,1,6,2,1.000,.250,.250,1,2,0,0,0,0,0,0,0,3,1.000,0,.000,,,,,,,,,,,,,,,,,,,,,,,,,,,,,,,0,0,0,1,0,0,0,0,"1,3",0.33,1,3,"0,2",0,0,2,0,0,0,0,0,0,0,0,"1,1","0,1","1,3",0,0,0,0,26,0,0,0,0,0,0,,,,,,,,,New York,NEW YORK,1186-5033,False,,
2026-27,baseball,University Athletic Association (UAA),uaa,New York,Peter Farren,Peter,Farren,,479,Peter Farren,0,0NEW YORK,2,0,,,0,0,0,0,0,0,0,0,0,0,0,0,0,0,0,0,0,0,0,0,0,0,0,0.000,0,0,0,.000,.000,.000,0,2,1,0,0,0,1,0,0,3,.667,1,.000,4,1,0,1,0,0,0,0,0,0,3.2,2,2,1,1,2,0,0,4.91,11,15,0,2,0,0,1,0,0,1,.364,0,0,0,0,0,0,0,0,0,0,0,0,0,0,0,0,0,0,0,0,0,0,0,0,0,0,0,0,0,0,0,0,0,0,0,0,0,0,3,4,0,"2,3","2,7","1,3",0,"1,4",New York,NEW YORK,1186-5631,False,,
2026-27,baseball,University Athletic Association (UAA),uaa,New York,Jack Kelman,Jack,Kelman,,479,Jack Kelman,0,0NEW YORK,5,1,,,6,0,2,0,1,0,0,0,0,0,1,0,0,0,0,0,0,0,0,0,0,0,0,0.333,3,6,0,.000,.333,.500,7,0,0,2,0,0,0,0,0,7,1.000,0,.000,,,,,,,,,,,,,,,,,,,,,,,,,,,,,,,0,0,2,1,"1,4",0.25,1,4,"1,3",0.33,1,3,"0,1",0,0,1,"0,1",0,0,1,0,0,0,0,0,0,"1,3",0,0,0,0,"0,1",0,0,1,0,1,0,,,,,,,,,New York,NEW YORK,1186-5215,False,,
2026-27,baseball,University Athletic Association (UAA),uaa,New York,Bobby Kuenzler,Bobby,Kuenzler,,479,Bobby Kuenzler,0,0NEW YORK,2,0,,,4,0,0,0,0,0,0,0,0,0,2,0,0,0,0,0,0,0,0,0,0,0,0,0.000,0,4,0,.000,.000,.000,0,0,1,0,0,0,0,0,0,1,.000,0,.000,,,,,,,,,,,,,,,,,,,,,,,,,,,,,,,0,0,1,0,"0,1",0,0,1,"0,2",0,0,2,"0,2",0,0,2,0,0,0,0,0,0,0,0,0,"0,1","0,2",0,0,0,0,2,0,0,0,0,1,0,,,,,,,,,New York,NEW YORK,1186-5415,False,,
2026-27,baseball,University Athletic Association (UAA),uaa,New York,Logan Leach,Logan,Leach,,479,Logan Leach,0,0NEW YORK,1,0,,,1,0,0,0,0,0,0,0,0,0,1,0,0,0,0,0,0,0,0,0,0,0,0,0.000,0,1,0,.000,.000,.000,0,0,0,0,0,0,0,0,0,0,0.000,0,.000,,,,,,,,,,,,,,,,,,,,,,,,,,,,,,,0,0,0,0,0,0,0,0,0,0,0,0,0,0,0,0,0,0,0,0,0,0,0,0,0,0,0,0,0,0,0,0,0,0,0,0,0,0,,,,,,,,,New York,NEW YORK,0,False,,
2026-27,baseball,University Athletic Association (UAA),uaa,New York,Christian Miesegaes,Christian,Miesegaes,,479,Christian Miesegaes,0,0NEW YORK,1,0,,,0,0,0,0,0,0,0,0,0,0,0,0,0,0,0,0,0,0,0,0,0,0,0,0.000,0,0,0,.000,.000,.000,0,0,0,0,0,0,0,0,0,0,0.000,0,.000,10,1,0,0,0,0,0,0,0,0,2.0,8,8,1,0,0,0,0,36.00,0,16,0,0,0,0,0,0,0,0,.000,0,0,0,0,0,0,0,0,0,0,0,0,0,0,0,0,0,0,0,0,0,0,0,0,0,0,0,0,0,0,0,0,0,0,0,0,0,0,0,0,0,0,0,0,0,0,New York,NEW YORK,0,False,,
2026-27,baseball,University Athletic Association (UAA),uaa,Washington St. Louis,Ryan Soong,Ryan,Soong,,755,Ryan Soong,0,0WASHINGT,14,13,,,49,15,19,6,3,1,0,8,0,6,6,0,8,2,0,1,0,0,0,0,2,0,0,0.516,24,64,10,.800,.388,.490,13,1,1,0,0,0,0,0,0,15,.933,0,.000,,,,,,,,,,,,,,,,,,,,,,,,,,,,,,,1,0,6,18,"5,19",0.26,5,19,"12,31",0.39,12,31,"8,22",0.36,8,22,"9,17",0.53,9,17,0,0,0,0,"5,10","2,4","19,37","0,1",0,0,1,22,0,0,0,2,14,0,,,,,,,,,Washington St. Louis,WASHINGT,1203-2395,False,,
2026-27,baseball,University Athletic Association (UAA),uaa,Washington St. Louis,Kevin Stephens,Kevin,Stephens,,755,Kevin Stephens,0,0WASHINGT,19,19,,,63,15,19,17,1,0,2,14,0,1,11,4,8,0,0,1,0,0,0,1,0,1,0,0.430,26,79,8,1.000,.302,.413,30,0,0,0,0,0,0,0,0,30,1.000,0,.000,,,,,,,,,,,,,,,,,,,,,,,,,,,,,,,0,2,18,14,"6,20",0.30,6,20,"14,34",0.41,14,34,"11,24",0.46,11,24,"6,17",0.35,6,17,0,0,0,0,"6,14","5,9","22,40",16,0,0,0,0,0,0,0,2,12,0,,,,,,,,,Washington St. Louis,WASHINGT,1203-2396,False,,
2026-27,baseball,University Athletic Association (UAA),uaa,Washington St. Louis,Shane Pellegrino,Shane,Pellegrino,,755,Shane Pellegrino,0,0WASHINGT,19,19,,,72,18,30,19,10,2,1,4,0,4,13,3,4,3,0,1,0,0,0,0,0,0,0,0.469,47,81,7,.571,.417,.653,27,50,7,0,0,0,0,5,0,84,.917,0,.000,,,,,,,,,,,,,,,,,,,,,,,,,,,,,,,1,2,14,16,"8,21",0.38,8,21,"18,39",0.46,18,39,"14,27",0.52,14,27,"6,20",0.30,6,20,0,0,0,0,"6,16","7,10","25,42",25,0,0,0,0,0,0,0,4,19,0,,,,,,,,,Washington St. Louis,WASHINGT,1203-2051,False,,
2026-27,baseball,University Athletic Association (UAA),uaa,Washington St. Louis,Cooper Greene,Cooper,Greene,,755,Cooper Greene,0,0WASHINGT,19,19,,,66,19,21,16,5,0,2,4,0,4,10,1,10,2,0,1,0,0,0,0,0,0,0,0.387,32,75,12,.833,.318,.485,152,13,2,0,0,0,0,7,0,167,.988,0,.000,,,,,,,,,,,,,,,,,,,,,,,,,,,,,,,2,3,10,24,"7,21",0.33,7,21,"14,35",0.40,14,35,"10,24",0.42,10,24,"5,20",0.25,5,20,0,0,0,0,"2,18","8,10","21,37",136,0,0,0,0,0,0,0,2,18,0,,,,,,,,,Washington St. Louis,WASHINGT,1203-2398,False,,
2026-27,baseball,University Athletic Association (UAA),uaa,Washington St. Louis,Will Taigen,Will,Taigen,,755,Will Taigen,0,0WASHINGT,13,11,,,44,9,13,11,1,0,0,4,1,1,8,3,2,0,0,2,0,0,0,0,0,0,0,0.353,14,51,2,1.000,.295,.318,19,0,0,0,0,0,0,0,0,19,1.000,0,.000,,,,,,,,,,,,,,,,,,,,,,,,,,,,,,,0,0,16,10,"1,14",0.07,1,14,"9,24",0.38,9,24,"6,18",0.33,6,18,"0,6",0,0,6,0,0,0,0,"1,6","7,8","17,27",77,0,0,0,0,0,0,0,9,12,0,,,,,,,,,Washington St. Louis,WASHINGT,1203-2403,False,,
2026-27,baseball,University Athletic Association (UAA),uaa,Washington St. Louis,Connor Lindsey,Connor,Lindsey,,755,Connor Lindsey,0,0WASHINGT,8,2,,,11,4,2,3,0,0,0,3,0,1,3,1,0,0,0,0,0,0,0,0,0,0,0,0.400,2,15,0,.000,.182,.182,7,1,0,0,0,0,0,0,0,8,1.000,0,.000,,,,,,,,,,,,,,,,,,,,,,,,,,,,,,,0,0,3,3,"0,3",0,0,3,"1,4",0.25,1,4,"1,4",0.25,1,4,"1,3",0.33,1,3,0,0,0,0,"2,6","2,3","3,5",0,0,0,0,2,0,0,0,2,2,0,,,,,,,,,Washington St. Louis,WASHINGT,1203-2052,False,,
2026-27,baseball,University Athletic Association (UAA),uaa,Washington St. Louis,Chance Cromer,Chance,Cromer,,755,Chance Cromer,0,0WASHINGT,19,18,,,65,27,21,11,3,1,0,15,0,7,7,5,7,1,1,2,0,0,0,0,0,1,0,0.483,26,90,8,.875,.323,.400,25,36,1,0,0,0,0,7,0,62,.984,0,.000,,,,,,,,,,,,,,,,,,,,,,,,,,,,,,,3,0,20,17,"6,19",0.32,6,19,"9,28",0.32,9,28,"7,18",0.39,7,18,"6,17",0.35,6,17,0,0,0,0,"16,30","8,11","25,37",0,0,0,0,0,0,0,0,10,10,0,,,,,,,,,Washington St. Louis,WASHINGT,1203-2593,False,,
2026-27,baseball,University Athletic Association (UAA),uaa,Washington St. Louis,Josh Erpenbeck,Josh,Erpenbeck,,755,Josh Erpenbeck,0,0WASHINGT,8,4,,,14,3,4,0,0,0,0,1,0,1,1,1,0,0,2,0,0,0,0,0,2,0,0,0.375,4,18,0,.000,.286,.286,5,0,0,0,0,0,0,0,0,5,1.000,0,.000,,,,,,,,,,,,,,,,,,,,,,,,,,,,,,,1,0,5,5,"1,6",0.17,1,6,"2,6",0.33,2,6,"1,3",0.33,1,3,"3,8",0.38,3,8,0,0,0,0,"2,5","0,1","6,9",0,0,0,0,"0,1",0,0,1,3,4,0,,,,,,,,,Washington St. Louis,WASHINGT,1203-2394,False,,
2026-27,baseball,University Athletic Association (UAA),uaa,Washington St. Louis,Drew Dillon,Drew,Dillon,,755,Drew Dillon,0,0WASHINGT,12,9,,,33,11,9,6,0,1,0,7,1,2,4,2,9,1,3,1,0,0,0,0,0,0,0,0.419,11,46,10,.900,.273,.333,8,0,0,0,0,0,0,0,0,8,1.000,0,.000,,,,,,,,,,,,,,,,,,,,,,,,,,,,,,,2,2,18,4,"3,10",0.30,3,10,"5,17",0.29,5,17,"4,13",0.31,4,13,"0,6",0,0,6,0,0,0,0,"5,10","4,6","18,24",8,0,0,0,2,0,0,0,10,8,0,,,,,,,,,Washington St. Louis,WASHINGT,1203-2562,False,,
2026-27,baseball,University Athletic Association (UAA),uaa,Washington St. Louis,Miles Birke,Miles,Birke,,755,Miles Birke,0,0WASHINGT,15,13,,,41,10,10,13,1,0,0,6,0,6,5,0,1,1,2,2,0,0,0,0,0,0,0,0.400,11,57,2,.500,.244,.268,126,11,0,0,0,22,3,0,0,137,1.000,25,.880,,,,,,,,,,,,,,,,,,,,,,,,,,,,,,,0,1,11,19,"2,16",0.13,2,16,"7,25",0.28,7,25,"5,18",0.28,5,18,"4,13",0.31,4,13,0,0,0,0,"3,9","11,15","19,35",0,0,0,0,0,0,0,0,12,12,0,,,,,,,,,Washington St. Louis,WASHINGT,1203-2236,False,,
2026-27,baseball,University Athletic Association (UAA),uaa,Washington St. Louis,Anthony Equale,Anthony,Equale,,755,Anthony Equale,0,0WASHINGT,19,19,,,73,15,25,20,9,0,2,8,0,7,8,2,6,3,1,1,0,0,0,0,0,2,0,0.449,40,90,9,.667,.342,.548,12,35,8,0,0,0,0,0,0,55,.855,0,.000,,,,,,,,,,,,,,,,,,,,,,,,,,,,,,,4,3,9,29,"10,21",0.48,10,21,"16,43",0.37,16,43,"8,29",0.28,8,29,"7,22",0.32,7,22,0,0,0,0,"6,15","5,11","30,50",146,0,0,0,0,0,0,0,7,7,0,,,,,,,,,Washington St. Louis,WASHINGT,1203-2242,False,,
2026-27,baseball,University Athletic Association (UAA),uaa,Washington St. Louis,Townsend Stevenson,Townsend,Stevenson,,755,Townsend Stevenson,0,0WASHINGT,5,5,,,0,0,0,0,0,0,0,0,0,0,0,0,0,0,0,0,0,0,0,0,0,0,0,0.000,0,0,0,.000,.000,.000,1,3,1,0,0,10,0,0,0,5,.800,10,1.000,20,1,5,1,0,0,0,0,0,0,24.0,9,7,12,37,5,0,0,2.63,88,104,2,1,0,0,3,0,0,15,.227,0,0,0,0,0,0,0,0,0,0,0,0,0,0,0,0,0,0,0,0,0,0,0,0,0,0,0,0,0,0,0,0,0,0,0,0,0,0,13,18,2,"5,12","2,16","3,9",0,"2,13",Washington St. Louis,WASHINGT,1203-2241,False,,
2026-27,baseball,University Athletic Association (UAA),uaa,Washington St. Louis,Isaac Zhang,Isaac,Zhang,,755,Isaac Zhang,0,0WASHINGT,8,2,,,0,0,0,0,0,0,0,0,0,0,0,0,0,0,0,0,0,0,0,0,0,0,0,0.000,0,0,0,.000,.000,.000,0,7,0,0,0,2,0,0,0,7,1.000,2,1.000,19,1,2,1,0,0,0,0,0,0,18.2,9,7,6,16,2,0,2,3.37,71,81,0,1,0,2,1,0,0,5,.268,0,0,0,0,0,0,0,0,0,0,0,0,0,0,0,0,0,0,0,0,0,0,0,0,0,0,0,0,0,0,0,0,0,0,0,0,0,0,20,16,2,"1,5","0,2","0,1",0,"1,5",Washington St. Louis,WASHINGT,1203-2053,False,,
2026-27,baseball,University Athletic Association (UAA),uaa,Washington St. Louis,Maxime Gonzales,Maxime,Gonzales,,755,Maxime Gonzales,0,0WASHINGT,1,0,,,0,0,0,0,0,0,0,0,0,0,0,0,0,0,0,0,0,0,0,0,0,0,0,0.000,0,0,0,.000,.000,.000,0,0,0,0,0,0,0,0,0,0,0.000,0,.000,1,1,0,0,0,0,0,0,0,0,1.0,0,0,0,1,0,0,0,0.00,5,5,0,0,0,0,0,0,0,1,.200,0,0,0,0,0,0,0,0,0,0,0,0,0,0,0,0,0,0,0,0,0,0,0,0,0,0,0,0,0,0,0,0,0,0,0,0,0,0,2,0,0,"1,1","1,4",0,0,"1,2",Washington St. Louis,WASHINGT,1203-2600,False,,
2026-27,baseball,University Athletic Association (UAA),uaa,Washington St. Louis,Anderson Gomez,Anderson,Gomez,,755,Anderson Gomez,0,0WASHINGT,6,0,,,0,0,0,0,0,0,0,0,0,0,0,0,0,0,0,0,0,0,0,0,0,0,0,0.000,0,0,0,.000,.000,.000,2,1,1,0,0,2,1,0,0,4,.750,3,.667,15,1,0,1,0,0,0,0,0,0,8.1,7,4,4,6,6,0,0,4.32,38,44,1,0,0,2,0,0,0,1,.395,0,0,0,0,0,0,0,0,0,0,0,0,0,0,0,0,0,0,0,0,0,0,0,0,0,0,0,0,0,0,0,0,0,0,0,0,0,0,7,10,0,"2,4","2,8","1,4",0,"2,5",Washington St. Louis,WASHINGT,1203-2237,False,,
2026-27,baseball,University Athletic Association (UAA),uaa,Washington St. Louis,Josh Holt,Josh,Holt,,755,Josh Holt,0,0WASHINGT,1,0,,,0,0,0,0,0,0,0,0,0,0,0,0,0,0,0,0,0,0,0,0,0,0,0,0.000,0,0,0,.000,.000,.000,0,0,0,0,0,1,0,0,0,0,0.000,1,1.000,1,1,0,0,0,0,0,0,0,0,1.0,0,0,0,1,0,1,0,0.00,4,4,0,0,0,0,0,0,0,0,.250,0,0,0,0,0,0,0,0,0,0,0,0,0,0,0,0,0,0,0,0,0,0,0,0,0,0,0,0,0,0,0,0,0,0,0,0,0,0,2,0,0,0,"1,4","0,1",0,"0,1",Washington St. Louis,WASHINGT,1203-2050,False,,
2026-27,baseball,University Athletic Association (UAA),uaa,Washington St. Louis,Owen Block,Owen,Block,,755,Owen Block,0,0WASHINGT,6,1,,,0,0,0,0,0,0,0,0,0,0,0,0,0,0,0,0,0,0,0,0,0,0,0,0.000,0,0,0,.000,.000,.000,1,1,0,0,0,3,0,0,0,2,1.000,3,1.000,13,1,1,1,1,0,0,0,0,0,12.0,7,4,3,8,1,0,1,3.00,49,54,1,1,0,1,0,0,0,2,.265,0,0,0,0,0,0,0,0,0,0,0,0,0,0,0,0,0,0,0,0,0,0,0,0,0,0,0,0,0,0,0,0,0,0,0,0,0,0,16,12,0,"1,1","1,4","0,1",0,"0,2",Washington St. Louis,WASHINGT,1203-2235,False,,
2026-27,baseball,University Athletic Association (UAA),uaa,Washington St. Louis,Alex Ardemagni,Alex,Ardemagni,,755,Alex Ardemagni,0,0WASHINGT,2,0,,,0,0,0,0,0,0,0,0,0,0,0,0,0,0,0,0,0,0,0,0,0,0,0,0.000,0,0,0,.000,.000,.000,0,1,0,0,0,0,0,0,0,1,1.000,0,.000,5,1,0,0,0,0,0,0,0,0,3.0,2,2,1,2,1,1,0,6.00,12,13,0,0,0,0,0,0,0,1,.417,0,0,0,0,0,0,0,0,0,0,0,0,0,0,0,0,0,0,0,0,0,0,0,0,0,0,0,0,0,0,0,0,0,0,0,0,0,0,2,3,0,"2,3","2,7","2,2",0,"3,5",Washington St. Louis,WASHINGT,1203-2055,False,,
2026-27,baseball,University Athletic Association (UAA),uaa,Washington St. Louis,Jacob Witte,Jacob,Witte,,755,Jacob Witte,0,0WASHINGT,17,17,,,65,18,24,22,7,3,0,5,0,7,9,2,4,2,0,1,0,0,0,1,0,1,0,0.462,37,78,6,.667,.369,.569,45,3,0,0,0,14,2,0,0,48,1.000,16,.875,,,,,,,,,,,,,,,,,,,,,,,,,,,,,,,3,3,15,16,"13,30",0.43,13,30,"15,43",0.35,15,43,"11,30",0.37,11,30,"4,20",0.20,4,20,0,0,0,0,"6,9","11,13","28,47",68,0,0,0,0,0,0,0,10,15,0,,,,,,,,,Washington St. Louis,WASHINGT,1203-2588,False,,
2026-27,baseball,University Athletic Association (UAA),uaa,Washington St. Louis,M. Quemuel-L,M.,Quemuel-L,,755,M. Quemuel-L,0,0WASHINGT,10,0,,,0,0,0,0,0,0,0,0,0,0,0,0,0,0,0,0,0,0,0,0,0,0,0,0.000,0,0,0,.000,.000,.000,0,0,0,0,0,1,1,0,0,0,0.000,2,.500,14,1,0,3,1,0,0,0,0,0,12.0,11,9,4,19,4,0,0,6.75,48,56,1,1,0,3,0,0,0,8,.292,0,0,0,0,0,0,0,0,0,0,0,0,0,0,0,0,0,0,0,0,0,0,0,0,0,0,0,0,0,0,0,0,0,0,0,0,0,0,6,10,0,"0,3","1,5","1,3",0,"1,5",Washington St. Louis,WASHINGT,1203-2054,False,,
2026-27,baseball,University Athletic Association (UAA),uaa,Washington St. Louis,Will Coffman,Will,Coffman,,755,Will Coffman,0,0WASHINGT,2,0,,,0,0,0,0,0,0,0,0,0,1,0,0,0,0,0,0,0,0,0,0,0,0,0,1.000,0,1,0,.000,.000,.000,1,0,0,0,0,0,0,0,0,1,1.000,0,.000,,,,,,,,,,,,,,,,,,,,,,,,,,,,,,,0,0,0,0,0,0,0,0,0,0,0,0,0,0,0,0,0,0,0,0,0,0,0,0,0,0,"1,1",0,0,0,0,0,0,0,0,0,0,0,,,,,,,,,Washington St. Louis,WASHINGT,1203-2592,False,,
2026-27,baseball,University Athletic Association (UAA),uaa,Washington St. Louis,Eli Sitzer,Eli,Sitzer,,755,Eli Sitzer,0,0WASHINGT,11,7,,,28,7,8,1,2,0,0,2,0,3,6,1,2,0,1,0,0,0,0,0,0,0,0,0.394,10,34,2,1.000,.286,.357,12,1,1,0,0,0,0,0,0,14,.929,0,.000,,,,,,,,,,,,,,,,,,,,,,,,,,,,,,,1,0,8,6,"3,10",0.30,3,10,"3,16",0.19,3,16,"3,15",0.20,3,15,"4,11",0.36,4,11,0,0,0,0,"3,5","0,2","8,19",0,0,0,0,2,0,0,0,5,11,0,,,,,,,,,Washington St. Louis,WASHINGT,1203-2597,False,,
2026-27,baseball,University Athletic Association (UAA),uaa,Washington St. Louis,Chase Brickley,Chase,Brickley,,755,Chase Brickley,0,0WASHINGT,6,5,,,0,0,0,0,0,0,0,0,0,0,0,0,0,0,0,0,0,0,0,0,0,0,0,0.000,0,0,0,.000,.000,.000,1,4,0,0,0,5,1,0,0,5,1.000,6,.833,20,1,5,6,0,0,0,0,0,0,33.1,7,6,4,34,3,0,1,1.62,120,128,2,3,0,0,1,0,0,13,.167,0,0,0,0,0,0,0,0,0,0,0,0,0,0,0,0,0,0,0,0,0,0,0,0,0,0,0,0,0,0,0,0,0,0,0,0,0,0,21,43,0,"0,7","2,5","3,9",0,"4,12",Washington St. Louis,WASHINGT,1203-2591,False,,
2026-27,baseball,University Athletic Association (UAA),uaa,Washington St. Louis,Jay Ronning,Jay,Ronning,,755,Jay Ronning,0,0WASHINGT,5,0,,,0,0,0,0,0,0,0,0,0,0,0,0,0,0,0,0,0,0,0,0,0,0,0,0.000,0,0,0,.000,.000,.000,0,0,0,0,0,1,1,0,0,0,0.000,2,.500,7,1,0,0,0,0,0,0,0,0,6.1,4,4,2,6,1,0,0,5.68,23,27,0,1,0,1,0,0,0,1,.304,0,0,0,0,0,0,0,0,0,0,0,0,0,0,0,0,0,0,0,0,0,0,0,0,0,0,0,0,0,0,0,0,0,0,0,0,0,0,8,3,0,"1,1","0,5","0,1",0,"0,2",Washington St. Louis,WASHINGT,1203-2399,False,,
2026-27,baseball,University Athletic Association (UAA),uaa,Washington St. Louis,Aiden Dennis,Aiden,Dennis,,755,Aiden Dennis,0,0WASHINGT,1,0,,,0,0,0,0,0,0,0,0,0,0,0,0,0,0,0,0,0,0,0,0,0,0,0,0.000,0,0,0,.000,.000,.000,0,0,0,0,0,0,0,0,0,0,0.000,0,.000,0,1,0,0,0,0,0,0,0,0,0.0,0,0,2,0,0,0,0,0.00,0,2,0,0,0,0,0,0,0,0,.000,0,0,0,0,0,0,0,0,0,0,0,0,0,0,0,0,0,0,0,0,0,0,0,0,0,0,0,0,0,0,0,0,0,0,0,0,0,0,0,0,0,0,0,0,0,0,Washington St. Louis,WASHINGT,1203-2402,False,,
2026-27,baseball,University Athletic Association (UAA),uaa,Washington St. Louis,Dylan Belyea,Dylan,Belyea,,755,Dylan Belyea,0,0WASHINGT,2,0,,,0,0,0,0,0,0,0,0,0,0,0,0,0,0,0,0,0,0,0,0,0,0,0,0.000,0,0,0,.000,.000,.000,0,1,0,0,0,0,0,0,0,1,1.000,0,.000,1,1,0,0,0,0,0,0,0,0,1.1,1,1,1,2,0,0,0,6.75,5,6,0,0,0,0,0,0,0,2,.200,0,0,0,0,0,0,0,0,0,0,0,0,0,0,0,0,0,0,0,0,0,0,0,0,0,0,0,0,0,0,0,0,0,0,0,0,0,0,0,2,0,"1,1","1,1","1,1",0,"0,2",Washington St. Louis,WASHINGT,1203-2590,False,,
2026-27,baseball,University Athletic Association (UAA),uaa,Washington St. Louis,Tyler Phillips,Tyler,Phillips,,755,Tyler Phillips,0,0WASHINGT,7,1,,,3,2,0,0,0,0,0,0,0,0,2,0,0,0,0,0,0,0,0,0,1,0,0,0.000,0,3,0,.000,.000,.000,1,0,0,0,0,0,0,0,0,1,1.000,0,.000,,,,,,,,,,,,,,,,,,,,,,,,,,,,,,,0,0,0,1,"0,1",0,0,1,"0,1",0,0,1,"0,1",0,0,1,0,0,0,0,0,0,0,0,"0,1",0,"0,1",0,0,0,0,0,0,0,0,0,1,0,,,,,,,,,Washington St. Louis,WASHINGT,1203-2404,False,,
2026-27,baseball,University Athletic Association (UAA),uaa,Washington St. Louis,Levi Gingerich,Levi,Gingerich,,755,Levi Gingerich,0,0WASHINGT,6,6,,,0,0,0,0,0,0,0,0,0,0,0,0,0,0,0,0,0,0,0,0,0,0,0,0.000,0,0,0,.000,.000,.000,2,5,2,0,0,8,1,0,0,9,.778,9,.889,24,1,6,1,1,0,0,0,0,0,25.1,14,12,10,20,2,2,1,4.26,97,114,2,7,0,0,0,0,0,12,.247,0,0,0,0,0,0,0,0,0,0,0,0,0,0,0,0,0,0,0,0,0,0,0,0,0,0,0,0,0,0,0,0,0,0,0,0,0,0,17,34,3,"6,13","10,25","2,7",0,"6,16",Washington St. Louis,WASHINGT,1203-2240,False,,
2026-27,baseball,University Athletic Association (UAA),uaa,Washington St. Louis,Parker Guthrie,Parker,Guthrie,,755,Parker Guthrie,0,0WASHINGT,9,0,,,0,0,0,0,0,0,0,0,0,0,0,0,0,0,0,0,0,0,0,0,0,0,0,0.000,0,0,0,.000,.000,.000,2,1,1,0,0,3,0,0,0,4,.750,3,1.000,12,1,0,2,0,3,0,0,0,0,17.2,3,3,5,22,1,0,0,1.53,68,75,5,2,0,0,0,0,0,9,.176,0,0,0,0,0,0,0,0,0,0,0,0,0,0,0,0,0,0,0,0,0,0,0,0,0,0,0,0,0,0,0,0,0,0,0,0,0,0,18,12,0,"1,1","1,4","1,2",0,"0,1",Washington St. Louis,WASHINGT,1203-2239,False,,
2026-27,baseball,University Athletic Association (UAA),uaa,Washington St. Louis,Ashton Bell,Ashton,Bell,,755,Ashton Bell,0,0WASHINGT,1,0,,,1,0,0,0,0,0,0,0,0,0,1,0,0,0,0,0,0,0,0,0,0,0,0,0.000,0,1,0,.000,.000,.000,0,0,0,0,0,0,0,0,0,0,0.000,0,.000,,,,,,,,,,,,,,,,,,,,,,,,,,,,,,,0,0,0,0,0,0,0,0,"0,1",0,0,1,"0,1",0,0,1,0,0,0,0,0,0,0,0,0,0,"0,1",0,0,0,0,4,0,0,0,0,0,0,,,,,,,,,Washington St. Louis,WASHINGT,1203-2589,False,,
2026-27,baseball,University Athletic Association (UAA),uaa,Brandeis,Connor Crowley,Connor,Crowley,,73,Connor Crowley,0,0BRANDEIS,11,11,,,37,6,8,3,1,0,0,6,1,3,6,4,5,0,2,1,0,0,0,0,1,0,0,0.362,9,49,5,1.000,.216,.243,22,0,0,0,0,0,0,0,0,22,1.000,0,.000,,,,,,,,,,,,,,,,,,,,,,,,,,,,,,,2,1,13,11,"2,12",0.17,2,12,"1,16",0.06,1,16,"0,12",0,0,12,"1,5",0.20,1,5,0,0,0,0,"7,12","3,4","13,23",5,0,0,0,0,0,0,0,8,13,0,,,,,,,,,Brandeis,BRANDEIS,1193-1935,False,,
2026-27,baseball,University Athletic Association (UAA),uaa,Brandeis,Dylan Walsh,Dylan,Walsh,,73,Dylan Walsh,0,0BRANDEIS,8,5,,,18,5,6,4,0,2,0,1,0,1,3,0,1,0,0,0,0,0,0,0,0,1,0,0.400,10,20,1,1.000,.333,.556,6,6,0,0,0,0,0,2,0,12,1.000,0,.000,,,,,,,,,,,,,,,,,,,,,,,,,,,,,,,0,0,3,6,"0,4",0,0,4,"5,12",0.42,5,12,"3,8",0.38,3,8,"0,2",0,0,2,0,0,0,0,"1,3","1,3","7,12","0,1",0,0,1,1,0,0,0,2,6,0,,,,,,,,,Brandeis,BRANDEIS,1193-1945,False,,
2026-27,baseball,University Athletic Association (UAA),uaa,Brandeis,Ben Kuja,Ben,Kuja,,73,Ben Kuja,0,0BRANDEIS,13,12,,,45,13,16,11,4,3,0,13,0,3,5,2,7,1,1,0,0,0,0,0,0,1,0,0.525,26,62,8,.875,.356,.578,8,0,1,0,0,0,0,0,0,9,.889,0,.000,,,,,,,,,,,,,,,,,,,,,,,,,,,,,,,2,1,14,9,"4,9",0.44,4,9,"9,22",0.41,9,22,"5,15",0.33,5,15,"1,6",0.17,1,6,0,0,0,0,"6,13","4,6","22,30",132,0,0,0,2,0,0,0,6,5,0,,,,,,,,,Brandeis,BRANDEIS,1193-2060,False,,
2026-27,baseball,University Athletic Association (UAA),uaa,Brandeis,Henry Aronwald,Henry,Aronwald,,73,Henry Aronwald,0,0BRANDEIS,12,11,,,32,11,11,13,2,1,1,7,0,5,7,1,4,1,0,2,0,0,0,0,0,0,0,0.500,18,46,5,.800,.344,.563,5,3,0,0,0,0,0,0,0,8,1.000,0,.000,5,1,1,1,0,0,0,0,0,0,6.0,0,0,0,5,0,0,0,0.00,22,22,0,0,0,0,0,0,0,2,.227,1,1,3,13,"2,11",0.18,2,11,"8,22",0.36,8,22,"7,18",0.39,7,18,"4,5",0.80,4,5,0,0,0,0,"3,8","7,9","17,28",48,0,0,0,0,0,0,0,3,12,0,3,9,0,"3,6","1,9",0,0,"1,7",Brandeis,BRANDEIS,1193-1932,False,,
2026-27,baseball,University Athletic Association (UAA),uaa,Brandeis,Mano Boutsikakis,Mano,Boutsikakis,,73,Mano Boutsikakis,0,0BRANDEIS,10,7,,,28,4,12,2,1,0,0,2,0,0,2,1,2,1,1,0,0,0,0,0,0,0,0,0.467,13,31,3,.667,.429,.464,1,7,1,0,0,0,0,0,0,9,.889,0,.000,,,,,,,,,,,,,,,,,,,,,,,,,,,,,,,0,1,8,6,"3,7",0.43,3,7,"6,13",0.46,6,13,"3,7",0.43,3,7,"2,4",0.50,2,4,0,0,0,0,"3,10","1,1","10,15",4,0,0,0,67,0,0,0,4,6,0,,,,,,,,,Brandeis,BRANDEIS,1193-1933,False,,
2026-27,baseball,University Athletic Association (UAA),uaa,Brandeis,Danny Tambascia,Danny,Tambascia,,73,Danny Tambascia,0,0BRANDEIS,13,12,,,45,10,13,13,2,2,0,10,0,0,6,2,3,1,0,0,0,0,0,3,0,3,0,0.418,19,55,4,.750,.289,.422,71,5,0,0,0,0,0,4,0,76,1.000,0,.000,,,,,,,,,,,,,,,,,,,,,,,,,,,,,,,3,2,19,4,"5,14",0.36,5,14,"9,32",0.28,9,32,"6,21",0.29,6,21,"2,5",0.40,2,5,0,0,0,0,"3,5","7,12","25,36",8,0,0,0,2,0,0,0,14,10,0,,,,,,,,,Brandeis,BRANDEIS,1193-2067,False,,
2026-27,baseball,University Athletic Association (UAA),uaa,Brandeis,Matt Chafin,Matt,Chafin,,73,Matt Chafin,0,0BRANDEIS,12,10,,,39,8,10,8,2,1,0,4,0,3,6,2,3,0,0,0,0,0,0,0,0,1,0,0.370,14,46,3,1.000,.256,.359,30,19,0,0,0,0,0,3,0,49,1.000,0,.000,,,,,,,,,,,,,,,,,,,,,,,,,,,,,,,0,3,11,10,"4,16",0.25,4,16,"6,21",0.29,6,21,"5,14",0.36,5,14,"2,5",0.40,2,5,0,0,0,0,"2,10","2,6","10,25",77,0,0,0,6,0,0,0,0,9,0,,,,,,,,,Brandeis,BRANDEIS,1193-1934,False,,
2026-27,baseball,University Athletic Association (UAA),uaa,Brandeis,Keith Lee,Keith,Lee,,73,Keith Lee,0,0BRANDEIS,9,9,,,34,7,9,10,4,0,1,4,0,3,11,3,0,0,0,1,0,0,0,0,0,0,0,0.381,16,42,0,.000,.265,.471,59,1,0,0,0,9,0,0,0,60,1.000,9,1.000,,,,,,,,,,,,,,,,,,,,,,,,,,,,,,,0,0,6,9,"4,13",0.31,4,13,"5,20",0.25,5,20,"3,13",0.23,3,13,"2,7",0.29,2,7,0,0,0,0,"2,4","3,4","12,23","1,1",1.00,1,1,0,0,0,0,8,6,0,,,,,,,,,Brandeis,BRANDEIS,1193-2062,False,,
2026-27,baseball,University Athletic Association (UAA),uaa,Brandeis,Nolan Wanat,Nolan,Wanat,,73,Nolan Wanat,0,0BRANDEIS,5,4,,,10,3,2,3,1,0,0,0,0,0,3,0,0,0,0,1,0,0,0,1,0,1,0,0.182,3,11,0,.000,.200,.300,5,1,1,0,0,0,0,1,0,7,.857,0,.000,0,1,0,0,0,0,0,0,0,0,1.0,0,0,0,1,0,0,0,0.00,2,3,0,1,0,0,0,0,0,0,.000,1,0,2,2,"0,3",0,0,3,"1,6",0.17,1,6,"1,4",0.25,1,4,"1,3",0.33,1,3,0,0,0,0,"0,2","3,3","3,7",2,0,0,0,0,0,0,0,2,3,0,0,1,1,"0,1",0,0,0,0,Brandeis,BRANDEIS,1193-2167,False,,
2026-27,baseball,University Athletic Association (UAA),uaa,Brandeis,Dushyant Singh,Dushyant,Singh,,73,Dushyant Singh,0,0BRANDEIS,2,0,,,1,0,0,0,0,0,0,0,0,1,0,0,0,0,0,0,0,0,0,0,0,0,0,0.500,0,2,0,.000,.000,.000,1,0,0,0,0,0,0,0,0,1,1.000,0,.000,,,,,,,,,,,,,,,,,,,,,,,,,,,,,,,0,0,0,1,0,0,0,0,0,0,0,0,0,0,0,0,0,0,0,0,0,0,0,0,"1,1",0,0,0,0,0,0,6,0,0,0,0,0,0,,,,,,,,,Brandeis,BRANDEIS,1193-2175,False,,
2026-27,baseball,University Athletic Association (UAA),uaa,Brandeis,Noah Koong,Noah,Koong,,73,Noah Koong,0,0BRANDEIS,13,13,,,44,12,10,8,0,1,0,6,0,0,15,4,3,0,2,0,0,0,0,3,0,3,0,0.320,12,52,3,1.000,.227,.273,9,26,2,0,0,0,0,3,0,37,.946,0,.000,,,,,,,,,,,,,,,,,,,,,,,,,,,,,,,1,1,14,6,"4,18",0.22,4,18,"7,27",0.26,7,27,"7,22",0.32,7,22,"2,6",0.33,2,6,0,0,0,0,"2,5","2,4","13,32",49,0,0,0,0,0,0,0,4,14,0,,,,,,,,,Brandeis,BRANDEIS,1193-2164,False,,
2026-27,baseball,University Athletic Association (UAA),uaa,Brandeis,Bobby Quill,Bobby,Quill,,73,Bobby Quill,0,0BRANDEIS,12,12,,,44,16,16,8,3,0,2,9,0,0,14,4,9,0,0,0,0,0,0,0,0,0,0,0.472,25,53,9,1.000,.364,.568,21,1,0,0,0,0,0,0,0,22,1.000,0,.000,,,,,,,,,,,,,,,,,,,,,,,,,,,,,,,2,0,7,5,"4,15",0.27,4,15,"4,18",0.22,4,18,"4,14",0.29,4,14,"2,5",0.40,2,5,0,0,0,0,"9,20","1,3","11,21",20,0,0,0,0,0,0,0,1,11,0,,,,,,,,,Brandeis,BRANDEIS,1193-2064,False,,
2026-27,baseball,University Athletic Association (UAA),uaa,Brandeis,Dimitri Skourides,Dimitri,Skourides,,73,Dimitri Skourides,0,0BRANDEIS,4,3,,,0,0,0,0,0,0,0,0,0,0,0,0,0,0,0,0,0,0,0,0,0,0,0,0.000,0,0,0,.000,.000,.000,1,5,0,0,0,3,0,0,0,6,1.000,3,1.000,9,1,3,2,0,0,0,0,0,0,17.2,3,2,8,19,2,0,0,1.02,61,71,0,1,0,0,1,0,0,8,.148,0,0,0,0,0,0,0,0,0,0,0,0,0,0,0,0,0,0,0,0,0,0,0,0,0,0,0,0,0,0,0,0,0,0,0,0,0,0,18,14,0,"2,4","0,6","1,3",0,"1,6",Brandeis,BRANDEIS,1193-1943,False,,
2026-27,baseball,University Athletic Association (UAA),uaa,Brandeis,Jackson Herzog,Jackson,Herzog,,73,Jackson Herzog,0,0BRANDEIS,5,1,,,0,0,0,0,0,0,0,0,0,0,0,0,0,0,0,0,0,0,0,0,0,0,0,0.000,0,0,0,.000,.000,.000,1,4,0,0,0,2,0,0,0,5,1.000,2,1.000,10,1,1,2,1,1,0,0,0,0,12.0,9,8,5,10,3,0,1,6.00,45,53,0,2,0,1,0,0,0,3,.222,0,0,0,0,0,0,0,0,0,0,0,0,0,0,0,0,0,0,0,0,0,0,0,0,0,0,0,0,0,0,0,0,0,0,0,0,0,0,11,14,1,"1,3","3,6","2,2",0,"0,2",Brandeis,BRANDEIS,1193-2165,False,,
2026-27,baseball,University Athletic Association (UAA),uaa,Brandeis,Nick Hart-nibbrig,Nick,Hart-nibbrig,,73,Nick Hart-nibbrig,0,0BRANDEIS,2,1,,,3,1,1,0,0,0,0,1,0,0,0,0,1,0,0,0,0,0,0,0,0,0,0,0.500,1,4,1,1.000,.333,.333,0,0,0,0,0,0,0,0,0,0,0.000,0,.000,1,1,0,0,0,0,0,0,0,0,0.2,2,2,1,1,0,0,0,27.00,2,6,0,2,0,1,0,0,0,0,.500,0,0,1,1,"1,2",0.50,1,2,"1,3",0.33,1,3,"1,2",0.50,1,2,0,0,0,0,0,0,0,0,0,0,"2,4",0,0,0,0,0,0,0,0,0,1,0,1,0,0,0,"1,2",0,0,"0,1",Brandeis,BRANDEIS,1193-2058,False,,
2026-27,baseball,University Athletic Association (UAA),uaa,Brandeis,Charlie Dunbar,Charlie,Dunbar,,73,Charlie Dunbar,0,0BRANDEIS,1,0,,,1,0,0,0,0,0,0,0,0,0,1,1,0,0,0,0,0,0,0,0,0,0,0,0.000,0,1,0,.000,.000,.000,0,1,0,0,0,0,0,0,0,1,1.000,0,.000,,,,,,,,,,,,,,,,,,,,,,,,,,,,,,,0,0,0,0,0,0,0,0,0,0,0,0,0,0,0,0,0,0,0,0,0,0,0,0,0,0,0,0,0,0,0,"0,1",0,0,1,0,0,0,,,,,,,,,Brandeis,BRANDEIS,1193-2055,False,,
2026-27,baseball,University Athletic Association (UAA),uaa,Brandeis,Andrew Tringe,Andrew,Tringe,,73,Andrew Tringe,0,0BRANDEIS,3,3,,,0,0,0,0,0,0,0,0,0,0,0,0,0,0,0,0,0,0,0,0,0,0,0,0.000,0,0,0,.000,.000,.000,1,1,0,0,0,5,0,0,0,2,1.000,5,1.000,11,1,3,1,1,0,1,0,0,0,16.2,6,5,7,18,2,0,0,2.70,57,69,1,3,0,0,2,0,0,5,.193,0,0,0,0,0,0,0,0,0,0,0,0,0,0,0,0,0,0,0,0,0,0,0,0,0,0,0,0,0,0,0,0,0,0,0,0,0,0,6,23,0,"6,13","3,20","0,2",0,"2,13",Brandeis,BRANDEIS,1193-1944,False,,
2026-27,baseball,University Athletic Association (UAA),uaa,Brandeis,Rohan Shah,Rohan,Shah,,73,Rohan Shah,0,0BRANDEIS,1,0,,,0,0,0,0,0,0,0,0,0,0,0,0,0,0,0,0,0,0,0,0,0,0,0,0.000,0,0,0,.000,.000,.000,0,0,0,0,0,0,0,0,0,0,0.000,0,.000,0,1,0,0,0,0,0,0,0,0,0.0,0,0,2,0,0,0,0,0.00,0,3,0,1,1,0,0,0,0,0,.000,0,0,0,0,0,0,0,0,0,0,0,0,0,0,0,0,0,0,0,0,0,0,0,0,0,0,0,0,0,0,0,0,0,0,0,0,0,0,0,0,0,0,0,0,0,0,Brandeis,BRANDEIS,1193-2065,False,,
2026-27,baseball,University Athletic Association (UAA),uaa,Brandeis,Kyle Murray,Kyle,Murray,,73,Kyle Murray,0,0BRANDEIS,1,1,,,3,1,0,0,0,0,0,0,0,1,1,0,0,0,0,0,0,0,0,0,0,0,0,0.250,0,4,0,.000,.000,.000,0,0,0,0,0,0,0,0,0,0,0.000,0,.000,,,,,,,,,,,,,,,,,,,,,,,,,,,,,,,0,0,2,0,"0,2",0,0,2,"0,3",0,0,3,"0,3",0,0,3,0,0,0,0,0,0,0,0,"1,1",0,"0,3",0,0,0,0,0,0,0,0,0,3,0,,,,,,,,,Brandeis,BRANDEIS,1193-1938,False,,
2026-27,baseball,University Athletic Association (UAA),uaa,Brandeis,Quinn Lanagan,Quinn,Lanagan,,73,Quinn Lanagan,0,0BRANDEIS,6,6,,,15,3,3,4,1,0,0,1,0,5,3,0,1,0,0,1,0,0,0,0,0,0,0,0.409,4,22,1,1.000,.200,.267,53,3,0,1,0,13,2,0,0,56,1.000,15,.867,,,,,,,,,,,,,,,,,,,,,,,,,,,,,,,2,1,6,2,"1,5",0.20,1,5,"2,8",0.25,2,8,"2,7",0.29,2,7,"0,2",0,0,2,0,0,0,0,"2,4","3,4","6,10",2,0,0,0,0,0,0,0,2,6,0,,,,,,,,,Brandeis,BRANDEIS,1193-2170,False,,
2026-27,baseball,University Athletic Association (UAA),uaa,Brandeis,Taki Chronopolous,Taki,Chronopolous,,73,Taki Chronopolous,0,0BRANDEIS,1,0,,,2,0,0,0,0,0,0,0,0,0,1,0,0,0,0,0,0,0,0,0,0,0,0,0.000,0,2,0,.000,.000,.000,0,0,0,0,0,0,0,0,0,0,0.000,0,.000,,,,,,,,,,,,,,,,,,,,,,,,,,,,,,,0,0,0,1,"0,1",0,0,1,0,0,0,0,0,0,0,0,0,0,0,0,0,0,0,0,"0,1",0,0,0,0,0,0,"0,1",0,0,1,0,0,0,,,,,,,,,Brandeis,BRANDEIS,1193-2172,False,,
2026-27,baseball,University Athletic Association (UAA),uaa,Brandeis,Brady Lane,Brady,Lane,,73,Brady Lane,0,0BRANDEIS,7,0,,,0,0,0,0,0,0,0,0,0,0,0,0,0,0,0,0,0,0,0,0,0,0,0,0.000,0,0,0,.000,.000,.000,1,2,2,0,0,2,0,0,0,5,.600,2,1.000,9,1,0,1,0,0,0,0,0,0,11.2,4,4,8,13,1,0,0,3.09,41,53,0,2,0,1,1,0,0,5,.220,0,0,0,0,0,0,0,0,0,0,0,0,0,0,0,0,0,0,0,0,0,0,0,0,0,0,0,0,0,0,0,0,0,0,0,0,0,0,15,6,0,"2,7","0,1","1,5",0,"0,1",Brandeis,BRANDEIS,1193-2061,False,,
2026-27,baseball,University Athletic Association (UAA),uaa,Brandeis,Kyle Yoon,Kyle,Yoon,,73,Kyle Yoon,0,0BRANDEIS,1,0,,,1,0,0,0,0,0,0,0,0,0,1,1,0,0,0,0,0,0,0,0,0,0,0,0.000,0,1,0,.000,.000,.000,0,0,0,0,0,0,0,0,0,0,0.000,0,.000,,,,,,,,,,,,,,,,,,,,,,,,,,,,,,,0,0,0,0,"0,1",0,0,1,"0,1",0,0,1,0,0,0,0,0,0,0,0,0,0,0,0,0,0,"0,1",0,0,0,0,0,0,0,0,0,1,0,,,,,,,,,Brandeis,BRANDEIS,1193-2069,False,,
2026-27,baseball,University Athletic Association (UAA),uaa,Brandeis,Cooper Brundige,Cooper,Brundige,,73,Cooper Brundige,0,0BRANDEIS,3,1,,,4,2,1,1,0,0,0,3,0,0,2,1,0,0,0,0,0,0,0,0,0,0,0,0.571,1,7,0,.000,.250,.250,3,5,0,0,0,0,0,1,0,8,1.000,0,.000,,,,,,,,,,,,,,,,,,,,,,,,,,,,,,,0,0,0,1,0,0,0,0,"1,2",0.50,1,2,"1,1",1.00,1,1,0,0,0,0,0,0,0,0,"1,1",0,"2,3",0,0,0,0,0,0,0,0,0,0,0,,,,,,,,,Brandeis,BRANDEIS,1193-2166,False,,
2026-27,baseball,University Athletic Association (UAA),uaa,Brandeis,Jack Sweeney,Jack,Sweeney,,73,Jack Sweeney,0,0BRANDEIS,8,0,,,0,0,0,0,0,0,0,0,0,0,0,0,0,0,0,0,0,0,0,0,0,0,0,0.000,0,0,0,.000,.000,.000,1,2,1,0,0,5,0,0,0,4,.750,5,1.000,5,1,0,0,2,1,0,0,0,0,10.1,4,3,7,14,0,0,0,2.61,36,46,3,2,0,0,1,0,1,5,.139,0,0,0,0,0,0,0,0,0,0,0,0,0,0,0,0,0,0,0,0,0,0,0,0,0,0,0,0,0,0,0,0,0,0,0,0,0,0,7,10,0,"0,2","1,6","1,3",0,"2,6",Brandeis,BRANDEIS,1193-2066,False,,
2026-27,baseball,University Athletic Association (UAA),uaa,Brandeis,Cooper Gavin,Cooper,Gavin,,73,Cooper Gavin,0,0BRANDEIS,6,1,,,0,0,0,0,0,0,0,0,0,0,0,0,0,0,0,0,0,0,0,0,0,0,0,0.000,0,0,0,.000,.000,.000,0,2,1,0,0,1,0,0,0,3,.667,1,1.000,12,1,1,0,0,0,0,0,0,0,6.0,11,11,4,10,3,1,2,16.50,30,34,0,0,0,0,0,0,0,2,.400,0,0,0,0,0,0,0,0,0,0,0,0,0,0,0,0,0,0,0,0,0,0,0,0,0,0,0,0,0,0,0,0,0,0,0,0,0,0,3,4,1,"3,4","5,12","6,7",0,"1,6",Brandeis,BRANDEIS,1193-1712,False,,
2026-27,baseball,University Athletic Association (UAA),uaa,Brandeis,John Milewski,John,Milewski,,73,John Milewski,0,0BRANDEIS,2,2,,,0,0,0,0,0,0,0,0,0,0,0,0,0,0,0,0,0,0,0,0,0,0,0,0.000,0,0,0,.000,.000,.000,1,1,0,0,0,2,0,0,0,2,1.000,2,1.000,6,1,2,0,0,0,0,0,0,0,6.1,4,4,4,6,2,0,0,5.68,23,30,2,2,0,0,1,0,0,2,.261,0,0,0,0,0,0,0,0,0,0,0,0,0,0,0,0,0,0,0,0,0,0,0,0,0,0,0,0,0,0,0,0,0,0,0,0,0,0,7,5,0,"0,2","2,4",0,0,"0,1",Brandeis,BRANDEIS,1193-2186,False,,
2026-27,baseball,University Athletic Association (UAA),uaa,Brandeis,Jacob Maurer,Jacob,Maurer,,73,Jacob Maurer,0,0BRANDEIS,3,2,,,0,0,0,0,0,0,0,0,0,0,0,0,0,0,0,0,0,0,0,0,0,0,0,0.000,0,0,0,.000,.000,.000,1,5,0,0,0,2,2,0,0,6,1.000,4,.500,12,1,2,1,1,0,0,0,0,0,12.0,7,7,5,16,3,0,1,5.25,45,55,1,4,0,0,1,0,0,2,.267,0,0,0,0,0,0,0,0,0,0,0,0,0,0,0,0,0,0,0,0,0,0,0,0,0,0,0,0,0,0,0,0,0,0,0,0,0,0,7,11,0,"4,14","6,17","3,5",0,"5,16",Brandeis,BRANDEIS,1193-2176,False,,
2026-27,baseball,University Athletic Association (UAA),uaa,Brandeis,Colby Harrington,Colby,Harrington,,73,Colby Harrington,0,0BRANDEIS,4,1,,,8,1,4,2,0,1,0,1,0,0,3,1,0,0,0,0,0,0,0,0,0,0,0,0.556,6,9,0,.000,.500,.750,1,0,0,0,0,0,0,0,0,1,1.000,0,.000,,,,,,,,,,,,,,,,,,,,,,,,,,,,,,,0,0,0,1,"1,2",0.50,1,2,"2,5",0.40,2,5,"2,4",0.50,2,4,"1,2",0.50,1,2,0,0,0,0,"2,2","0,3","2,5",4,0,0,0,16,0,0,0,0,1,0,,,,,,,,,Brandeis,BRANDEIS,1193-2057,False,,
2026-27,baseball,University Athletic Association (UAA),uaa,Brandeis,Malcolm Hsu,Malcolm,Hsu,,73,Malcolm Hsu,0,0BRANDEIS,2,0,,,0,0,0,0,0,0,0,0,0,0,0,0,0,0,0,0,0,0,0,0,0,0,0,0.000,0,0,0,.000,.000,.000,0,0,0,0,0,0,0,0,0,0,0.000,0,.000,0,1,0,0,0,0,0,0,0,0,2.2,1,1,4,6,0,0,0,3.37,8,12,0,0,0,0,0,0,0,1,.000,0,0,0,0,0,0,0,0,0,0,0,0,0,0,0,0,0,0,0,0,0,0,0,0,0,0,0,0,0,0,0,0,0,0,0,0,0,0,1,1,0,"1,3","0,6","0,1",0,"0,2",Brandeis,BRANDEIS,1193-2177,False,,
2026-27,baseball,University Athletic Association (UAA),uaa,Brandeis,Brady Ross,Brady,Ross,,73,Brady Ross,0,0BRANDEIS,2,1,,,2,1,1,2,0,0,0,2,0,0,0,0,0,0,0,0,0,0,0,1,0,1,0,0.750,1,4,0,.000,.500,.500,6,0,0,0,0,0,0,0,0,6,1.000,0,.000,2,1,0,0,0,0,0,0,0,0,0.1,3,3,1,0,0,0,1,81.00,3,5,0,1,0,0,0,0,0,0,.667,0,0,1,0,"1,1",1.00,1,1,"1,2",0.50,1,2,"1,1",1.00,1,1,0,0,0,0,0,0,0,0,0,0,"2,3","1,1",1.00,1,1,0,0,0,0,0,0,0,1,0,0,0,"2,2","0,1",0,0,Brandeis,BRANDEIS,1193-2173,False,,
2026-27,baseball,University Athletic Association (UAA),uaa,Brandeis,Carson Cho,Carson,Cho,,73,Carson Cho,0,0BRANDEIS,1,1,,,3,2,1,1,0,0,1,1,0,0,0,0,1,0,0,0,0,0,0,0,0,0,0,0.500,4,4,1,1.000,.333,1.333,2,2,0,0,0,0,0,1,0,4,1.000,0,.000,,,,,,,,,,,,,,,,,,,,,,,,,,,,,,,0,0,1,1,"0,1",0,0,1,"0,1",0,0,1,0,0,0,0,0,0,0,0,0,0,0,0,"1,2",0,"0,1",0,0,0,0,0,0,0,0,0,1,0,,,,,,,,,Brandeis,BRANDEIS,0,False,,
2026-27,baseball,University Athletic Association (UAA),uaa,Case Western Reserve,"O'Connor, James",James,O'Connor,,122,"O'Connor, James",0,0CWRU,18,14,,,66,15,18,15,4,2,0,6,0,0,23,7,3,0,0,1,0,0,0,1,0,1,0,0.329,26,73,3,1.000,.273,.394,11,18,1,0,0,0,0,2,0,30,.967,0,.000,,,,,,,,,,,,,,,,,,,,,,,,,,,,,,,1,0,14,11,"6,19",0.32,6,19,"13,37",0.35,13,37,"9,27",0.33,9,27,"1,5",0.20,1,5,"0,4",0,0,4,"4,19","8,9","21,39",23,0,0,0,2,0,0,0,11,11,0,,,,,,,,,Case Western Reserve,CWRU,1195-3628,False,,
2026-27,baseball,University Athletic Association (UAA),uaa,Case Western Reserve,"Westrick, Eli",Eli,Westrick,,122,"Westrick, Eli",0,0CWRU,16,13,,,49,15,20,5,5,2,0,8,0,1,3,1,6,3,0,0,0,0,0,2,0,2,0,0.500,29,58,9,.667,.408,.592,47,12,2,0,0,0,0,3,0,61,.967,0,.000,,,,,,,,,,,,,,,,,,,,,,,,,,,,,,,2,2,14,9,"8,16",0.50,8,16,"10,29",0.34,10,29,"7,22",0.32,7,22,"1,2",0.50,1,2,"0,5",0,0,5,"7,13","1,1","15,30",1,0,0,0,34,0,0,0,3,16,0,,,,,,,,,Case Western Reserve,CWRU,1195-3633,False,,
2026-27,baseball,University Athletic Association (UAA),uaa,Case Western Reserve,"Stillson, Tyler",Tyler,Stillson,,122,"Stillson, Tyler",0,0CWRU,19,19,,,77,16,28,16,9,1,2,8,1,4,5,2,2,1,0,1,0,0,0,2,1,3,0,0.444,45,90,3,.667,.364,.584,17,6,1,0,0,0,3,3,0,24,.958,3,.000,25,1,5,4,0,0,1,0,0,0,33.0,7,6,5,47,6,0,1,1.64,121,129,2,2,0,0,1,0,0,15,.207,1,2,20,24,"8,28",0.29,8,28,"15,42",0.36,15,42,"10,34",0.29,10,34,"1,5",0.20,1,5,"2,5",0.40,2,5,"6,11","8,10","26,49",0,0,0,0,0,0,0,0,3,23,0,27,21,0,"9,29","7,45","5,27",0,"9,39",Case Western Reserve,CWRU,1195-3306,False,,
2026-27,baseball,University Athletic Association (UAA),uaa,Case Western Reserve,"Trout, Matt",Matt,Trout,,122,"Trout, Matt",0,0CWRU,18,18,,,66,11,20,11,5,3,0,2,0,2,9,2,3,1,0,1,0,0,0,0,1,1,0,0.338,31,71,4,.750,.303,.470,23,1,1,0,0,0,0,0,0,25,.960,0,.000,,,,,,,,,,,,,,,,,,,,,,,,,,,,,,,2,3,9,27,"7,21",0.33,7,21,"14,40",0.35,14,40,"9,24",0.38,9,24,"3,7",0.43,3,7,"1,4",0.25,1,4,"2,14","3,7","19,42",12,0,0,0,0,0,0,0,6,15,0,,,,,,,,,Case Western Reserve,CWRU,1195-2970,False,,
2026-27,baseball,University Athletic Association (UAA),uaa,Case Western Reserve,"Harris, Jasiah",Jasiah,Harris,,122,"Harris, Jasiah",0,0CWRU,17,17,,,61,7,14,12,3,0,0,9,0,0,13,5,7,1,1,0,0,0,0,2,2,2,0,0.329,17,71,8,.875,.230,.279,45,0,2,0,0,0,0,0,0,47,.957,0,.000,,,,,,,,,,,,,,,,,,,,,,,,,,,,,,,2,1,19,14,"6,25",0.24,6,25,"9,33",0.27,9,33,"8,24",0.33,8,24,"0,4",0,0,4,"1,3",0.33,1,3,"7,17","4,4","21,38",3,0,0,0,0,0,0,0,11,21,0,,,,,,,,,Case Western Reserve,CWRU,1195-2964,False,,
2026-27,baseball,University Athletic Association (UAA),uaa,Case Western Reserve,"Pool, Collin",Collin,Pool,,122,"Pool, Collin",0,0CWRU,14,13,,,38,5,15,12,2,0,1,8,0,2,9,2,2,3,0,2,0,0,0,0,0,1,0,0.500,20,50,5,.400,.395,.526,94,16,3,2,0,14,11,1,0,113,.973,25,.560,,,,,,,,,,,,,,,,,,,,,,,,,,,,,,,1,1,8,7,"6,15",0.40,6,15,"8,20",0.40,8,20,"8,17",0.47,8,17,"2,5",0.40,2,5,"1,2",0.50,1,2,"8,11","5,5","15,26",0,0,0,0,0,0,0,0,7,10,0,,,,,,,,,Case Western Reserve,CWRU,1195-3630,False,,
2026-27,baseball,University Athletic Association (UAA),uaa,Case Western Reserve,"Gelle, Calvin",Calvin,Gelle,,122,"Gelle, Calvin",0,0CWRU,18,17,,,59,15,19,10,3,1,0,11,0,5,3,0,1,0,0,0,0,0,0,1,1,2,0,0.467,24,75,1,1.000,.322,.407,13,26,6,0,0,0,0,2,0,45,.867,0,.000,,,,,,,,,,,,,,,,,,,,,,,,,,,,,,,3,2,19,14,"8,17",0.47,8,17,"13,30",0.43,13,30,"5,13",0.38,5,13,"3,4",0.75,3,4,"3,5",0.60,3,5,"10,21","3,3","23,34",0,0,0,0,0,0,0,0,8,10,0,,,,,,,,,Case Western Reserve,CWRU,1195-3430,False,,
2026-27,baseball,University Athletic Association (UAA),uaa,Case Western Reserve,"Downs, Thomas",Thomas,Downs,,122,"Downs, Thomas",0,0CWRU,7,5,,,15,2,3,1,2,0,0,2,0,1,4,3,0,0,0,0,0,0,0,0,0,0,0,0.333,5,18,0,.000,.200,.333,4,0,0,0,0,0,0,0,0,4,1.000,0,.000,,,,,,,,,,,,,,,,,,,,,,,,,,,,,,,0,2,4,4,"0,4",0,0,4,"1,9",0.11,1,9,"0,7",0,0,7,"0,2",0,0,2,0,0,0,0,"2,4","1,3","7,11",0,0,0,0,0,0,0,0,2,3,0,,,,,,,,,Case Western Reserve,CWRU,1195-2962,False,,
2026-27,baseball,University Athletic Association (UAA),uaa,Case Western Reserve,"Sledge, Elijah",Elijah,Sledge,,122,"Sledge, Elijah",0,0CWRU,16,2,,,20,7,6,2,0,0,0,0,0,0,5,3,4,1,1,1,0,0,0,0,0,0,0,0.286,6,22,5,.800,.300,.300,10,0,0,0,0,0,0,0,0,10,1.000,0,.000,,,,,,,,,,,,,,,,,,,,,,,,,,,,,,,1,1,5,4,"3,11",0.27,3,11,"4,9",0.44,4,9,"2,4",0.50,2,4,"0,2",0,0,2,"0,0",0,0,0,"1,3","2,2","6,11",0,0,0,0,14,0,0,0,1,5,0,,,,,,,,,Case Western Reserve,CWRU,1195-3631,False,,
2026-27,baseball,University Athletic Association (UAA),uaa,Case Western Reserve,"Arterburn, Nate",Nate,Arterburn,,122,"Arterburn, Nate",0,0CWRU,19,19,,,60,9,17,5,4,0,0,9,0,1,10,5,4,0,3,1,0,0,0,1,0,3,0,0.380,21,74,4,1.000,.283,.350,33,55,3,0,0,0,0,6,0,91,.967,0,.000,,,,,,,,,,,,,,,,,,,,,,,,,,,,,,,0,5,23,13,"5,17",0.29,5,17,"10,30",0.33,10,30,"2,17",0.12,2,17,"1,4",0.25,1,4,"4,4",1.00,4,4,"2,13","2,3","21,36",2,0,0,0,0,0,0,0,15,5,0,,,,,,,,,Case Western Reserve,CWRU,1195-3298,False,,
2026-27,baseball,University Athletic Association (UAA),uaa,Case Western Reserve,"Saunders, Quinn",Quinn,Saunders,,122,"Saunders, Quinn",0,0CWRU,4,2,,,0,0,0,0,0,0,0,0,0,0,0,0,0,0,0,0,0,0,0,0,0,0,0,0.000,0,0,0,.000,.000,.000,1,0,1,0,0,0,0,0,0,2,.500,0,.000,7,1,2,0,0,0,0,0,0,0,4.0,17,16,14,2,3,0,0,36.00,18,33,6,1,0,0,0,0,0,1,.389,0,0,0,0,0,0,0,0,0,0,0,0,0,0,0,0,0,0,0,0,0,0,0,0,0,0,0,0,0,0,0,0,0,0,0,0,0,0,2,7,0,"2,4","0,1",0,0,"5,8",Case Western Reserve,CWRU,1195-3304,False,,
2026-27,baseball,University Athletic Association (UAA),uaa,Case Western Reserve,"Stankowski, Archer",Archer,Stankowski,,122,"Stankowski, Archer",0,0CWRU,5,2,,,0,0,0,0,0,0,0,0,0,0,0,0,0,0,0,0,0,0,0,0,0,0,0,0.000,0,0,0,.000,.000,.000,1,2,2,0,0,3,4,0,0,5,.600,7,.429,21,1,2,2,0,0,0,0,0,0,18.1,10,9,4,14,5,0,0,4.42,69,84,3,9,0,1,1,0,0,7,.304,0,0,0,0,0,0,0,0,0,0,0,0,0,0,0,0,0,0,0,0,0,0,0,0,0,0,0,0,0,0,0,0,0,0,0,0,0,0,14,21,0,"3,5","2,12",0,0,"0,3",Case Western Reserve,CWRU,1195-2969,False,,
2026-27,baseball,University Athletic Association (UAA),uaa,Case Western Reserve,"Shetty, Ayush",Ayush,Shetty,,122,"Shetty, Ayush",0,0CWRU,6,0,,,0,0,0,0,0,0,0,0,0,0,0,0,0,0,0,0,0,0,0,0,0,0,0,0.000,0,0,0,.000,.000,.000,0,0,2,0,0,1,0,0,0,2,.000,1,1.000,14,1,0,2,0,1,0,0,0,0,12.0,6,4,5,16,2,1,0,3.00,50,56,0,1,0,0,0,0,0,5,.280,0,0,0,0,0,0,0,0,0,0,0,0,0,0,0,0,0,0,0,0,0,0,0,0,0,0,0,0,0,0,0,0,0,0,0,0,0,0,15,5,0,"1,4","3,12",0,0,"1,6",Case Western Reserve,CWRU,1195-3442,False,,
2026-27,baseball,University Athletic Association (UAA),uaa,Case Western Reserve,"Barnes, Zach",Zach,Barnes,,122,"Barnes, Zach",0,0CWRU,5,0,,,0,0,0,0,0,0,0,0,0,0,0,0,0,0,0,0,0,0,0,0,0,0,0,0.000,0,0,0,.000,.000,.000,3,4,0,0,0,0,0,1,0,7,1.000,0,.000,16,1,0,0,1,1,0,0,0,0,14.1,9,7,7,16,0,0,1,4.40,57,72,2,5,0,0,3,0,0,7,.281,0,0,0,0,0,0,0,0,0,0,0,0,0,0,0,0,0,0,0,0,0,0,0,0,0,0,0,0,0,0,0,0,0,0,0,0,0,0,10,17,0,"6,15","10,33","1,8",0,"8,23",Case Western Reserve,CWRU,1195-3301,False,,
2026-27,baseball,University Athletic Association (UAA),uaa,Case Western Reserve,"Colgrove, Eric",Eric,Colgrove,,122,"Colgrove, Eric",0,0CWRU,4,2,,,0,0,0,0,0,0,0,0,0,0,0,0,0,0,0,0,0,0,0,0,0,0,0,0.000,0,0,0,.000,.000,.000,0,3,0,0,0,2,3,0,0,3,1.000,5,.400,15,1,2,0,1,0,0,0,0,0,13.2,12,12,10,5,1,0,1,7.90,53,73,1,10,0,0,0,0,0,1,.283,0,0,0,0,0,0,0,0,0,0,0,0,0,0,0,0,0,0,0,0,0,0,0,0,0,0,0,0,0,0,0,0,0,0,0,0,0,0,14,19,0,"6,12","8,26","4,9",0,"5,14",Case Western Reserve,CWRU,1195-3427,False,,
2026-27,baseball,University Athletic Association (UAA),uaa,Case Western Reserve,"Donahue, Sean",Sean,Donahue,,122,"Donahue, Sean",0,0CWRU,11,9,,,40,6,11,4,2,1,1,1,0,0,11,2,3,0,0,0,0,0,0,1,0,1,0,0.293,18,41,3,1.000,.275,.450,75,7,0,1,0,0,3,0,0,82,1.000,3,.000,,,,,,,,,,,,,,,,,,,,,,,,,,,,,,,3,1,7,8,"2,10",0.20,2,10,"3,13",0.23,3,13,"1,8",0.13,1,8,"1,4",0.25,1,4,"0,1",0,0,1,"4,10","1,3","7,13",0,0,0,0,47,0,0,0,4,3,0,,,,,,,,,Case Western Reserve,CWRU,1195-2961,False,,
2026-27,baseball,University Athletic Association (UAA),uaa,Case Western Reserve,"Garbincus, Evan",Evan,Garbincus,,122,"Garbincus, Evan",0,0CWRU,9,2,,,14,1,2,1,1,0,0,0,0,0,4,0,0,0,0,0,0,0,0,0,0,0,0,0.143,3,14,0,.000,.143,.214,6,0,0,0,0,0,0,0,0,6,1.000,0,.000,,,,,,,,,,,,,,,,,,,,,,,,,,,,,,,0,0,3,5,"0,2",0,0,2,"1,9",0.11,1,9,"0,7",0,0,7,"0,0",0,0,0,"0,0",0,0,0,"1,4","1,2","2,9",0,0,0,0,39,0,0,0,1,4,0,,,,,,,,,Case Western Reserve,CWRU,1195-3429,False,,
2026-27,baseball,University Athletic Association (UAA),uaa,Case Western Reserve,"Griffith, Charlie",Charlie,Griffith,,122,"Griffith, Charlie",0,0CWRU,5,5,,,0,0,0,0,0,0,0,0,0,0,0,0,0,0,0,0,0,0,0,0,0,0,0,0.000,0,0,0,.000,.000,.000,0,7,1,0,0,0,2,0,0,8,.875,2,.000,27,1,5,1,2,0,0,0,0,0,21.2,14,10,11,23,6,0,2,4.15,85,101,0,0,0,3,2,0,1,5,.318,0,0,0,0,0,0,0,0,0,0,0,0,0,0,0,0,0,0,0,0,0,0,0,0,0,0,0,0,0,0,0,0,0,0,0,0,0,0,14,21,0,"6,7","5,15","0,0","10,26","0,5",Case Western Reserve,CWRU,1195-3432,False,,
2026-27,baseball,University Athletic Association (UAA),uaa,Case Western Reserve,"Hughes, Cody",Cody,Hughes,,122,"Hughes, Cody",0,0CWRU,7,2,,,0,0,0,0,0,0,0,0,0,0,0,0,0,0,0,0,0,0,0,0,0,0,0,0.000,0,0,0,.000,.000,.000,0,1,0,0,0,1,0,0,0,1,1.000,1,1.000,12,1,2,0,3,0,0,0,0,0,9.0,10,7,8,7,3,0,0,7.00,40,50,4,2,0,0,0,0,0,5,.300,0,0,0,0,0,0,0,0,0,0,0,0,0,0,0,0,0,0,0,0,0,0,0,0,0,0,0,0,0,0,0,0,0,0,0,0,0,0,9,11,0,"1,3","3,6","1,1",0,"2,5",Case Western Reserve,CWRU,1195-3433,False,,
2026-27,baseball,University Athletic Association (UAA),uaa,Case Western Reserve,"Knutson, Jaxon",Jaxon,Knutson,,122,"Knutson, Jaxon",0,0CWRU,10,4,,,16,4,4,2,0,0,1,4,0,0,4,2,0,0,0,0,0,0,0,1,0,1,0,0.400,7,20,0,.000,.250,.438,6,10,2,0,0,0,0,3,0,18,.889,0,.000,,,,,,,,,,,,,,,,,,,,,,,,,,,,,,,0,0,3,5,"0,5",0,0,5,"2,11",0.18,2,11,"1,9",0.11,1,9,"0,0",0,0,0,"0,0",0,0,0,"0,1","0,4","2,11",0,0,0,0,4,0,0,0,0,10,0,,,,,,,,,Case Western Reserve,CWRU,1195-3624,False,,
2026-27,baseball,University Athletic Association (UAA),uaa,Case Western Reserve,"Manz, Emilio",Emilio,Manz,,122,"Manz, Emilio",0,0CWRU,2,0,,,3,1,1,0,0,0,0,0,0,0,1,0,0,0,0,0,0,0,0,0,0,0,0,0.333,1,3,0,.000,.333,.333,3,1,0,0,0,0,0,0,0,4,1.000,0,.000,,,,,,,,,,,,,,,,,,,,,,,,,,,,,,,0,0,1,0,0,0,0,0,"1,3",0.33,1,3,0,0,0,0,0,0,0,0,0,0,0,0,0,0,"2,3",0,0,0,0,"1,1",1.00,1,1,1,0,0,,,,,,,,,Case Western Reserve,CWRU,1195-3626,False,,
2026-27,baseball,University Athletic Association (UAA),uaa,Case Western Reserve,"Matula, Carson",Carson,Matula,,122,"Matula, Carson",0,0CWRU,6,1,,,6,1,0,1,0,0,0,1,0,0,2,2,0,0,0,0,0,0,0,0,0,0,0,0.143,0,7,0,.000,.000,.000,1,3,2,0,0,0,0,0,0,6,.667,0,.000,,,,,,,,,,,,,,,,,,,,,,,,,,,,,,,0,0,1,3,"0,2",0,0,2,"0,1",0,0,1,"0,1",0,0,1,"0,2",0,0,2,0,0,0,0,"0,3","1,1","1,2",0,0,0,0,0,0,0,0,0,2,0,,,,,,,,,Case Western Reserve,CWRU,1195-3627,False,,
2026-27,baseball,University Athletic Association (UAA),uaa,Case Western Reserve,"Millman, Jack",Jack,Millman,,122,"Millman, Jack",0,0CWRU,5,0,,,0,0,0,0,0,0,0,0,0,0,0,0,0,0,0,0,0,0,0,0,0,0,0,0.000,0,0,0,.000,.000,.000,1,0,3,0,0,2,0,0,0,4,.250,2,1.000,4,1,0,0,0,0,0,0,0,0,6.1,9,5,3,4,1,0,0,7.11,25,35,1,5,2,0,2,0,0,0,.160,0,0,0,0,0,0,0,0,0,0,0,0,0,0,0,0,0,0,0,0,0,0,0,0,0,0,0,0,0,0,0,0,0,0,0,0,0,0,8,7,0,"3,4","1,11","1,2",0,"0,5",Case Western Reserve,CWRU,1195-3435,False,,
2026-27,baseball,University Athletic Association (UAA),uaa,Case Western Reserve,"Montemore, Jacob",Jacob,Montemore,,122,"Montemore, Jacob",0,0CWRU,4,1,,,0,0,0,0,0,0,0,0,0,0,0,0,0,0,0,0,0,0,0,0,0,0,0,0.000,0,0,0,.000,.000,.000,0,4,1,0,0,0,0,0,0,5,.800,0,.000,14,1,1,0,0,0,0,0,0,0,9.0,12,10,10,8,5,2,0,10.00,40,53,5,2,0,0,1,0,0,6,.350,0,0,0,0,0,0,0,0,0,0,0,0,0,0,0,0,0,0,0,0,0,0,0,0,0,0,0,0,0,0,0,0,0,0,0,0,0,0,8,11,0,"1,4","3,12","1,3",0,"3,7",Case Western Reserve,CWRU,1195-3436,False,,
2026-27,baseball,University Athletic Association (UAA),uaa,Case Western Reserve,"O'Donnell, Coleman",Coleman,O'Donnell,,122,"O'Donnell, Coleman",0,0CWRU,3,0,,,0,0,0,0,0,0,0,0,0,0,0,0,0,0,0,0,0,0,0,0,0,0,0,0.000,0,0,0,.000,.000,.000,0,2,0,0,0,0,0,0,0,2,1.000,0,.000,3,1,0,0,0,0,0,0,0,0,2.2,6,6,7,0,0,0,0,20.25,5,17,3,2,0,3,0,0,0,0,.600,0,0,0,0,0,0,0,0,0,0,0,0,0,0,0,0,0,0,0,0,0,0,0,0,0,0,0,0,0,0,0,0,0,0,0,0,0,0,4,1,2,"2,2","1,3","0,1",0,"0,1",Case Western Reserve,CWRU,1195-3629,False,,
2026-27,baseball,University Athletic Association (UAA),uaa,Case Western Reserve,"Miller, Oliver",Oliver,Miller,,122,"Miller, Oliver",0,0CWRU,5,0,,,0,0,0,0,0,0,0,0,0,0,0,0,0,0,0,0,0,0,0,0,0,0,0,0.000,0,0,0,.000,.000,.000,1,1,0,0,0,0,0,0,0,2,1.000,0,.000,9,1,0,1,0,0,0,0,0,1,8.0,6,5,3,9,2,0,0,5.63,33,38,3,2,0,0,0,0,0,3,.273,0,0,0,0,0,0,0,0,0,0,0,0,0,0,0,0,0,0,0,0,0,0,0,0,0,0,0,0,0,0,0,0,0,0,0,0,0,0,4,11,0,"0,1","2,7","0,0","2,8","1,3",Case Western Reserve,CWRU,1195-3434,False,,
2026-27,baseball,University Athletic Association (UAA),uaa,Case Western Reserve,"Radinsky, Jeff",Jeff,Radinsky,,122,"Radinsky, Jeff",0,0CWRU,6,0,,,0,0,0,0,0,0,0,0,0,0,0,0,0,0,0,0,0,0,0,0,0,0,0,0.000,0,0,0,.000,.000,.000,0,3,0,0,0,0,3,0,0,3,1.000,3,.000,4,1,0,1,1,1,0,0,0,0,12.0,1,1,6,19,1,0,0,0.75,37,44,3,0,0,0,1,0,0,7,.108,0,0,0,0,0,0,0,0,0,0,0,0,0,0,0,0,0,0,0,0,0,0,0,0,0,0,0,0,0,0,0,0,0,0,0,0,0,0,11,3,0,"2,7","2,17","1,5",0,"2,11",Case Western Reserve,CWRU,1195-3440,False,,
2026-27,baseball,University Athletic Association (UAA),uaa,Case Western Reserve,"Sabo, Anton",Anton,Sabo,,122,"Sabo, Anton",0,0CWRU,3,0,,,0,0,0,0,0,0,0,0,0,0,0,0,0,0,0,0,0,0,0,0,0,0,0,0.000,0,0,0,.000,.000,.000,0,0,0,0,0,3,0,0,0,0,0.000,3,1.000,2,1,0,0,0,0,0,0,0,0,2.1,0,0,1,4,0,0,0,0.00,9,11,0,1,0,0,0,0,0,2,.222,0,0,0,0,0,0,0,0,0,0,0,0,0,0,0,0,0,0,0,0,0,0,0,0,0,0,0,0,0,0,0,0,0,0,0,0,0,0,1,2,0,"0,1","0,1","1,1",0,"1,2",Case Western Reserve,CWRU,1195-3441,False,,
2026-27,baseball,University Athletic Association (UAA),uaa,Case Western Reserve,"Greer, Tucker",Tucker,Greer,,122,"Greer, Tucker",0,0CWRU,16,14,,,51,4,13,8,5,1,0,7,0,2,8,2,1,0,0,0,0,0,0,0,1,0,0,0.367,20,60,1,1.000,.255,.392,86,1,1,0,0,0,0,4,0,88,.989,0,.000,,,,,,,,,,,,,,,,,,,,,,,,,,,,,,,2,3,11,15,"3,15",0.20,3,15,"7,24",0.29,7,24,"7,16",0.44,7,16,"0,3",0,0,3,"1,2",0.50,1,2,"3,12","3,4","16,27",1,0,0,0,55,0,0,0,2,13,0,,,,,,,,,Case Western Reserve,CWRU,1195-3623,False,,
2026-27,baseball,University Athletic Association (UAA),uaa,Case Western Reserve,"Very, James",James,Very,,122,"Very, James",0,0CWRU,1,0,,,1,0,0,0,0,0,0,0,0,0,0,0,0,0,0,0,0,0,0,0,0,0,0,0.000,0,1,0,.000,.000,.000,0,0,0,0,0,0,0,0,0,0,0.000,0,.000,,,,,,,,,,,,,,,,,,,,,,,,,,,,,,,0,1,1,0,0,0,0,0,"0,1",0,0,1,"0,1",0,0,1,0,0,0,0,0,0,0,0,0,0,"1,1",0,0,0,0,"0,1",0,0,1,0,0,0,,,,,,,,,Case Western Reserve,CWRU,1195-3632,False,,
2026-27,baseball,University Athletic Association (UAA),uaa,Case Western Reserve,"Walker, Carson",Carson,Walker,,122,"Walker, Carson",0,0CWRU,5,0,,,7,0,2,0,0,0,0,0,0,1,5,0,0,0,0,0,0,0,0,0,0,0,0,0.375,2,8,0,.000,.286,.286,13,0,0,0,0,0,0,0,0,13,1.000,0,.000,,,,,,,,,,,,,,,,,,,,,,,,,,,,,,,0,0,0,0,"0,1",0,0,1,"0,3",0,0,3,"0,3",0,0,3,"0,2",0,0,2,0,0,0,0,"1,3","0,2","0,3",0,0,0,0,3,0,0,0,0,2,0,,,,,,,,,Case Western Reserve,CWRU,1195-3302,False,,
2026-27,baseball,University Athletic Association (UAA),uaa,Case Western Reserve,"White, Cole",Cole,White,,122,"White, Cole",0,0CWRU,9,4,,,20,2,4,1,0,0,0,3,0,0,2,0,3,0,0,0,0,0,0,1,1,1,0,0.304,4,23,3,1.000,.200,.200,9,0,0,0,0,0,0,0,0,9,1.000,0,.000,,,,,,,,,,,,,,,,,,,,,,,,,,,,,,,0,3,6,7,"0,8",0,0,8,"0,10",0,0,10,"0,9",0,0,9,"1,3",0.33,1,3,0,0,0,0,"4,6","1,4","5,12",13,0,0,0,1,0,0,0,2,10,0,,,,,,,,,Case Western Reserve,CWRU,1195-3634,False,,
2026-27,baseball,University Athletic Association (UAA),uaa,Case Western Reserve,Malady Takeshi,Malady,Takeshi,,122,Malady Takeshi,0,0CWRU,1,0,,,0,0,0,0,0,0,0,0,0,0,0,0,0,0,0,0,0,0,0,0,0,0,0,0.000,0,0,0,.000,.000,.000,0,0,0,0,0,0,0,0,0,0,0.000,0,.000,1,1,0,0,0,0,0,0,0,0,1.1,4,4,3,0,0,0,0,27.00,3,9,1,2,0,1,0,0,0,0,.333,0,0,0,0,0,0,0,0,0,0,0,0,0,0,0,0,0,0,0,0,0,0,0,0,0,0,0,0,0,0,0,0,0,0,0,0,0,0,2,1,0,0,0,0,0,0,Case Western Reserve,CWRU,1195-3625,False,,
2026-27,baseball,University Athletic Association (UAA),uaa,Emory,Jake Lawson,Jake,Lawson,,217,Jake Lawson,0,0EUM,18,18,,,76,26,27,10,8,2,1,11,1,6,6,1,7,1,2,0,0,0,0,0,1,2,0,0.473,42,95,8,.875,.355,.553,53,0,0,0,0,0,0,0,0,53,1.000,0,.000,,,,,,,,,,,,,,,,,,,,,,,,,,,,,,,5,9,26,13,"6,22",0.27,6,22,"14,39",0.36,14,39,"9,28",0.32,9,28,"1,9",0.11,1,9,0,0,0,0,"17,29","4,9","28,45",25,0,0,0,0,0,0,0,4,16,0,,,,,,,,,Emory,EUM,1197-3092,False,,
2026-27,baseball,University Athletic Association (UAA),uaa,Emory,Zach Hanson,Zach,Hanson,,217,Zach Hanson,0,0EUM,18,18,,,68,20,22,16,5,0,0,17,0,4,15,6,2,1,3,1,0,0,0,1,0,1,0,0.478,27,93,3,.667,.324,.397,25,60,14,0,0,0,0,5,0,99,.859,0,.000,,,,,,,,,,,,,,,,,,,,,,,,,,,,,,,2,1,18,16,"2,18",0.11,2,18,"13,45",0.29,13,45,"10,33",0.30,10,33,"2,8",0.25,2,8,0,0,0,0,"9,15","10,18","27,55",28,0,0,0,0,0,0,0,6,28,0,,,,,,,,,Emory,EUM,1197-3090,False,,
2026-27,baseball,University Athletic Association (UAA),uaa,Emory,Aidan Conley,Aidan,Conley,,217,Aidan Conley,0,0EUM,7,7,,,27,3,8,7,4,1,1,1,0,0,5,4,0,0,0,0,0,0,0,1,0,1,0,0.321,17,28,0,.000,.296,.630,3,15,4,0,0,0,0,2,0,22,.818,0,.000,,,,,,,,,,,,,,,,,,,,,,,,,,,,,,,0,0,7,7,"2,6",0.33,2,6,"4,16",0.25,4,16,"3,7",0.43,3,7,"1,3",0.33,1,3,0,0,0,0,"2,5","3,4","7,17",44,0,0,0,0,0,0,0,2,2,0,,,,,,,,,Emory,EUM,1197-3088,False,,
2026-27,baseball,University Athletic Association (UAA),uaa,Emory,Mark Serdinak,Mark,Serdinak,,217,Mark Serdinak,0,0EUM,15,14,,,50,7,11,7,2,0,0,6,0,1,15,6,0,0,0,2,0,0,0,2,0,2,0,0.305,13,59,0,.000,.220,.260,13,2,0,0,0,0,0,0,0,15,1.000,0,.000,,,,,,,,,,,,,,,,,,,,,,,,,,,,,,,2,1,12,13,"2,15",0.13,2,15,"9,30",0.30,9,30,"5,21",0.24,5,21,"2,7",0.29,2,7,0,0,0,0,"4,10","5,7","15,34","1,2",0.50,1,2,"0,1",0,0,1,3,13,0,,,,,,,,,Emory,EUM,1197-3556,False,,
2026-27,baseball,University Athletic Association (UAA),uaa,Emory,Dalton Needle,Dalton,Needle,,217,Dalton Needle,0,0EUM,17,17,,,60,17,15,11,2,1,1,15,0,0,10,4,1,1,0,3,0,0,0,1,0,1,0,0.385,22,78,2,.500,.250,.367,152,11,4,0,0,0,0,7,0,167,.976,0,.000,,,,,,,,,,,,,,,,,,,,,,,,,,,,,,,4,2,16,20,"0,20",0,0,20,"8,37",0.22,8,37,"4,25",0.16,4,25,"1,6",0.17,1,6,0,0,0,0,"9,17","7,9","20,46",13,0,0,0,0,0,0,0,6,28,0,,,,,,,,,Emory,EUM,1197-3552,False,,
2026-27,baseball,University Athletic Association (UAA),uaa,Emory,Zach Wasserlauf,Zach,Wasserlauf,,217,Zach Wasserlauf,0,0EUM,16,14,,,55,15,16,8,2,1,0,10,0,2,7,1,2,2,0,1,0,0,0,0,0,0,0,0.412,20,68,4,.500,.291,.364,26,36,8,0,0,0,0,4,0,70,.886,0,.000,,,,,,,,,,,,,,,,,,,,,,,,,,,,,,,5,2,10,19,"4,16",0.25,4,16,"10,29",0.34,10,29,"6,14",0.43,6,14,"3,9",0.33,3,9,0,0,0,0,"7,20","4,5","20,36",33,0,0,0,"0,1",0,0,1,1,15,0,,,,,,,,,Emory,EUM,1197-259,False,,
2026-27,baseball,University Athletic Association (UAA),uaa,Emory,Mitchell Smallwood,Mitchell,Smallwood,,217,Mitchell Smallwood,0,0EUM,13,5,,,21,6,7,3,0,2,0,5,0,1,5,3,3,0,0,1,0,0,0,0,0,0,0,0.464,11,28,3,1.000,.333,.524,7,0,0,0,0,0,0,0,0,7,1.000,0,.000,,,,,,,,,,,,,,,,,,,,,,,,,,,,,,,0,1,6,4,"3,7",0.43,3,7,"3,11",0.27,3,11,"2,8",0.25,2,8,"2,3",0.67,2,3,0,0,0,0,"3,5","2,3","7,14",1,0,0,0,17,0,0,0,1,5,0,,,,,,,,,Emory,EUM,1197-3097,False,,
2026-27,baseball,University Athletic Association (UAA),uaa,Emory,Jonathan Lang,Jonathan,Lang,,217,Jonathan Lang,0,0EUM,18,18,,,63,12,19,20,2,0,2,11,0,5,11,6,3,1,1,2,0,0,0,1,0,2,0,0.432,27,82,4,.750,.302,.429,21,0,0,0,0,0,0,0,0,21,1.000,0,.000,,,,,,,,,,,,,,,,,,,,,,,,,,,,,,,3,2,10,23,"4,20",0.20,4,20,"13,41",0.32,13,41,"10,29",0.34,10,29,"5,11",0.45,5,11,0,0,0,0,"4,12","9,14","25,50",23,0,0,0,0,0,0,0,4,13,0,,,,,,,,,Emory,EUM,1197-3091,False,,
2026-27,baseball,University Athletic Association (UAA),uaa,Emory,Adrien Armstrong,Adrien,Armstrong,,217,Adrien Armstrong,0,0EUM,17,11,,,39,9,9,5,2,0,0,14,0,5,6,3,2,1,2,1,0,0,0,1,0,1,0,0.475,11,61,3,.667,.231,.282,0,0,0,0,0,0,0,0,0,0,0.000,0,.000,,,,,,,,,,,,,,,,,,,,,,,,,,,,,,,2,0,14,12,"3,12",0.25,3,12,"6,26",0.23,6,26,"4,18",0.22,4,18,"1,3",0.33,1,3,0,0,0,0,"5,9","2,10","21,36",1,0,0,0,4,0,0,0,10,10,0,,,,,,,,,Emory,EUM,1197-252,False,,
2026-27,baseball,University Athletic Association (UAA),uaa,Emory,Corey Goldstick,Corey,Goldstick,,217,Corey Goldstick,0,0EUM,15,10,,,35,6,11,11,4,0,0,1,0,2,7,2,0,0,1,2,0,0,0,0,0,0,0,0.350,15,41,0,.000,.314,.429,73,7,2,1,0,22,2,0,0,82,.976,24,.917,,,,,,,,,,,,,,,,,,,,,,,,,,,,,,,2,1,4,13,"3,11",0.27,3,11,"7,18",0.39,7,18,"6,12",0.50,6,12,"2,4",0.50,2,4,0,0,0,0,"2,8","4,5","15,24",1,0,0,0,"0,1",0,0,1,3,4,0,,,,,,,,,Emory,EUM,1197-3089,False,,
2026-27,baseball,University Athletic Association (UAA),uaa,Emory,Jt Rattigan,Jt,Rattigan,,217,Jt Rattigan,0,0EUM,6,6,,,0,0,0,0,0,0,0,0,0,0,0,0,0,0,0,0,0,0,0,0,0,0,0,0.000,0,0,0,.000,.000,.000,3,1,2,0,0,5,1,0,0,6,.667,6,.833,19,1,6,1,3,0,0,0,0,0,19.1,23,18,13,9,2,0,1,8.38,75,99,3,8,0,3,0,0,0,3,.253,0,0,0,0,0,0,0,0,0,0,0,0,0,0,0,0,0,0,0,0,0,0,0,0,0,0,0,0,0,0,0,0,0,0,0,0,0,0,22,25,0,"9,22","12,39","0,10",0,"9,28",Emory,EUM,1197-3096,False,,
2026-27,baseball,University Athletic Association (UAA),uaa,Emory,King III,King,III,,217,King III,0,0EUM,5,3,,,0,0,0,0,0,0,0,0,0,0,0,0,0,0,0,0,0,0,0,0,0,0,0,0.000,0,0,0,.000,.000,.000,1,2,2,0,0,8,1,0,0,5,.600,9,.889,29,1,3,0,1,0,0,0,0,0,15.0,24,13,5,14,5,0,1,7.80,75,84,5,1,1,1,2,0,0,3,.387,0,0,0,0,0,0,0,0,0,0,0,0,0,0,0,0,0,0,0,0,0,0,0,0,0,0,0,0,0,0,0,0,0,0,0,0,0,0,18,13,1,"6,17","14,35","12,22",0,"11,24",Emory,EUM,1197-3548,False,,
2026-27,baseball,University Athletic Association (UAA),uaa,Emory,Paul Fine,Paul,Fine,,217,Paul Fine,0,0EUM,9,0,,,0,0,0,0,0,0,0,0,0,0,0,0,0,0,0,0,0,0,0,0,0,0,0,0.000,0,0,0,.000,.000,.000,1,3,0,0,0,5,1,0,0,4,1.000,6,.833,7,1,0,0,1,1,0,0,0,0,11.1,9,8,4,9,1,0,0,6.35,41,54,3,8,0,0,1,0,0,5,.171,0,0,0,0,0,0,0,0,0,0,0,0,0,0,0,0,0,0,0,0,0,0,0,0,0,0,0,0,0,0,0,0,0,0,0,0,0,0,6,17,0,"4,5","5,28","0,4",0,"1,6",Emory,EUM,1197-255,False,,
2026-27,baseball,University Athletic Association (UAA),uaa,Emory,Jackson Clark,Jackson,Clark,,217,Jackson Clark,0,0EUM,4,0,,,0,0,0,0,0,0,0,0,0,0,0,0,0,0,0,0,0,0,0,0,0,0,0,0.000,0,0,0,.000,.000,.000,0,0,0,0,0,3,0,0,0,0,0.000,3,1.000,11,1,0,0,0,0,0,0,0,0,6.0,12,10,7,3,2,0,1,15.00,29,42,3,4,0,1,1,0,0,1,.379,0,0,0,0,0,0,0,0,0,0,0,0,0,0,0,0,0,0,0,0,0,0,0,0,0,0,0,0,0,0,0,0,0,0,0,0,0,0,5,9,0,"3,5","9,20","6,9",0,"2,9",Emory,EUM,1197-3547,False,,
2026-27,baseball,University Athletic Association (UAA),uaa,Emory,Owen Stone,Owen,Stone,,217,Owen Stone,0,0EUM,6,0,,,0,0,0,0,0,0,0,0,0,0,0,0,0,0,0,0,0,0,0,0,0,0,0,0.000,0,0,0,.000,.000,.000,0,1,1,0,0,1,0,0,0,2,.500,1,1.000,8,1,0,2,0,0,0,0,0,0,11.0,7,5,2,5,2,0,1,4.09,40,44,1,1,0,0,1,0,0,2,.200,0,0,0,0,0,0,0,0,0,0,0,0,0,0,0,0,0,0,0,0,0,0,0,0,0,0,0,0,0,0,0,0,0,0,0,0,0,0,10,15,0,"4,11","2,15","1,4",0,"1,11",Emory,EUM,1197-3557,False,,
2026-27,baseball,University Athletic Association (UAA),uaa,Emory,Nick Stellabotte,Nick,Stellabotte,,217,Nick Stellabotte,0,0EUM,5,0,,,0,0,0,0,0,0,0,0,0,0,0,0,0,0,0,0,0,0,0,0,0,0,0,0.000,0,0,0,.000,.000,.000,0,3,1,0,0,2,0,0,0,4,.750,2,1.000,11,1,0,0,0,0,0,0,0,0,7.1,11,8,4,2,2,0,1,9.82,31,41,1,2,0,0,4,0,0,1,.355,0,0,0,0,0,0,0,0,0,0,0,0,0,0,0,0,0,0,0,0,0,0,0,0,0,0,0,0,0,0,0,0,0,0,0,0,0,0,9,10,0,"5,7","8,23","3,9",0,"1,8",Emory,EUM,1197-3381,False,,
2026-27,baseball,University Athletic Association (UAA),uaa,Emory,Samuel Wronski,Samuel,Wronski,,217,Samuel Wronski,0,0EUM,2,0,,,0,0,0,0,0,0,0,0,0,0,0,0,0,0,0,0,0,0,0,0,0,0,0,0.000,0,0,0,.000,.000,.000,0,0,0,0,0,0,0,0,0,0,0.000,0,.000,4,1,0,0,0,0,0,0,0,0,1.0,4,4,1,0,0,0,0,36.00,6,9,0,2,0,0,0,0,0,0,.667,0,0,0,0,0,0,0,0,0,0,0,0,0,0,0,0,0,0,0,0,0,0,0,0,0,0,0,0,0,0,0,0,0,0,0,0,0,0,1,1,0,"0,1","3,3","1,1",0,"2,2",Emory,EUM,1197-3100,False,,
2026-27,baseball,University Athletic Association (UAA),uaa,Emory,Adam Geller,Adam,Geller,,217,Adam Geller,0,0EUM,5,5,,,0,0,0,0,0,0,0,0,0,0,0,0,0,0,0,0,0,0,0,0,0,0,0,0.000,0,0,0,.000,.000,.000,2,8,0,0,0,2,2,1,0,10,1.000,4,.500,29,1,5,3,1,0,0,0,0,0,31.1,16,7,3,29,5,1,1,2.01,123,129,1,1,0,0,2,0,0,8,.236,0,0,0,0,0,0,0,0,0,0,0,0,0,0,0,0,0,0,0,0,0,0,0,0,0,0,0,0,0,0,0,0,0,0,0,0,0,0,26,34,0,"8,26","7,37","8,32",0,"1,27",Emory,EUM,1197-256,False,,
2026-27,baseball,University Athletic Association (UAA),uaa,Emory,Ryan Henry,Ryan,Henry,,217,Ryan Henry,0,0EUM,1,0,,,1,0,0,0,0,0,0,0,0,0,1,0,0,0,0,0,0,0,0,0,0,0,0,0.000,0,1,0,.000,.000,.000,0,0,0,0,0,0,0,0,0,0,0.000,0,.000,,,,,,,,,,,,,,,,,,,,,,,,,,,,,,,0,0,0,0,0,0,0,0,"0,1",0,0,1,"0,1",0,0,1,0,0,0,0,0,0,0,0,0,"0,1","0,1",2,0,0,0,2,0,0,0,0,0,0,,,,,,,,,Emory,EUM,1197-3377,False,,
2026-27,baseball,University Athletic Association (UAA),uaa,Emory,Mihir Patel,Mihir,Patel,,217,Mihir Patel,0,0EUM,3,0,,,0,0,0,0,0,0,0,0,0,0,0,0,0,0,0,0,0,0,0,0,0,0,0,0.000,0,0,0,.000,.000,.000,0,0,0,0,0,0,1,0,0,0,0.000,1,.000,3,1,0,0,0,0,0,0,0,0,2.2,3,2,4,3,2,0,0,6.75,11,15,0,0,0,0,0,0,0,0,.273,0,0,0,0,0,0,0,0,0,0,0,0,0,0,0,0,0,0,0,0,0,0,0,0,0,0,0,0,0,0,0,0,0,0,0,0,0,0,2,2,0,"1,3","1,7","1,1",0,"1,5",Emory,EUM,1197-3095,False,,
2026-27,baseball,University Athletic Association (UAA),uaa,Emory,Jackson Fardo,Jackson,Fardo,,217,Jackson Fardo,0,0EUM,2,0,,,2,0,1,1,1,0,0,0,0,0,1,0,0,0,0,0,0,0,0,0,0,0,0,0.500,2,2,0,.000,.500,1.000,2,0,0,0,0,0,0,0,0,2,1.000,0,.000,,,,,,,,,,,,,,,,,,,,,,,,,,,,,,,0,0,0,0,"1,1",1.00,1,1,"1,1",1.00,1,1,0,0,0,0,"0,1",0,0,1,0,0,0,0,0,0,"1,1",0,0,0,0,13,0,0,0,0,0,0,,,,,,,,,Emory,EUM,1197-3378,False,,
2026-27,baseball,University Athletic Association (UAA),uaa,Emory,Connor Tam,Connor,Tam,,217,Connor Tam,0,0EUM,14,13,,,41,10,10,8,4,0,0,5,0,3,10,2,1,0,5,1,0,0,0,0,0,0,0,0.360,14,55,1,1.000,.244,.341,8,27,4,0,0,0,0,0,0,39,.897,0,.000,,,,,,,,,,,,,,,,,,,,,,,,,,,,,,,4,2,14,8,"3,12",0.25,3,12,"5,22",0.23,5,22,"2,17",0.12,2,17,"0,4",0,0,4,0,0,0,0,"6,11","4,8","20,31",2,0,0,0,2,0,0,0,12,15,0,,,,,,,,,Emory,EUM,1197-3558,False,,
2026-27,baseball,University Athletic Association (UAA),uaa,Emory,Cam Newell,Cam,Newell,,217,Cam Newell,0,0EUM,4,1,,,6,1,1,2,0,0,0,0,0,0,2,0,0,0,0,0,0,0,0,0,0,0,0,0.167,1,6,0,.000,.167,.167,8,0,1,0,0,0,0,1,0,9,.889,0,.000,,,,,,,,,,,,,,,,,,,,,,,,,,,,,,,0,1,2,1,"1,4",0.25,1,4,"1,4",0.25,1,4,"1,3",0.33,1,3,"0,2",0,0,2,0,0,0,0,0,"0,1","1,4",0,0,0,0,14,0,0,0,0,2,0,,,,,,,,,Emory,EUM,1197-257,False,,
2026-27,baseball,University Athletic Association (UAA),uaa,Emory,James Delgaudio,James,Delgaudio,,217,James Delgaudio,0,0EUM,3,0,,,3,0,0,0,0,0,0,0,0,0,3,1,0,0,0,0,0,0,0,0,0,0,0,0.000,0,3,0,.000,.000,.000,0,0,0,0,0,0,0,0,0,0,0.000,0,.000,,,,,,,,,,,,,,,,,,,,,,,,,,,,,,,0,0,0,0,"0,1",0,0,1,"0,1",0,0,1,"0,1",0,0,1,"0,1",0,0,1,0,0,0,0,0,"0,1","0,1",0,0,0,0,4,0,0,0,0,0,0,,,,,,,,,Emory,EUM,1197-3384,False,,
2026-27,baseball,University Athletic Association (UAA),uaa,Emory,Mario Borges,Mario,Borges,,217,Mario Borges,0,0EUM,10,8,,,30,6,12,7,2,0,0,3,0,0,9,2,0,0,1,0,0,0,0,0,0,1,0,0.455,14,34,0,.000,.400,.467,47,7,3,1,0,12,4,0,0,57,.947,16,.750,,,,,,,,,,,,,,,,,,,,,,,,,,,,,,,2,1,4,6,"4,8",0.50,4,8,"9,19",0.47,9,19,"6,10",0.60,6,10,"3,5",0.60,3,5,0,0,0,0,"1,6","3,5","12,21",3,0,0,0,0,0,0,0,4,2,0,,,,,,,,,Emory,EUM,1197-3546,False,,
2026-27,baseball,University Athletic Association (UAA),uaa,Emory,James Lester,James,Lester,,217,James Lester,0,0EUM,3,0,,,0,0,0,0,0,0,0,0,0,0,0,0,0,0,0,0,0,0,0,0,0,0,0,0.000,0,0,0,.000,.000,.000,0,1,0,0,0,0,0,0,0,1,1.000,0,.000,2,1,0,0,0,0,0,0,0,0,3.0,3,1,1,4,1,0,0,3.00,11,16,3,3,0,0,1,0,0,1,.182,0,0,0,0,0,0,0,0,0,0,0,0,0,0,0,0,0,0,0,0,0,0,0,0,0,0,0,0,0,0,0,0,0,0,0,0,0,0,3,2,0,"2,2","0,7","0,2",0,"0,2",Emory,EUM,1197-3550,False,,
2026-27,baseball,University Athletic Association (UAA),uaa,Emory,Ethan Ramirez,Ethan,Ramirez,,217,Ethan Ramirez,0,0EUM,9,0,,,1,2,0,0,0,0,0,1,0,0,1,1,0,0,0,0,0,0,0,0,0,0,0,0.500,0,2,0,.000,.000,.000,0,0,0,0,0,0,0,0,0,0,0.000,0,.000,,,,,,,,,,,,,,,,,,,,,,,,,,,,,,,0,0,0,0,0,0,0,0,0,0,0,0,0,0,0,0,"0,1",0,0,1,0,0,0,0,"0,1",0,"1,1",0,0,0,0,2,0,0,0,0,0,0,,,,,,,,,Emory,EUM,1197-3553,False,,
2026-27,baseball,University Athletic Association (UAA),uaa,Emory,Ryan Carr,Ryan,Carr,,217,Ryan Carr,0,0EUM,5,1,,,5,0,0,1,0,0,0,1,0,0,2,2,0,0,0,1,0,0,0,0,0,0,0,0.143,0,7,0,.000,.000,.000,2,1,0,0,0,0,0,0,0,3,1.000,0,.000,,,,,,,,,,,,,,,,,,,,,,,,,,,,,,,0,1,2,2,"0,2",0,0,2,"0,2",0,0,2,"0,2",0,0,2,"0,3",0,0,3,0,0,0,0,"0,2","1,2","2,3","0,1",0,0,1,1,0,0,0,2,3,0,,,,,,,,,Emory,EUM,1197-3379,False,,
2026-27,baseball,University Athletic Association (UAA),uaa,Emory,Chase Landa,Chase,Landa,,217,Chase Landa,0,0EUM,2,0,,,0,0,0,0,0,0,0,0,0,0,0,0,0,0,0,0,0,0,0,0,0,0,0,0.000,0,0,0,.000,.000,.000,0,0,0,0,0,0,0,0,0,0,0.000,0,.000,5,1,0,0,0,0,0,0,0,0,0.1,5,5,1,0,1,0,0,135.00,5,7,1,0,0,1,0,0,0,0,1.000,0,0,0,0,0,0,0,0,0,0,0,0,0,0,0,0,0,0,0,0,0,0,0,0,0,0,0,0,0,0,0,0,0,0,0,0,0,0,1,0,0,0,"5,5",0,0,"3,3",Emory,EUM,1197-3549,False,,
2026-27,baseball,University Athletic Association (UAA),uaa,Emory,Nick Sullo,Nick,Sullo,,217,Nick Sullo,0,0EUM,10,5,,,14,2,3,2,0,0,0,1,0,1,6,1,1,1,0,2,0,0,0,0,0,0,0,0.278,3,18,2,.500,.214,.214,9,0,0,0,0,0,0,0,0,9,1.000,0,.000,,,,,,,,,,,,,,,,,,,,,,,,,,,,,,,0,1,3,4,"0,6",0,0,6,"1,10",0.10,1,10,"0,6",0,0,6,"1,3",0.33,1,3,0,0,0,0,"1,1","2,4","6,13","0,1",0,0,1,0,0,0,0,2,5,0,,,,,,,,,Emory,EUM,1197-258,False,,
2026-27,baseball,University Athletic Association (UAA),uaa,Emory,Palmer Mullinax,Palmer,Mullinax,,217,Palmer Mullinax,0,0EUM,2,0,,,0,0,0,0,0,0,0,0,0,0,0,0,0,0,0,0,0,0,0,0,0,0,0,0.000,0,0,0,.000,.000,.000,0,0,0,0,0,0,0,0,0,0,0.000,0,.000,1,1,0,0,0,0,0,0,0,0,1.0,0,0,1,1,0,0,0,0.00,3,5,1,0,0,1,0,0,0,1,.333,0,0,0,0,0,0,0,0,0,0,0,0,0,0,0,0,0,0,0,0,0,0,0,0,0,0,0,0,0,0,0,0,0,0,0,0,0,0,1,1,0,0,"1,3",0,0,"1,3",Emory,EUM,1197-3551,False,,
2026-27,baseball,University Athletic Association (UAA),uaa,Emory,Josh Zuckerman,Josh,Zuckerman,,217,Josh Zuckerman,0,0EUM,4,4,,,0,0,0,0,0,0,0,0,0,0,0,0,0,0,0,0,0,0,0,0,0,0,0,0.000,0,0,0,.000,.000,.000,2,6,0,0,0,7,0,0,0,8,1.000,7,1.000,19,1,4,1,2,0,1,1,0,0,22.0,15,7,10,22,5,1,1,2.86,83,96,4,2,1,0,1,0,0,5,.229,0,0,0,0,0,0,0,0,0,0,0,0,0,0,0,0,0,0,0,0,0,0,0,0,0,0,0,0,0,0,0,0,0,0,0,0,0,0,19,22,3,"5,19","4,27","4,19",0,"4,23",Emory,EUM,1197-260,False,,
2026-27,baseball,University Athletic Association (UAA),uaa,Emory,Nic Roma,Nic,Roma,,217,Nic Roma,0,0EUM,7,0,,,0,0,0,0,0,0,0,0,0,0,0,0,0,0,0,0,0,0,0,0,0,0,0,0.000,0,0,0,.000,.000,.000,0,3,0,0,0,0,1,0,0,3,1.000,1,.000,13,1,0,3,0,2,0,0,0,0,14.2,8,8,6,14,2,0,1,4.91,53,64,2,3,0,1,1,0,0,4,.245,0,0,0,0,0,0,0,0,0,0,0,0,0,0,0,0,0,0,0,0,0,0,0,0,0,0,0,0,0,0,0,0,0,0,0,0,0,0,13,14,1,"4,14","4,21","3,10",0,"2,16",Emory,EUM,1197-3555,False,,
2026-27,baseball,University Athletic Association (UAA),uaa,Emory,Reed Edwards,Reed,Edwards,,217,Reed Edwards,0,0EUM,6,0,,,0,0,0,0,0,0,0,0,0,0,0,0,0,0,0,0,0,0,0,0,0,0,0,0.000,0,0,0,.000,.000,.000,1,2,0,0,0,1,1,0,0,3,1.000,2,.500,6,1,0,0,0,0,0,0,0,0,9.0,3,3,8,7,0,0,0,3.00,32,42,7,1,0,0,1,0,0,2,.188,0,0,0,0,0,0,0,0,0,0,0,0,0,0,0,0,0,0,0,0,0,0,0,0,0,0,0,0,0,0,0,0,0,0,0,0,0,0,7,11,1,"3,5","2,16","1,4",0,"1,8",Emory,EUM,1197-3380,False,,
2026-27,baseball,University Athletic Association (UAA),uaa,Emory,Ryan Roggin,Ryan,Roggin,,217,Ryan Roggin,0,0EUM,8,2,,,9,3,3,1,1,0,0,3,0,1,3,1,0,0,0,0,0,0,0,0,0,0,0,0.538,4,13,0,.000,.333,.444,6,5,1,0,0,0,0,1,0,12,.917,0,.000,,,,,,,,,,,,,,,,,,,,,,,,,,,,,,,0,0,1,2,"0,3",0,0,3,"1,5",0.20,1,5,"0,3",0,0,3,"0,1",0,0,1,0,0,0,0,"3,4","0,1","3,7",0,0,0,0,4,0,0,0,0,4,0,,,,,,,,,Emory,EUM,1197-3554,False,,
2026-27,baseball,University Athletic Association (UAA),uaa,Chicago,Braden Jirovec,Braden,Jirovec,,137,Braden Jirovec,0,0CHICAGO,15,15,,,59,13,16,8,3,1,1,7,0,4,6,3,9,1,1,0,0,0,0,1,1,3,0,0.386,24,71,10,.900,.271,.407,32,0,0,0,0,0,0,0,0,32,1.000,0,.000,,,,,,,,,,,,,,,,,,,,,,,,,,,,,,,3,3,12,24,"5,19",0.26,5,19,"6,29",0.21,6,29,"5,23",0.22,5,23,"1,5",0.20,1,5,0,0,0,0,"12,21","3,3","14,33",11,0,0,0,0,0,0,0,6,16,0,,,,,,,,,Chicago,CHICAGO,1202-2002,False,,
2026-27,baseball,University Athletic Association (UAA),uaa,Chicago,Harrison Belden,Harrison,Belden,,137,Harrison Belden,0,0CHICAGO,15,14,,,56,11,18,10,2,0,3,7,0,1,12,4,1,1,0,0,0,0,0,1,0,1,0,0.406,29,64,2,.500,.321,.518,22,22,1,0,0,0,0,6,0,45,.978,0,.000,,,,,,,,,,,,,,,,,,,,,,,,,,,,,,,2,0,11,14,"2,14",0.14,2,14,"8,25",0.32,8,25,"7,18",0.39,7,18,"0,3",0,0,3,0,0,0,0,"7,16","4,7","12,28",3,0,0,0,2,0,0,0,1,8,0,,,,,,,,,Chicago,CHICAGO,1202-2804,False,,
2026-27,baseball,University Athletic Association (UAA),uaa,Chicago,Erik Rindner,Erik,Rindner,,137,Erik Rindner,0,0CHICAGO,15,15,,,51,11,16,12,1,0,3,7,0,9,4,1,0,0,0,0,0,0,0,2,1,3,0,0.478,26,67,0,.000,.314,.510,76,3,4,0,0,10,3,0,0,83,.952,13,.769,,,,,,,,,,,,,,,,,,,,,,,,,,,,,,,4,0,14,13,"7,17",0.41,7,17,"9,29",0.31,9,29,"4,22",0.18,4,22,"1,4",0.25,1,4,0,0,0,0,"9,16","2,7","21,34",2,0,0,0,0,0,0,0,7,10,0,,,,,,,,,Chicago,CHICAGO,1202-2008,False,,
2026-27,baseball,University Athletic Association (UAA),uaa,Chicago,Michael Gladden,Michael,Gladden,,137,Michael Gladden,0,0CHICAGO,15,15,,,48,8,16,11,4,1,4,9,0,6,7,2,2,1,0,1,0,0,0,0,0,1,0,0.484,34,64,3,.667,.333,.708,24,0,0,0,0,0,0,0,0,24,1.000,0,.000,,,,,,,,,,,,,,,,,,,,,,,,,,,,,,,1,1,9,16,"8,21",0.38,8,21,"7,29",0.24,7,29,"5,14",0.36,5,14,"2,2",1.00,2,2,0,0,0,0,"5,10","1,1","18,38",22,0,0,0,0,0,0,0,2,11,0,,,,,,,,,Chicago,CHICAGO,1202-2000,False,,
2026-27,baseball,University Athletic Association (UAA),uaa,Chicago,Max Wiesner,Max,Wiesner,,137,Max Wiesner,0,0CHICAGO,15,15,,,62,9,19,12,5,0,1,5,0,0,15,2,0,0,0,1,0,0,0,1,0,2,0,0.353,27,68,0,.000,.306,.435,103,11,1,0,0,0,0,9,0,115,.991,0,.000,,,,,,,,,,,,,,,,,,,,,,,,,,,,,,,2,6,12,15,"9,27",0.33,9,27,"10,40",0.25,10,40,"7,27",0.26,7,27,"2,5",0.40,2,5,0,0,0,0,"4,12","2,6","20,45",43,0,0,0,0,0,0,0,2,28,0,,,,,,,,,Chicago,CHICAGO,1202-2518,False,,
2026-27,baseball,University Athletic Association (UAA),uaa,Chicago,Nathan Bae,Nathan,Bae,,137,Nathan Bae,0,0CHICAGO,15,15,,,56,13,18,9,2,0,1,7,0,3,15,5,0,0,0,1,0,0,0,1,0,1,0,0.418,23,67,0,.000,.321,.411,36,8,2,2,0,12,2,0,0,46,.957,14,.857,,,,,,,,,,,,,,,,,,,,,,,,,,,,,,,4,1,9,11,"7,15",0.47,7,15,"12,33",0.36,12,33,"6,17",0.35,6,17,"1,5",0.20,1,5,0,0,0,0,"5,11","3,5","21,38",3,0,0,0,0,0,0,0,3,10,0,,,,,,,,,Chicago,CHICAGO,1202-2516,False,,
2026-27,baseball,University Athletic Association (UAA),uaa,Chicago,Jonah Obitz,Jonah,Obitz,,137,Jonah Obitz,0,0CHICAGO,5,0,,,6,1,1,0,0,0,0,0,0,0,2,1,0,0,0,0,0,0,0,0,0,0,0,0.167,1,6,0,.000,.167,.167,0,1,0,0,0,0,0,0,0,1,1.000,0,.000,,,,,,,,,,,,,,,,,,,,,,,,,,,,,,,1,0,0,2,"0,3",0,0,3,"0,4",0,0,4,"0,4",0,0,4,"0,2",0,0,2,0,0,0,0,"2,2",0,"0,4","0,1",0,0,1,1,0,0,0,0,6,0,,,,,,,,,Chicago,CHICAGO,1202-2811,False,,
2026-27,baseball,University Athletic Association (UAA),uaa,Chicago,Luke Weston,Luke,Weston,,137,Luke Weston,0,0CHICAGO,15,15,,,54,8,13,6,1,2,0,6,0,1,10,6,1,0,0,0,0,0,0,2,0,2,0,0.328,18,61,1,1.000,.241,.333,11,24,6,0,0,0,0,4,0,41,.854,0,.000,,,,,,,,,,,,,,,,,,,,,,,,,,,,,,,2,4,10,19,"5,13",0.38,5,13,"7,34",0.21,7,34,"4,20",0.20,4,20,"1,5",0.20,1,5,0,0,0,0,"6,13","1,4","14,37",4,0,0,0,0,0,0,0,1,12,0,,,,,,,,,Chicago,CHICAGO,1202-2561,False,,
2026-27,baseball,University Athletic Association (UAA),uaa,Chicago,Jack Sharp,Jack,Sharp,,137,Jack Sharp,0,0CHICAGO,15,15,,,45,13,12,6,2,0,1,12,0,2,10,3,4,0,0,0,0,0,0,1,1,1,0,0.441,17,59,4,1.000,.267,.378,22,49,3,0,0,0,0,7,0,74,.959,0,.000,,,,,,,,,,,,,,,,,,,,,,,,,,,,,,,1,0,9,13,"1,14",0.07,1,14,"6,26",0.23,6,26,"4,15",0.27,4,15,"1,2",0.50,1,2,0,0,0,0,"7,11","2,3","12,30",3,0,0,0,0,0,0,0,2,16,0,,,,,,,,,Chicago,CHICAGO,1202-2009,False,,
2026-27,baseball,University Athletic Association (UAA),uaa,Chicago,Brady Miller,Brady,Miller,,137,Brady Miller,0,0CHICAGO,9,6,,,22,4,2,3,1,0,0,2,0,1,9,2,2,0,0,0,0,0,0,0,0,0,0,0.200,3,25,2,1.000,.091,.136,8,8,1,0,0,0,0,0,0,17,.941,0,.000,,,,,,,,,,,,,,,,,,,,,,,,,,,,,,,0,1,2,9,"2,8",0.25,2,8,"2,14",0.14,2,14,"2,10",0.20,2,10,"0,4",0,0,4,0,0,0,0,"1,6","0,1","3,15",3,0,0,0,"0,1",0,0,1,0,9,0,,,,,,,,,Chicago,CHICAGO,1202-2007,False,,
2026-27,baseball,University Athletic Association (UAA),uaa,Chicago,Corey Savedoff,Corey,Savedoff,,137,Corey Savedoff,0,0CHICAGO,6,4,,,0,0,0,0,0,0,0,0,0,0,0,0,0,0,0,0,0,0,0,0,0,0,0,0.000,0,0,0,.000,.000,.000,0,0,0,0,0,1,1,0,0,0,0.000,2,.500,15,1,4,1,1,0,0,0,0,0,13.1,15,15,16,13,7,0,1,10.13,50,68,1,2,0,0,0,0,0,4,.300,0,0,0,0,0,0,0,0,0,0,0,0,0,0,0,0,0,0,0,0,0,0,0,0,0,0,0,0,0,0,0,0,0,0,0,0,0,0,7,15,0,"2,5","0,1","0,5",0,"0,1",Chicago,CHICAGO,1202-3208,False,,
2026-27,baseball,University Athletic Association (UAA),uaa,Chicago,Russell Kwinter,Russell,Kwinter,,137,Russell Kwinter,0,0CHICAGO,5,1,,,0,0,0,0,0,0,0,0,0,0,0,0,0,0,0,0,0,0,0,0,0,0,0,0.000,0,0,0,.000,.000,.000,1,2,1,0,0,1,0,0,0,4,.750,1,1.000,10,1,1,2,1,0,0,0,0,0,12.1,9,7,10,11,2,0,2,5.11,47,61,0,4,0,0,0,0,0,3,.213,0,0,0,0,0,0,0,0,0,0,0,0,0,0,0,0,0,0,0,0,0,0,0,0,0,0,0,0,0,0,0,0,0,0,0,0,0,0,11,13,1,"0,5","1,4","2,12",0,"2,7",Chicago,CHICAGO,1202-2520,False,,
2026-27,baseball,University Athletic Association (UAA),uaa,Chicago,John Butka,John,Butka,,137,John Butka,0,0CHICAGO,4,1,,,0,0,0,0,0,0,0,0,0,0,0,0,0,0,0,0,0,0,0,0,0,0,0,0.000,0,0,0,.000,.000,.000,0,1,0,0,0,1,0,0,0,1,1.000,1,1.000,23,1,1,2,0,1,0,0,0,0,15.0,8,7,1,16,3,1,1,4.20,65,69,0,1,0,1,1,0,0,4,.354,0,0,0,0,0,0,0,0,0,0,0,0,0,0,0,0,0,0,0,0,0,0,0,0,0,0,0,0,0,0,0,0,0,0,0,0,0,0,9,18,0,"2,10","9,22","2,8",0,"5,13",Chicago,CHICAGO,1202-1999,False,,
2026-27,baseball,University Athletic Association (UAA),uaa,Chicago,Alex Kumar,Alex,Kumar,,137,Alex Kumar,0,0CHICAGO,2,0,,,3,0,0,0,0,0,0,0,0,0,3,0,0,0,0,0,0,0,0,0,0,0,0,0.000,0,3,0,.000,.000,.000,3,0,0,0,0,0,0,0,0,3,1.000,0,.000,,,,,,,,,,,,,,,,,,,,,,,,,,,,,,,0,0,0,0,0,0,0,0,"0,3",0,0,3,"0,2",0,0,2,"0,1",0,0,1,0,0,0,0,0,"0,1","0,3",0,0,0,0,"0,1",0,0,1,0,0,0,,,,,,,,,Chicago,CHICAGO,1202-2526,False,,
2026-27,baseball,University Athletic Association (UAA),uaa,Chicago,Ryan Bhojwani,Ryan,Bhojwani,,137,Ryan Bhojwani,0,0CHICAGO,8,6,,,26,2,6,5,3,0,0,2,0,0,8,3,0,0,0,0,0,0,0,2,0,2,0,0.286,9,28,0,.000,.231,.346,8,1,1,0,0,0,0,0,0,10,.900,0,.000,,,,,,,,,,,,,,,,,,,,,,,,,,,,,,,1,1,6,5,"2,8",0.25,2,8,"4,15",0.27,4,15,"3,8",0.38,3,8,"2,6",0.33,2,6,0,0,0,0,"1,4","1,2","7,16","1,1",1.00,1,1,0,0,0,0,1,4,0,,,,,,,,,Chicago,CHICAGO,1202-3209,False,,
2026-27,baseball,University Athletic Association (UAA),uaa,Chicago,David Flanagan,David,Flanagan,,137,David Flanagan,0,0CHICAGO,5,0,,,0,0,0,0,0,0,0,0,0,0,0,0,0,0,0,0,0,0,0,0,0,0,0,0.000,0,0,0,.000,.000,.000,0,1,1,0,0,2,0,0,0,2,.500,2,1.000,8,1,0,0,0,0,0,0,0,0,8.1,7,5,6,3,1,0,1,5.40,34,42,0,2,0,0,0,0,0,1,.235,0,0,0,0,0,0,0,0,0,0,0,0,0,0,0,0,0,0,0,0,0,0,0,0,0,0,0,0,0,0,0,0,0,0,0,0,0,0,16,5,0,"2,3","0,10","0,4",0,"1,5",Chicago,CHICAGO,1202-2357,False,,
2026-27,baseball,University Athletic Association (UAA),uaa,Chicago,Preston Benner,Preston,Benner,,137,Preston Benner,0,0CHICAGO,4,4,,,0,0,0,0,0,0,0,0,0,0,0,0,0,0,0,0,0,0,0,0,0,0,0,0.000,0,0,0,.000,.000,.000,1,2,1,0,0,3,1,0,0,4,.750,4,.750,20,1,4,0,2,0,0,0,0,0,12.2,18,17,14,10,5,1,0,12.08,57,74,0,1,0,2,0,0,0,3,.351,0,0,0,0,0,0,0,0,0,0,0,0,0,0,0,0,0,0,0,0,0,0,0,0,0,0,0,0,0,0,0,0,0,0,0,0,0,0,15,11,1,"8,15","12,35","5,10",0,"4,14",Chicago,CHICAGO,1202-2805,False,,
2026-27,baseball,University Athletic Association (UAA),uaa,Chicago,Jackson Bailey,Jackson,Bailey,,137,Jackson Bailey,0,0CHICAGO,1,0,,,0,0,0,0,0,0,0,0,0,0,0,0,0,0,0,0,0,0,0,0,0,0,0,0.000,0,0,0,.000,.000,.000,0,1,0,0,0,0,1,0,0,1,1.000,1,.000,3,1,0,0,0,0,0,0,0,0,2.2,0,0,1,3,1,0,0,0.00,10,11,0,0,0,0,0,0,0,1,.300,0,0,0,0,0,0,0,0,0,0,0,0,0,0,0,0,0,0,0,0,0,0,0,0,0,0,0,0,0,0,0,0,0,0,0,0,0,0,1,3,0,"0,3","0,3","0,2",0,"1,3",Chicago,CHICAGO,1202-2356,False,,
2026-27,baseball,University Athletic Association (UAA),uaa,Chicago,Connor Dong,Connor,Dong,,137,Connor Dong,0,0CHICAGO,2,0,,,0,0,0,0,0,0,0,0,0,0,0,0,0,0,0,0,0,0,0,0,0,0,0,0.000,0,0,0,.000,.000,.000,1,0,0,0,0,0,0,0,0,1,1.000,0,.000,2,1,0,0,0,0,0,0,0,0,1.1,4,0,5,0,1,0,0,0.00,4,11,0,1,0,1,0,0,0,0,.500,0,0,0,0,0,0,0,0,0,0,0,0,0,0,0,0,0,0,0,0,0,0,0,0,0,0,0,0,0,0,0,0,0,0,0,0,0,0,1,2,0,"1,1","2,4","2,2",0,"2,2",Chicago,CHICAGO,1202-2362,False,,
2026-27,baseball,University Athletic Association (UAA),uaa,Chicago,Kaidan Sheehan,Kaidan,Sheehan,,137,Kaidan Sheehan,0,0CHICAGO,2,0,,,2,0,0,0,0,0,0,0,0,0,1,0,0,0,0,0,0,0,0,0,0,1,0,0.000,0,2,0,.000,.000,.000,0,0,0,0,0,0,0,0,0,0,0.000,0,.000,4,1,0,0,0,0,0,0,0,0,1.0,7,3,3,1,0,0,0,27.00,7,11,0,0,0,1,0,0,0,0,.571,0,0,1,0,0,0,0,0,"0,1",0,0,1,"0,1",0,0,1,0,0,0,0,0,0,0,0,"0,1","0,1","0,1","0,1",0,0,1,"0,1",0,0,1,0,2,0,0,2,0,"1,1","4,7","2,3",0,"2,3",Chicago,CHICAGO,1202-3206,False,,
2026-27,baseball,University Athletic Association (UAA),uaa,Chicago,Alex Casarella,Alex,Casarella,,137,Alex Casarella,0,0CHICAGO,2,0,,,0,0,0,0,0,0,0,0,0,0,0,0,0,0,0,0,0,0,0,0,0,0,0,0.000,0,0,0,.000,.000,.000,0,0,1,0,0,0,0,0,0,1,.000,0,.000,1,1,0,0,0,0,0,0,0,0,0.0,6,6,3,0,0,0,0,99.00,1,6,0,2,0,0,0,0,0,0,1.000,0,0,0,0,0,0,0,0,0,0,0,0,0,0,0,0,0,0,0,0,0,0,0,0,0,0,0,0,0,0,0,0,0,0,0,0,0,0,0,0,0,0,"1,1",0,0,0,Chicago,CHICAGO,1202-3212,False,,
2026-27,baseball,University Athletic Association (UAA),uaa,Chicago,Dylan Dolotta,Dylan,Dolotta,,137,Dylan Dolotta,0,0CHICAGO,1,0,,,2,1,1,2,0,0,0,0,0,0,0,0,0,0,0,0,0,0,0,0,0,0,0,0.500,1,2,0,.000,.500,.500,0,0,0,0,0,0,0,0,0,0,0.000,0,.000,,,,,,,,,,,,,,,,,,,,,,,,,,,,,,,0,0,1,0,"1,1",1.00,1,1,"1,1",1.00,1,1,"1,1",1.00,1,1,"1,1",1.00,1,1,0,0,0,0,0,0,"1,1","1,1",1.00,1,1,"0,1",0,0,1,0,0,0,,,,,,,,,Chicago,CHICAGO,1202-2807,False,,
2026-27,baseball,University Athletic Association (UAA),uaa,Chicago,Courtland Hare,Courtland,Hare,,137,Courtland Hare,0,0CHICAGO,2,0,,,0,0,0,0,0,0,0,0,0,0,0,0,0,0,0,0,0,0,0,0,0,0,0,0.000,0,0,0,.000,.000,.000,0,0,0,0,0,0,0,0,0,0,0.000,0,.000,4,1,0,0,0,0,0,0,0,0,2.0,6,6,3,1,2,0,1,27.00,10,15,0,2,1,0,0,0,0,0,.400,0,0,0,0,0,0,0,0,0,0,0,0,0,0,0,0,0,0,0,0,0,0,0,0,0,0,0,0,0,0,0,0,0,0,0,0,0,0,3,2,0,"1,3","3,5","1,1",0,"3,5",Chicago,CHICAGO,1202-2808,False,,
2026-27,baseball,University Athletic Association (UAA),uaa,Chicago,Mike Sosna,Mike,Sosna,,137,Mike Sosna,0,0CHICAGO,2,1,,,0,0,0,0,0,0,0,0,0,0,0,0,0,0,0,0,0,0,0,0,0,0,0,0.000,0,0,0,.000,.000,.000,1,0,0,0,0,1,0,0,0,1,1.000,1,1.000,3,1,1,0,1,0,0,0,0,0,1.2,2,2,3,1,0,0,1,10.80,8,11,0,0,0,0,0,0,0,0,.375,0,0,0,0,0,0,0,0,0,0,0,0,0,0,0,0,0,0,0,0,0,0,0,0,0,0,0,0,0,0,0,0,0,0,0,0,0,0,1,3,0,"1,1","1,2","0,1",0,"0,2",Chicago,CHICAGO,1202-2527,False,,
2026-27,baseball,University Athletic Association (UAA),uaa,Chicago,Charlie Hahn,Charlie,Hahn,,137,Charlie Hahn,0,0CHICAGO,5,1,,,0,0,0,0,0,0,0,0,0,0,0,0,0,0,0,0,0,0,0,0,0,0,0,0.000,0,0,0,.000,.000,.000,0,0,0,0,0,1,0,0,0,0,0.000,1,1.000,3,1,1,0,1,0,0,0,0,0,5.2,6,6,7,2,0,0,0,9.53,18,29,1,3,0,1,0,0,0,2,.167,0,0,0,0,0,0,0,0,0,0,0,0,0,0,0,0,0,0,0,0,0,0,0,0,0,0,0,0,0,0,0,0,0,0,0,0,0,0,5,8,0,"1,1","0,2","0,2",0,"0,4",Chicago,CHICAGO,1202-2360,False,,
2026-27,baseball,University Athletic Association (UAA),uaa,Chicago,Grant Tenuta,Grant,Tenuta,,137,Grant Tenuta,0,0CHICAGO,6,0,,,0,0,0,0,0,0,0,0,0,0,0,0,0,0,0,0,0,0,0,0,0,0,0,0.000,0,0,0,.000,.000,.000,1,0,0,0,0,3,0,0,0,1,1.000,3,1.000,15,1,0,1,0,0,0,0,0,0,8.0,14,13,7,12,4,0,3,14.63,39,47,5,1,3,0,0,0,0,6,.385,0,0,0,0,0,0,0,0,0,0,0,0,0,0,0,0,0,0,0,0,0,0,0,0,0,0,0,0,0,0,0,0,0,0,0,0,0,0,6,6,0,"2,3","1,1","0,2",0,"0,2",Chicago,CHICAGO,1202-2361,False,,
2026-27,baseball,University Athletic Association (UAA),uaa,Chicago,Wilson Wendt,Wilson,Wendt,,137,Wilson Wendt,0,0CHICAGO,1,0,,,0,0,0,0,0,0,0,0,0,0,0,0,0,0,0,0,0,0,0,0,0,0,0,0.000,0,0,0,.000,.000,.000,0,0,0,0,0,0,0,0,0,0,0.000,0,.000,1,1,0,0,0,0,0,0,0,0,0.2,4,4,2,1,0,0,0,54.00,2,8,0,3,0,1,0,0,0,0,.500,0,0,0,0,0,0,0,0,0,0,0,0,0,0,0,0,0,0,0,0,0,0,0,0,0,0,0,0,0,0,0,0,0,0,0,0,0,0,1,0,0,0,"1,2",0,0,0,Chicago,CHICAGO,1202-2521,False,,
2026-27,baseball,University Athletic Association (UAA),uaa,Chicago,Jackson Berner,Jackson,Berner,,137,Jackson Berner,0,0CHICAGO,1,0,,,2,0,0,0,0,0,0,0,0,0,0,0,0,0,0,0,0,0,0,0,0,0,0,0.000,0,2,0,.000,.000,.000,1,0,0,0,0,0,0,0,0,1,1.000,0,.000,,,,,,,,,,,,,,,,,,,,,,,,,,,,,,,0,0,1,1,"0,1",0,0,1,"0,2",0,0,2,"0,1",0,0,1,"0,1",0,0,1,0,0,0,0,0,"0,1","0,2",0,0,0,0,0,0,0,0,0,1,0,,,,,,,,,Chicago,CHICAGO,1202-2522,False,,
2026-27,baseball,University Athletic Association (UAA),uaa,Chicago,Jack Carron,Jack,Carron,,137,Jack Carron,0,0CHICAGO,2,0,,,0,1,0,0,0,0,0,1,0,0,0,0,0,0,0,0,0,0,0,0,0,0,0,1.000,0,1,0,.000,.000,.000,0,1,0,0,0,0,0,0,0,1,1.000,0,.000,6,1,0,0,0,0,0,0,0,0,2.0,6,3,2,1,1,0,2,13.50,12,14,0,0,0,0,0,0,0,0,.500,0,0,0,0,0,0,0,0,0,0,0,0,0,0,0,0,0,0,0,0,0,0,0,0,0,0,0,0,0,0,0,0,0,0,0,0,0,0,1,3,0,"2,2","4,8","2,3",0,"2,5",Chicago,CHICAGO,1202-3207,False,,
2026-27,baseball,University Athletic Association (UAA),uaa,Chicago,Lucien Reed,Lucien,Reed,,137,Lucien Reed,0,0CHICAGO,7,4,,,16,2,2,1,0,0,0,2,0,3,4,0,1,0,0,0,0,0,0,1,0,1,0,0.333,2,21,1,1.000,.125,.125,4,1,1,0,0,0,0,0,0,6,.833,0,.000,1,1,0,0,0,0,0,0,0,0,1.0,1,1,0,2,0,0,1,9.00,4,5,0,1,0,0,0,0,0,2,.250,2,0,6,2,"0,6",0,0,6,"1,10",0.10,1,10,"0,7",0,0,7,0,0,0,0,0,0,0,0,"2,3","1,2","5,12",2,0,0,0,1,0,0,0,1,6,0,0,1,0,"1,1","0,1","0,2",0,"0,1",Chicago,CHICAGO,1202-2812,False,,
2026-27,baseball,University Athletic Association (UAA),uaa,Chicago,Nicholas Deakin,Nicholas,Deakin,,137,Nicholas Deakin,0,0CHICAGO,5,0,,,0,0,0,0,0,0,0,0,0,0,0,0,0,0,0,0,0,0,0,0,0,0,0,0.000,0,0,0,.000,.000,.000,1,0,0,0,0,2,0,0,0,1,1.000,2,1.000,11,1,0,0,0,0,0,0,0,0,6.2,15,10,2,5,3,1,2,13.50,32,40,1,5,0,1,0,0,0,2,.344,0,0,0,0,0,0,0,0,0,0,0,0,0,0,0,0,0,0,0,0,0,0,0,0,0,0,0,0,0,0,0,0,0,0,0,0,0,0,8,7,0,"1,2","0,2","0,1",0,"0,1",Chicago,CHICAGO,1202-2806,False,,
2026-27,baseball,University Athletic Association (UAA),uaa,Chicago,Jonathan Lazar,Jonathan,Lazar,,137,Jonathan Lazar,0,0CHICAGO,6,0,,,0,0,0,0,0,0,0,0,0,0,0,0,0,0,0,0,0,0,0,0,0,0,0,0.000,0,0,0,.000,.000,.000,0,1,0,0,0,1,0,0,0,1,1.000,1,1.000,5,1,0,1,0,0,0,0,0,0,5.0,5,3,5,8,0,0,0,5.40,21,30,2,4,1,0,0,0,0,2,.238,0,0,0,0,0,0,0,0,0,0,0,0,0,0,0,0,0,0,0,0,0,0,0,0,0,0,0,0,0,0,0,0,0,0,0,0,0,0,2,5,0,"1,1","1,8","0,3",0,"0,2",Chicago,CHICAGO,1202-2814,False,,
2026-27,baseball,University Athletic Association (UAA),uaa,Chicago,Matthew Richert,Matthew,Richert,,137,Matthew Richert,0,0CHICAGO,6,1,,,0,0,0,0,0,0,0,0,0,0,0,0,0,0,0,0,0,0,0,0,0,0,0,0.000,0,0,0,.000,.000,.000,2,1,1,0,0,1,0,0,0,4,.750,1,1.000,5,1,1,0,0,1,0,0,0,0,6.1,7,7,6,8,0,1,0,9.95,22,34,2,4,0,2,0,0,0,2,.227,0,0,0,0,0,0,0,0,0,0,0,0,0,0,0,0,0,0,0,0,0,0,0,0,0,0,0,0,0,0,0,0,0,0,0,0,0,0,7,4,0,"0,4","1,4","1,10",0,"0,4",Chicago,CHICAGO,1202-2525,False,,
2026-27,baseball,University Athletic Association (UAA),uaa,Chicago,Wade Hartrick,Wade,Hartrick,,137,Wade Hartrick,0,0CHICAGO,7,0,,,1,1,0,0,0,0,0,2,0,0,1,0,0,0,0,0,0,0,0,0,0,0,0,0.667,0,3,0,.000,.000,.000,4,1,0,0,0,2,0,0,0,5,1.000,2,1.000,4,1,0,0,1,0,0,0,0,0,3.0,7,7,5,3,2,0,0,21.00,12,20,2,2,0,1,0,0,0,2,.333,0,0,0,0,0,0,0,0,0,0,0,0,0,0,0,0,0,0,0,0,0,0,0,0,"0,1",0,"1,1",0,0,0,0,0,0,0,0,0,0,0,3,3,0,"2,3","2,3","1,1",0,"0,3",Chicago,CHICAGO,1202-2815,False,,
2026-27,baseball,University Athletic Association (UAA),uaa,Chicago,Toby Halloran,Toby,Halloran,,137,Toby Halloran,0,0CHICAGO,1,0,,,0,0,0,0,0,0,0,1,0,1,0,0,0,0,0,0,0,0,0,0,0,0,0,1.000,0,2,0,.000,.000,.000,0,0,0,0,0,0,0,0,0,0,0.000,0,.000,,,,,,,,,,,,,,,,,,,,,,,,,,,,,,,0,0,0,0,0,0,0,0,0,0,0,0,0,0,0,0,0,0,0,0,0,0,0,0,0,0,"1,1",0,0,0,0,0,0,0,0,0,0,0,,,,,,,,,Chicago,CHICAGO,1202-3213,False,,
2026-27,baseball,University Athletic Association (UAA),uaa,Chicago,Landon Brice,Landon,Brice,,137,Landon Brice,0,0CHICAGO,2,2,,,0,0,0,0,0,0,0,0,0,0,0,0,0,0,0,0,0,0,0,0,0,0,0,0.000,0,0,0,.000,.000,.000,0,1,0,0,0,3,2,0,0,1,1.000,5,.600,10,1,2,0,1,0,0,0,0,0,11.0,2,2,3,10,3,0,0,1.64,41,44,2,0,0,0,0,0,0,1,.244,0,0,0,0,0,0,0,0,0,0,0,0,0,0,0,0,0,0,0,0,0,0,0,0,0,0,0,0,0,0,0,0,0,0,0,0,0,0,9,11,0,"3,7","2,11","1,2",0,"2,7",Chicago,CHICAGO,1202-2528,False,,
2026-27,baseball,University Athletic Association (UAA),uaa,Chicago,Ziggy Bereday,Ziggy,Bereday,,137,Ziggy Bereday,0,0CHICAGO,2,0,,,1,0,0,0,0,0,0,0,0,0,0,0,0,0,0,0,0,0,0,0,0,0,0,0.000,0,1,0,.000,.000,.000,0,0,0,0,0,0,0,0,0,0,0.000,0,.000,1,1,0,0,0,0,0,0,0,0,1.1,1,1,3,2,1,0,0,6.75,5,9,0,1,0,0,0,0,0,1,.200,0,0,0,1,"0,1",0,0,1,"0,1",0,0,1,0,0,0,0,0,0,0,0,0,0,0,0,0,0,"0,1",0,0,0,0,"0,1",0,0,1,0,1,0,1,1,0,"1,1","0,4",0,0,"1,3",Chicago,CHICAGO,1202-2368,False,,
