conference_code,conference,season,sport,team,player_name,class_year,position,uniform,games_played,games_started,attack_stats_hitting_pct,attack_stats_attempts,attack_stats_errors,attack_stats_kills,set_stats_assists,set_stats_errors,set_stats_attempts,set_stats_set_pct,serve_stats_aces,serve_stats_errors,serve_stats_attempts,serve_stats_serve_pct,defense_stats_defense_pct,defense_stats_attempts,defense_stats_receptions,defense_stats_digs,block_stats_total,block_stats_errors,block_stats_assists,block_stats_solos,misc_stats_points,misc_stats_ball_handling_errors,per_set_stats_kills,per_set_stats_assists,per_set_stats_digs,per_set_stats_blocks,per_set_stats_aces,per_set_stats_points,composite_score,rank,rating,global_rank
ccc,Conference of New England (CCC),2025-26,wvball,Endicott College,Hadley Helenbrook,0,,3,106,33,0.207,1100.0,217.0,445.0,41.0,6.0,180.0,0.0,48.0,76.0,371.0,0.0,0.0,739.0,44.0,293.0,29.0,5.0,24.0,5.0,510.0,1.0,4.2,0.39,2.76,0.27,0.45,4.81,6.193589169644161,1,99,26
ccc,Conference of New England (CCC),2025-26,wvball,Gordon College,"Hutzler, Haley",0,,12,100,41,0.225,1076.0,106.0,348.0,24.0,4.0,149.0,0.0,41.0,31.0,379.0,0.0,0.0,647.0,73.0,363.0,24.0,3.0,21.0,3.0,402.5,0.0,3.48,0.24,3.63,0.24,0.41,4.03,5.68272706637846,2,95,50
ccc,Conference of New England (CCC),2025-26,wvball,Wentworth Institute of Technology,"Sanders, Emma",0,,13,94,36,0.301,793.0,68.0,307.0,9.0,2.0,104.0,0.0,41.0,20.0,263.0,0.0,0.0,71.0,3.0,229.0,34.0,1.0,34.0,0.0,365.0,1.0,3.27,0.1,2.44,0.36,0.44,3.88,5.591280201925732,3,93,62
ccc,Conference of New England (CCC),2025-26,wvball,Western New England University,"Barber, Léa",0,,9,86,25,0.127,979.0,163.0,287.0,10.0,1.0,105.0,0.0,44.0,45.0,303.0,0.0,0.0,640.0,73.0,288.0,29.0,1.0,29.0,0.0,346.0,2.0,3.34,0.12,3.35,0.34,0.51,4.02,5.479795436643479,4,92,71
ccc,Conference of New England (CCC),2025-26,wvball,Endicott College,Dresback Ava grace,0,,12,106,33,0.154,1080.0,187.0,353.0,40.0,0.0,155.0,0.0,41.0,29.0,381.0,0.0,0.0,560.0,38.0,273.0,31.0,3.0,27.0,4.0,411.5,0.0,3.33,0.38,2.58,0.29,0.39,3.88,4.873150656665112,5,90,121
ccc,Conference of New England (CCC),2025-26,wvball,Endicott College,Hannah Maguire,0,,7,107,33,0.231,238.0,24.0,79.0,1056.0,32.0,2959.0,0.0,59.0,37.0,437.0,0.0,0.0,4.0,1.0,267.0,26.0,3.0,24.0,2.0,152.0,1.0,0.74,9.87,2.5,0.24,0.55,1.42,4.588074317718857,6,89,149
ccc,Conference of New England (CCC),2025-26,wvball,Gordon College,"Zimmerman, Annie",0,,22,103,40,0.19,990.0,107.0,295.0,23.0,2.0,136.0,0.0,43.0,17.0,354.0,0.0,0.0,539.0,36.0,324.0,24.0,3.0,23.0,1.0,350.5,0.0,2.86,0.22,3.15,0.23,0.42,3.4,4.518961724710204,7,89,173
ccc,Conference of New England (CCC),2025-26,wvball,University of Hartford,"Murphy, Jordan",0,,12,71,19,0.183,661.0,105.0,226.0,2.0,13.0,98.0,0.0,9.0,16.0,60.0,0.0,0.0,263.0,18.0,120.0,29.0,1.0,24.0,5.0,252.0,0.0,3.18,0.03,1.69,0.41,0.13,3.55,4.246372103983677,8,88,230
ccc,Conference of New England (CCC),2025-26,wvball,Wentworth Institute of Technology,"McLane, Kate",0,,1,82,29,0.232,766.0,102.0,280.0,1.0,4.0,35.0,0.0,1.0,0.0,6.0,0.0,0.0,230.0,39.0,80.0,27.0,1.0,25.0,2.0,295.5,0.0,3.41,0.01,0.98,0.33,0.01,3.6,4.023712989540866,9,87,273
ccc,Conference of New England (CCC),2025-26,wvball,University of New England,Ellijah Hanley,0,,23,83,23,0.166,841.0,119.0,259.0,12.0,3.0,66.0,0.0,15.0,12.0,171.0,0.0,0.0,312.0,25.0,165.0,22.0,3.0,22.0,0.0,285.0,0.0,3.12,0.14,1.99,0.27,0.18,3.43,3.9904622262023386,10,86,278
ccc,Conference of New England (CCC),2025-26,wvball,University of New England,Hannah Nowell,0,,12,83,26,0.17,699.0,100.0,219.0,5.0,0.0,54.0,0.0,17.0,27.0,196.0,0.0,0.0,248.0,31.0,180.0,41.0,4.0,37.0,4.0,258.5,1.0,2.64,0.06,2.17,0.49,0.2,3.11,3.741287487885769,11,86,355
ccc,Conference of New England (CCC),2025-26,wvball,Gordon College,"Schmitt, Annika",0,,1,105,41,0.144,209.0,13.0,43.0,899.0,19.0,2573.0,0.0,70.0,49.0,482.0,0.0,0.0,10.0,0.0,270.0,16.0,3.0,16.0,0.0,121.0,3.0,0.41,8.56,2.57,0.15,0.67,1.15,3.6814357676709233,12,85,335
ccc,Conference of New England (CCC),2025-26,wvball,Western New England University,"Henkel, Charlei",0,,15,93,27,0.174,748.0,88.0,218.0,14.0,4.0,121.0,0.0,45.0,31.0,346.0,0.0,0.0,478.0,29.0,290.0,17.0,3.0,14.0,3.0,273.0,0.0,2.34,0.15,3.12,0.18,0.48,2.94,3.642736742163265,13,84,380
ccc,Conference of New England (CCC),2025-26,wvball,University of Hartford,"Murphy, Jenna",0,,11,72,21,0.228,298.0,43.0,111.0,6.0,5.0,42.0,0.0,0.0,0.0,9.0,0.0,0.0,2.0,0.0,19.0,97.0,13.0,68.0,29.0,174.0,0.0,1.54,0.08,0.26,1.35,0.0,2.42,3.340846758480321,14,84,489
ccc,Conference of New England (CCC),2025-26,wvball,Roger Williams University,"Fish, Kaydence",0,,14,77,23,0.282,248.0,36.0,106.0,9.0,3.0,60.0,0.0,22.0,36.0,138.0,0.0,0.0,2.0,0.0,39.0,86.0,11.0,73.0,13.0,177.5,2.0,1.38,0.12,0.51,1.12,0.29,2.31,3.179677063299613,15,83,541
ccc,Conference of New England (CCC),2025-26,wvball,Wentworth Institute of Technology,"Vaughn, Olivia",0,,18,81,32,0.031,65.0,7.0,9.0,722.0,11.0,1907.0,0.0,41.0,14.0,380.0,0.0,0.0,4.0,0.0,184.0,20.0,0.0,20.0,0.0,60.0,2.0,0.11,8.91,2.27,0.25,0.51,0.74,3.175554586706481,16,83,508
ccc,Conference of New England (CCC),2025-26,wvball,Suffolk University,"Cervenka, Grace",0,,5,93,29,0.268,407.0,55.0,164.0,6.0,3.0,47.0,0.0,32.0,27.0,180.0,0.0,0.0,2.0,2.0,66.0,62.0,11.0,50.0,12.0,233.0,1.0,1.76,0.06,0.71,0.67,0.34,2.51,2.9496121373549617,17,82,625
ccc,Conference of New England (CCC),2025-26,wvball,Roger Williams University,"Jackson, Kaylee",0,,12,97,29,0.142,746.0,120.0,226.0,29.0,15.0,218.0,0.0,22.0,17.0,336.0,0.0,0.0,454.0,20.0,303.0,19.0,4.0,16.0,3.0,259.0,3.0,2.33,0.3,3.12,0.2,0.23,2.67,2.840916499764508,18,81,665
ccc,Conference of New England (CCC),2025-26,wvball,Wentworth Institute of Technology,"Swanson, Mika",0,,21,37,13,0.258,128.0,22.0,55.0,5.0,1.0,21.0,0.0,20.0,16.0,106.0,0.0,0.0,4.0,0.0,32.0,17.0,0.0,16.0,1.0,84.0,0.0,1.49,0.14,0.86,0.46,0.54,2.27,2.8363880436217372,19,81,662
ccc,Conference of New England (CCC),2025-26,wvball,Roger Williams University,"Felix, Peyton",0,,8,96,24,0.203,587.0,68.0,187.0,12.0,6.0,85.0,0.0,1.0,12.0,59.0,0.0,0.0,46.0,3.0,98.0,81.0,5.0,77.0,4.0,230.5,2.0,1.95,0.13,1.02,0.84,0.01,2.4,2.723652746048194,20,80,704
ccc,Conference of New England (CCC),2025-26,wvball,Roger Williams University,"West, Angela",0,,17,90,24,0.297,414.0,49.0,172.0,4.0,3.0,51.0,0.0,0.0,0.0,2.0,0.0,0.0,0.0,0.0,25.0,76.0,2.0,61.0,15.0,217.5,1.0,1.91,0.04,0.28,0.84,0.0,2.42,2.658169594910848,21,80,730
ccc,Conference of New England (CCC),2025-26,wvball,Suffolk University,"Clement, Chloe",0,,23,93,29,0.103,726.0,95.0,170.0,16.0,5.0,78.0,0.0,39.0,37.0,206.0,0.0,0.0,339.0,68.0,259.0,24.0,1.0,23.0,1.0,221.5,0.0,1.83,0.17,2.78,0.26,0.42,2.38,2.539582781513127,22,79,770
ccc,Conference of New England (CCC),2025-26,wvball,Roger Williams University,"Picchietti, Brianna",0,,19,73,13,0.201,596.0,66.0,186.0,4.0,5.0,48.0,0.0,0.0,0.0,0.0,0.0,0.0,81.0,11.0,40.0,24.0,1.0,21.0,3.0,199.5,0.0,2.55,0.05,0.55,0.33,0.0,2.73,2.524229648510817,23,79,777
ccc,Conference of New England (CCC),2025-26,wvball,Gordon College,"Clarabuch, Maria",0,,24,88,30,0.164,590.0,98.0,195.0,10.0,4.0,59.0,0.0,22.0,42.0,243.0,0.0,0.0,3.0,1.0,90.0,33.0,9.0,33.0,0.0,233.5,0.0,2.22,0.11,1.02,0.38,0.25,2.65,2.507212751850004,24,79,787
ccc,Conference of New England (CCC),2025-26,wvball,Gordon College,"Brideweser, Teagan",0,,18,93,39,0.252,341.0,70.0,156.0,7.0,4.0,61.0,0.0,15.0,13.0,106.0,0.0,0.0,9.0,1.0,46.0,69.0,13.0,60.0,9.0,210.0,0.0,1.68,0.08,0.49,0.74,0.16,2.26,2.346116758682521,25,78,879
ccc,Conference of New England (CCC),2025-26,wvball,Wentworth Institute of Technology,"Schoonmaker, Riley",0,,7,82,33,0.434,290.0,17.0,143.0,3.0,3.0,37.0,0.0,0.0,1.0,1.0,0.0,0.0,3.0,0.0,20.0,61.0,3.0,51.0,10.0,178.5,1.0,1.74,0.04,0.24,0.74,0.0,2.18,2.2383768053778654,26,78,959
ccc,Conference of New England (CCC),2025-26,wvball,Suffolk University,"Shore, Sami",0,,11,44,13,0.292,168.0,22.0,71.0,2.0,0.0,16.0,0.0,1.0,1.0,3.0,0.0,0.0,1.0,0.0,10.0,36.0,2.0,33.0,3.0,91.5,0.0,1.61,0.05,0.23,0.82,0.02,2.08,2.202296265654221,27,77,980
ccc,Conference of New England (CCC),2025-26,wvball,Western New England University,"Critz, Rachel",0,,7,101,31,0.332,380.0,39.0,165.0,6.0,1.0,38.0,0.0,13.0,16.0,114.0,0.0,0.0,4.0,1.0,25.0,73.0,8.0,61.0,12.0,220.5,2.0,1.63,0.06,0.25,0.72,0.13,2.18,2.195612459449846,28,77,983
ccc,Conference of New England (CCC),2025-26,wvball,University of New England,Chloe Miracle,0,,19,80,25,0.15,525.0,76.0,155.0,3.0,2.0,62.0,0.0,10.0,26.0,140.0,0.0,0.0,239.0,17.0,194.0,31.0,3.0,26.0,5.0,183.0,1.0,1.94,0.04,2.43,0.39,0.13,2.29,2.1900391280408296,29,76,992
ccc,Conference of New England (CCC),2025-26,wvball,Endicott College,Julia Young,0,,2,7,0,0.189,37.0,9.0,16.0,1.0,1.0,5.0,0.0,2.0,5.0,15.0,0.0,0.0,16.0,1.0,10.0,1.0,0.0,1.0,0.0,18.5,0.0,2.29,0.14,1.43,0.14,0.29,2.64,2.0917571137748867,30,76,1030
ccc,Conference of New England (CCC),2025-26,wvball,Roger Williams University,"Bosco, Emma",0,,4,83,25,0.168,125.0,7.0,28.0,653.0,27.0,1902.0,0.0,25.0,22.0,340.0,0.0,0.0,5.0,0.0,203.0,3.0,0.0,3.0,0.0,54.5,3.0,0.34,7.87,2.45,0.04,0.3,0.66,2.0624484536849548,31,76,1012
ccc,Conference of New England (CCC),2025-26,wvball,University of New England,Kailyn Reilly,0,,10,75,24,0.295,268.0,23.0,102.0,6.0,3.0,32.0,0.0,2.0,4.0,21.0,0.0,0.0,6.0,1.0,22.0,69.0,8.0,58.0,11.0,144.0,0.0,1.36,0.08,0.29,0.92,0.03,1.92,2.0444235036904046,32,75,1063
ccc,Conference of New England (CCC),2025-26,wvball,Nichols College,Kya Burdier,0,,14,91,34,0.146,583.0,80.0,165.0,137.0,11.0,550.0,0.0,11.0,12.0,155.0,0.0,0.0,10.0,2.0,143.0,24.0,4.0,22.0,2.0,189.0,0.0,1.81,1.51,1.57,0.26,0.12,2.08,1.9927427434971667,33,75,1078
ccc,Conference of New England (CCC),2025-26,wvball,Wentworth Institute of Technology,"Rocchio, Ava",0,,17,74,26,0.274,252.0,37.0,106.0,4.0,1.0,38.0,0.0,6.0,13.0,76.0,0.0,0.0,10.0,1.0,32.0,61.0,2.0,53.0,8.0,146.5,0.0,1.43,0.05,0.43,0.82,0.08,1.98,1.9773163022020779,34,75,1099
ccc,Conference of New England (CCC),2025-26,wvball,Suffolk University,"Lanigan, Aislinn",0,,3,90,28,0.214,112.0,7.0,31.0,551.0,26.0,1193.0,0.0,40.0,34.0,213.0,0.0,0.0,7.0,4.0,165.0,12.0,3.0,11.0,1.0,77.5,7.0,0.34,6.12,1.83,0.13,0.44,0.86,1.9065696830520589,35,74,1101
ccc,Conference of New England (CCC),2025-26,wvball,Nichols College,Alyssa Morse,0,,4,91,33,0.087,641.0,140.0,196.0,12.0,1.0,95.0,0.0,21.0,40.0,238.0,0.0,0.0,552.0,66.0,258.0,8.0,2.0,7.0,1.0,221.5,1.0,2.15,0.13,2.84,0.09,0.23,2.43,1.874256621791616,36,74,1153
ccc,Conference of New England (CCC),2025-26,wvball,Gordon College,"Trogdon, Allison",0,,3,40,8,0.155,213.0,31.0,64.0,6.0,3.0,37.0,0.0,5.0,5.0,51.0,0.0,0.0,86.0,12.0,73.0,16.0,1.0,16.0,0.0,77.0,0.0,1.6,0.15,1.83,0.4,0.13,1.93,1.835058494067785,37,73,1184
ccc,Conference of New England (CCC),2025-26,wvball,University of Hartford,"Johnson, Lauren",0,,5,71,19,0.066,512.0,102.0,136.0,3.0,5.0,50.0,0.0,14.0,24.0,159.0,0.0,0.0,77.0,15.0,67.0,25.0,1.0,21.0,4.0,164.5,0.0,1.92,0.04,0.94,0.35,0.2,2.32,1.820784477185871,38,73,1188
ccc,Conference of New England (CCC),2025-26,wvball,Endicott College,Angelina Fitzharris,0,,5,82,24,0.231,350.0,55.0,136.0,7.0,1.0,28.0,0.0,0.0,0.0,0.0,0.0,0.0,2.0,0.0,11.0,54.0,4.0,44.0,10.0,168.0,0.0,1.66,0.09,0.13,0.66,0.0,2.05,1.7022098896557736,39,73,1256
ccc,Conference of New England (CCC),2025-26,wvball,Gordon College,"Ledbetter, Jael",0,,11,11,1,0.333,33.0,6.0,17.0,1.0,0.0,1.0,0.0,0.0,0.0,1.0,0.0,0.0,1.0,0.0,1.0,7.0,1.0,6.0,1.0,21.0,0.0,1.55,0.09,0.09,0.64,0.0,1.91,1.6724310465535899,40,72,1269
ccc,Conference of New England (CCC),2025-26,wvball,University of New England,Kendall Gallaugher,0,,11,79,26,0.255,243.0,35.0,97.0,9.0,4.0,58.0,0.0,29.0,22.0,325.0,0.0,0.0,6.0,0.0,48.0,36.0,6.0,34.0,2.0,145.0,0.0,1.23,0.11,0.61,0.46,0.37,1.84,1.650562341984212,41,72,1271
ccc,Conference of New England (CCC),2025-26,wvball,Suffolk University,"Mik, Jordyn",0,,16,31,7,0.044,182.0,39.0,47.0,1.0,2.0,22.0,0.0,7.0,8.0,25.0,0.0,0.0,54.0,12.0,24.0,11.0,1.0,10.0,1.0,60.0,0.0,1.52,0.03,0.77,0.35,0.23,1.94,1.5579473922111777,42,72,1346
ccc,Conference of New England (CCC),2025-26,wvball,University of Hartford,"Robinshaw, Juliana",0,,17,59,16,0.07,359.0,65.0,90.0,8.0,6.0,70.0,0.0,18.0,16.0,164.0,0.0,0.0,297.0,25.0,124.0,10.0,1.0,8.0,2.0,114.0,0.0,1.53,0.14,2.1,0.17,0.31,1.93,1.5574538687806245,43,71,1345
ccc,Conference of New England (CCC),2025-26,wvball,Endicott College,Kelsey Sanborn,0,,21,67,10,0.187,273.0,43.0,94.0,0.0,0.0,17.0,0.0,10.0,4.0,45.0,0.0,0.0,2.0,0.0,27.0,36.0,2.0,30.0,6.0,125.0,1.0,1.4,0.0,0.4,0.54,0.15,1.87,1.4785362210954935,44,71,1390
ccc,Conference of New England (CCC),2025-26,wvball,Roger Williams University,"Winsten, Lily",0,,16,40,11,0.151,106.0,17.0,33.0,5.0,1.0,23.0,0.0,12.0,6.0,112.0,0.0,0.0,3.0,1.0,17.0,27.0,3.0,22.0,5.0,61.0,1.0,0.83,0.13,0.43,0.68,0.3,1.53,1.429573983113674,45,71,1418
ccc,Conference of New England (CCC),2025-26,wvball,Nichols College,Maille Ianniruberto,0,,10,85,34,0.172,273.0,51.0,98.0,10.0,2.0,53.0,0.0,28.0,35.0,219.0,0.0,0.0,8.0,0.0,37.0,45.0,9.0,31.0,14.0,155.5,2.0,1.15,0.12,0.44,0.53,0.33,1.83,1.4138774091391837,46,70,1433
ccc,Conference of New England (CCC),2025-26,wvball,Suffolk University,"Michon, Sam",0,,0,49,10,0.109,229.0,45.0,70.0,1.0,1.0,13.0,0.0,0.0,1.0,3.0,0.0,0.0,0.0,0.0,33.0,32.0,1.0,29.0,3.0,87.5,0.0,1.43,0.02,0.67,0.65,0.0,1.79,1.3805754372010748,47,70,1473
ccc,Conference of New England (CCC),2025-26,wvball,Nichols College,St onge Ruby,0,,11,86,30,0.062,97.0,14.0,20.0,417.0,14.0,1377.0,0.0,44.0,34.0,329.0,0.0,0.0,4.0,1.0,160.0,5.0,1.0,5.0,0.0,66.5,2.0,0.23,4.85,1.86,0.06,0.51,0.77,1.281073237278986,48,70,1495
ccc,Conference of New England (CCC),2025-26,wvball,Wentworth Institute of Technology,"Davenport, Elena",0,,24,49,5,0.147,273.0,46.0,86.0,1.0,2.0,17.0,0.0,0.0,1.0,1.0,0.0,0.0,63.0,9.0,25.0,18.0,0.0,17.0,1.0,95.5,0.0,1.76,0.02,0.51,0.37,0.0,1.95,1.247674070554436,49,70,1561
ccc,Conference of New England (CCC),2025-26,wvball,Roger Williams University,"Unsworth, Izzy",0,,2,93,15,0.095,441.0,77.0,119.0,15.0,6.0,127.0,0.0,45.0,76.0,368.0,0.0,0.0,470.0,23.0,258.0,11.0,3.0,10.0,1.0,170.0,0.0,1.28,0.16,2.77,0.12,0.48,1.83,1.2381252936745297,50,69,1566
ccc,Conference of New England (CCC),2025-26,wvball,Gordon College,"Hansen, Evey",0,,8,30,6,0.234,94.0,16.0,38.0,2.0,0.0,5.0,0.0,0.0,3.0,33.0,0.0,0.0,3.0,1.0,11.0,20.0,1.0,17.0,3.0,49.5,0.0,1.27,0.07,0.37,0.67,0.0,1.65,1.22710783979889,51,69,1580
ccc,Conference of New England (CCC),2025-26,wvball,University of New England,Hayley Shult,0,,20,71,16,0.03,33.0,4.0,5.0,469.0,18.0,1378.0,0.0,16.0,17.0,188.0,0.0,0.0,3.0,3.0,154.0,13.0,0.0,13.0,0.0,27.5,1.0,0.07,6.61,2.17,0.18,0.23,0.39,1.2266659711938834,52,69,1530
ccc,Conference of New England (CCC),2025-26,wvball,Roger Williams University,"McGonagle, Ava",0,,13,30,4,0.152,46.0,5.0,12.0,158.0,14.0,535.0,0.0,5.0,8.0,52.0,0.0,0.0,0.0,0.0,19.0,10.0,2.0,10.0,0.0,22.0,3.0,0.4,5.27,0.63,0.33,0.17,0.73,1.219768762188267,53,68,1545
ccc,Conference of New England (CCC),2025-26,wvball,Suffolk University,"Norgrove, Emily",0,,21,88,26,0.032,624.0,133.0,153.0,2.0,2.0,35.0,0.0,18.0,15.0,97.0,0.0,0.0,83.0,17.0,89.0,24.0,7.0,20.0,4.0,185.0,1.0,1.74,0.02,1.01,0.27,0.2,2.1,1.2172775260669422,54,68,1572
ccc,Conference of New England (CCC),2025-26,wvball,Wentworth Institute of Technology,"Smith, Sydnee",0,,16,27,5,-0.023,44.0,7.0,6.0,155.0,6.0,424.0,0.0,9.0,14.0,90.0,0.0,0.0,1.0,0.0,49.0,2.0,0.0,2.0,0.0,16.0,0.0,0.22,5.74,1.81,0.07,0.33,0.59,1.182059038631196,55,68,1560
ccc,Conference of New England (CCC),2025-26,wvball,Western New England University,"Barber, LÃ©a",0,,9,4,2,0.0,37.0,9.0,9.0,0.0,0.0,1.0,0.0,1.0,0.0,4.0,0.0,0.0,14.0,2.0,4.0,1.0,0.0,1.0,0.0,10.5,0.0,2.25,0.0,1.0,0.25,0.25,2.63,1.1791245066393854,56,67,1606
ccc,Conference of New England (CCC),2025-26,wvball,Nichols College,Mairead Frost,0,,3,88,21,0.063,476.0,89.0,119.0,10.0,6.0,78.0,0.0,37.0,36.0,287.0,0.0,0.0,437.0,52.0,196.0,8.0,10.0,5.0,3.0,161.5,0.0,1.35,0.11,2.23,0.09,0.42,1.84,1.1781949352478591,57,67,1608
ccc,Conference of New England (CCC),2025-26,wvball,Suffolk University,"Thomander, Emmy",0,,14,89,21,0.168,388.0,71.0,136.0,1.0,1.0,18.0,0.0,0.0,0.0,0.0,0.0,0.0,7.0,1.0,26.0,51.0,5.0,46.0,5.0,164.0,0.0,1.53,0.01,0.29,0.57,0.0,1.84,1.148639609950189,58,67,1641
ccc,Conference of New England (CCC),2025-26,wvball,Wentworth Institute of Technology,"Morford, Savannah",0,,9,9,1,0.082,49.0,11.0,15.0,0.0,1.0,3.0,0.0,0.0,0.0,0.0,0.0,0.0,6.0,0.0,6.0,3.0,0.0,3.0,0.0,16.5,0.0,1.67,0.0,0.67,0.33,0.0,1.83,1.0728488961282905,59,67,1717
ccc,Conference of New England (CCC),2025-26,wvball,Gordon College,"Doyle, Kate",0,,16,8,1,0.273,11.0,2.0,5.0,31.0,0.0,86.0,0.0,0.0,0.0,0.0,0.0,0.0,0.0,0.0,5.0,4.0,1.0,2.0,2.0,8.0,0.0,0.63,3.88,0.63,0.5,0.0,1.0,0.9633593524413864,60,66,1773
ccc,Conference of New England (CCC),2025-26,wvball,Curry College,Morgan Kramer,0,,24,73,17,-0.015,478.0,110.0,103.0,16.0,3.0,66.0,0.0,24.0,33.0,167.0,0.0,0.0,164.0,20.0,116.0,8.0,3.0,7.0,1.0,131.5,0.0,1.41,0.22,1.59,0.11,0.33,1.8,0.8340124252504455,61,66,1910
ccc,Conference of New England (CCC),2025-26,wvball,Endicott College,Sophie Breitenbach,0,,13,10,2,0.35,40.0,2.0,16.0,1.0,0.0,5.0,0.0,0.0,0.0,0.0,0.0,0.0,0.0,0.0,2.0,2.0,0.0,2.0,0.0,17.0,0.0,1.6,0.1,0.2,0.2,0.0,1.7,0.7336361770569969,62,66,2005
ccc,Conference of New England (CCC),2025-26,wvball,Western New England University,"Sharp, Adrionne",0,,1,64,18,0.149,175.0,43.0,69.0,5.0,3.0,31.0,0.0,0.0,0.0,0.0,0.0,0.0,5.0,2.0,17.0,41.0,3.0,29.0,12.0,95.5,0.0,1.08,0.08,0.27,0.64,0.0,1.49,0.718547914909279,63,65,2013
ccc,Conference of New England (CCC),2025-26,wvball,Wentworth Institute of Technology,"Bachli, Megan",0,,2,1,0,0.8,5.0,0.0,4.0,0.0,0.0,0.0,0.0,0.0,0.0,0.0,0.0,0.0,0.0,0.0,1.0,1.0,0.0,1.0,0.0,4.5,0.0,4.0,0.0,1.0,1.0,0.0,4.5,0.7146671840969447,64,65,2002
ccc,Conference of New England (CCC),2025-26,wvball,Gordon College,"Alleva, Rachel",0,,2,15,1,0.185,65.0,7.0,19.0,3.0,0.0,8.0,0.0,1.0,3.0,25.0,0.0,0.0,41.0,6.0,27.0,3.0,0.0,3.0,0.0,21.5,0.0,1.27,0.2,1.8,0.2,0.07,1.43,0.7059648494603769,65,65,2024
ccc,Conference of New England (CCC),2025-26,wvball,Endicott College,Talia Camacho,0,,14,60,15,0.211,180.0,28.0,66.0,3.0,0.0,14.0,0.0,0.0,2.0,2.0,0.0,0.0,0.0,0.0,15.0,37.0,6.0,33.0,4.0,86.5,0.0,1.1,0.05,0.25,0.62,0.0,1.44,0.6973659568008913,66,65,2029
ccc,Conference of New England (CCC),2025-26,wvball,Curry College,Jasmyne Fillippini,0,,23,77,23,0.184,103.0,11.0,30.0,334.0,22.0,1270.0,0.0,21.0,25.0,227.0,0.0,0.0,7.0,0.0,150.0,3.0,0.0,3.0,0.0,52.5,6.0,0.39,4.34,1.95,0.04,0.27,0.68,0.6792869563723504,67,64,2007
ccc,Conference of New England (CCC),2025-26,wvball,University of Hartford,"Cosby, Mattea",0,,15,69,14,0.036,83.0,15.0,18.0,235.0,32.0,918.0,0.0,16.0,30.0,194.0,0.0,0.0,5.0,0.0,108.0,24.0,6.0,23.0,1.0,46.5,0.0,0.26,3.41,1.57,0.35,0.23,0.67,0.5906926323281971,68,64,2115
ccc,Conference of New England (CCC),2025-26,wvball,Curry College,Meghan Abbott,0,,7,78,28,0.03,461.0,114.0,128.0,3.0,6.0,37.0,0.0,17.0,34.0,123.0,0.0,0.0,164.0,36.0,47.0,8.0,1.0,8.0,0.0,149.0,0.0,1.64,0.04,0.6,0.1,0.22,1.91,0.5563473694471717,69,64,2156
ccc,Conference of New England (CCC),2025-26,wvball,Curry College,Emma Hobart,0,,13,52,12,0.019,262.0,58.0,63.0,1.0,3.0,27.0,0.0,9.0,17.0,63.0,0.0,0.0,19.0,8.0,34.0,15.0,1.0,12.0,3.0,81.0,1.0,1.21,0.02,0.65,0.29,0.17,1.56,0.49551717038655013,70,64,2218
ccc,Conference of New England (CCC),2025-26,wvball,Nichols College,Melina Bezati,0,,5,55,9,0.06,265.0,57.0,73.0,5.0,2.0,34.0,0.0,12.0,16.0,78.0,0.0,0.0,173.0,34.0,79.0,3.0,1.0,3.0,0.0,86.5,0.0,1.33,0.09,1.44,0.05,0.22,1.57,0.48500450003373735,71,63,2228
ccc,Conference of New England (CCC),2025-26,wvball,University of New England,Abby Zamora,0,,6,54,10,0.293,58.0,2.0,19.0,226.0,10.0,784.0,0.0,10.0,7.0,169.0,0.0,0.0,5.0,1.0,103.0,2.0,0.0,2.0,0.0,30.0,1.0,0.35,4.19,1.91,0.04,0.19,0.56,0.4541303944926051,72,63,2222
ccc,Conference of New England (CCC),2025-26,wvball,Gordon College,"Arico, Quinn",0,,10,17,2,0.089,56.0,10.0,15.0,3.0,0.0,11.0,0.0,5.0,2.0,39.0,0.0,0.0,0.0,0.0,24.0,2.0,0.0,2.0,0.0,21.0,0.0,0.88,0.18,1.41,0.12,0.29,1.24,0.42151271107835814,73,63,2293
ccc,Conference of New England (CCC),2025-26,wvball,Endicott College,Lauren Egan,0,,27,4,0,0.667,3.0,0.0,2.0,19.0,1.0,46.0,0.0,1.0,2.0,14.0,0.0,0.0,0.0,0.0,4.0,0.0,0.0,0.0,0.0,3.0,0.0,0.5,4.75,1.0,0.0,0.25,0.75,0.3400061588625423,74,63,2348
ccc,Conference of New England (CCC),2025-26,wvball,Endicott College,"Moreau, Stephanie",0,,16,90,30,0.089,282.0,75.0,100.0,0.0,1.0,15.0,0.0,0.0,0.0,1.0,0.0,0.0,1.0,0.0,9.0,50.0,2.0,43.0,7.0,128.5,0.0,1.11,0.0,0.1,0.56,0.0,1.43,0.308694161731204,75,62,2421
ccc,Conference of New England (CCC),2025-26,wvball,Gordon College,"Bruner, Morgan",0,,5,93,37,0.146,274.0,48.0,88.0,10.0,3.0,54.0,0.0,13.0,17.0,144.0,0.0,0.0,4.0,0.0,39.0,41.0,7.0,34.0,7.0,125.0,0.0,0.95,0.11,0.42,0.44,0.14,1.34,0.30576911304466275,76,62,2423
ccc,Conference of New England (CCC),2025-26,wvball,University of Hartford,"Connally, Kylee",0,,10,71,20,-0.013,78.0,11.0,10.0,323.0,11.0,1121.0,0.0,21.0,22.0,233.0,0.0,0.0,8.0,0.0,103.0,2.0,0.0,2.0,0.0,32.0,1.0,0.14,4.55,1.45,0.03,0.3,0.45,0.2690803089326723,77,62,2410
ccc,Conference of New England (CCC),2025-26,wvball,Curry College,Ciara Crayton,0,,2,82,28,0.075,255.0,63.0,82.0,6.0,1.0,28.0,0.0,24.0,35.0,148.0,0.0,0.0,3.0,0.0,29.0,21.0,3.0,13.0,8.0,120.5,1.0,1.0,0.07,0.35,0.26,0.29,1.47,0.24394044479037563,78,62,2480
ccc,Conference of New England (CCC),2025-26,wvball,University of New England,Kelsey Bradshaw,0,,1,83,0,-0.055,73.0,11.0,7.0,96.0,7.0,339.0,0.0,42.0,33.0,278.0,0.0,0.0,459.0,26.0,352.0,0.0,0.0,0.0,0.0,49.0,0.0,0.08,1.16,4.24,0.0,0.51,0.59,0.15819372260443465,79,61,2555
ccc,Conference of New England (CCC),2025-26,wvball,Roger Williams University,"McGovern, Michaela",0,,21,1,0,0.0,3.0,1.0,1.0,0.0,0.0,0.0,0.0,0.0,0.0,0.0,0.0,0.0,0.0,0.0,0.0,1.0,0.0,1.0,0.0,1.5,0.0,1.0,0.0,0.0,1.0,0.0,1.5,0.14589696697398744,80,61,2565
ccc,Conference of New England (CCC),2025-26,wvball,Roger Williams University,"Davis, Claire",0,,22,6,1,0.455,11.0,2.0,7.0,0.0,0.0,6.0,0.0,0.0,0.0,0.0,0.0,0.0,1.0,0.0,1.0,2.0,0.0,2.0,0.0,8.0,0.0,1.17,0.0,0.17,0.33,0.0,1.33,0.1279147408454648,81,61,2605
ccc,Conference of New England (CCC),2025-26,wvball,Western New England University,"Warren, Leah",0,,5,39,8,0.109,137.0,31.0,46.0,1.0,0.0,9.0,0.0,1.0,0.0,18.0,0.0,0.0,0.0,0.0,12.0,11.0,0.0,10.0,1.0,53.0,0.0,1.18,0.03,0.31,0.28,0.03,1.36,0.1201407977288245,82,61,2618
ccc,Conference of New England (CCC),2025-26,wvball,Wentworth Institute of Technology,"Taylor, Clairissa",0,,12,9,2,0.308,26.0,3.0,11.0,0.0,0.0,1.0,0.0,0.0,1.0,7.0,0.0,0.0,0.0,0.0,3.0,2.0,0.0,2.0,0.0,12.0,0.0,1.22,0.0,0.33,0.22,0.0,1.33,0.06667650600273174,83,60,2685
ccc,Conference of New England (CCC),2025-26,wvball,Suffolk University,"Ergin, Ela",0,,19,1,0,0.0,0.0,0.0,0.0,0.0,0.0,0.0,0.0,1.0,1.0,0.0,0.0,0.0,0.0,0.0,0.0,0.0,0.0,0.0,0.0,1.0,0.0,0.0,0.0,0.0,0.0,1.0,1.0,0.04562642291768821,84,60,2674
ccc,Conference of New England (CCC),2025-26,wvball,Western New England University,"Long, Olivia",0,,2,16,1,-0.119,42.0,12.0,7.0,0.0,0.0,4.0,0.0,6.0,7.0,36.0,0.0,0.0,2.0,0.0,17.0,4.0,0.0,4.0,0.0,15.0,0.0,0.44,0.0,1.06,0.25,0.38,0.94,0.015221691585151582,85,60,2732
ccc,Conference of New England (CCC),2025-26,wvball,Nichols College,Brooke Patridge,0,,17,0,0,0.0,0.0,0.0,0.0,0.0,0.0,0.0,0.0,0.0,0.0,0.0,0.0,0.0,0.0,0.0,0.0,0.0,0.0,0.0,0.0,0.0,0.0,0.0,0.0,0.0,0.0,0.0,0.0,-0.0,86,60,2762
ccc,Conference of New England (CCC),2025-26,wvball,Western New England University,"Barber, L?a",0,,9,0,0,0.0,0.0,0.0,0.0,0.0,0.0,0.0,0.0,0.0,0.0,0.0,0.0,0.0,0.0,0.0,0.0,0.0,0.0,0.0,0.0,0.0,0.0,0.0,0.0,0.0,0.0,0.0,0.0,-0.0,87,60,2758
ccc,Conference of New England (CCC),2025-26,wvball,Curry College,Maddie Cosentino,0,,18,0,0,0.0,0.0,0.0,0.0,0.0,0.0,0.0,0.0,0.0,0.0,0.0,0.0,0.0,0.0,0.0,0.0,0.0,0.0,0.0,0.0,0.0,0.0,0.0,0.0,0.0,0.0,0.0,0.0,-0.0,88,59,2761
ccc,Conference of New England (CCC),2025-26,wvball,Western New England University,"Baez, Deana",0,,11,78,21,0.191,68.0,4.0,17.0,358.0,19.0,1116.0,0.0,0.0,6.0,31.0,0.0,0.0,6.0,0.0,119.0,13.0,2.0,12.0,1.0,24.0,3.0,0.22,4.59,1.53,0.17,0.0,0.31,-0.026762280776054553,89,59,2807
ccc,Conference of New England (CCC),2025-26,wvball,Curry College,Kyla Martin,0,,5,75,22,-0.013,392.0,95.0,90.0,6.0,4.0,65.0,0.0,15.0,15.0,166.0,0.0,0.0,288.0,52.0,98.0,3.0,0.0,3.0,0.0,106.5,0.0,1.2,0.08,1.31,0.04,0.2,1.42,-0.05120749164239376,90,59,2873
ccc,Conference of New England (CCC),2025-26,wvball,Nichols College,Carly Chapman,0,,9,1,0,1.0,1.0,0.0,1.0,0.0,0.0,0.0,0.0,0.0,0.0,0.0,0.0,0.0,0.0,0.0,0.0,0.0,0.0,0.0,0.0,1.0,0.0,1.0,0.0,0.0,0.0,0.0,1.0,-0.0900410605502066,91,59,2917
ccc,Conference of New England (CCC),2025-26,wvball,Suffolk University,"Kuijt, Noëlle",0,,9,1,0,1.0,1.0,0.0,1.0,0.0,0.0,0.0,0.0,0.0,0.0,0.0,0.0,0.0,0.0,0.0,0.0,0.0,0.0,0.0,0.0,1.0,0.0,1.0,0.0,0.0,0.0,0.0,1.0,-0.0900410605502066,92,58,2918
ccc,Conference of New England (CCC),2025-26,wvball,Endicott College,Abby Parulis,0,,19,1,0,-0.222,9.0,3.0,1.0,0.0,0.0,0.0,0.0,0.0,0.0,0.0,0.0,0.0,1.0,0.0,0.0,0.0,0.0,0.0,0.0,1.0,0.0,1.0,0.0,0.0,0.0,0.0,1.0,-0.09154569825282122,93,58,2921
ccc,Conference of New England (CCC),2025-26,wvball,University of New England,Josie Eliot,0,,7,19,1,0.225,40.0,3.0,12.0,1.0,0.0,6.0,0.0,0.0,0.0,0.0,0.0,0.0,0.0,0.0,5.0,11.0,2.0,10.0,1.0,18.0,0.0,0.63,0.05,0.26,0.58,0.0,0.95,-0.11054906220453,94,58,2968
ccc,Conference of New England (CCC),2025-26,wvball,Western New England University,"Stauss, Madison",0,,22,68,7,0.039,51.0,6.0,8.0,254.0,14.0,860.0,0.0,10.0,6.0,164.0,0.0,0.0,3.0,1.0,125.0,5.0,1.0,4.0,1.0,21.0,2.0,0.12,3.74,1.84,0.07,0.15,0.31,-0.20099530467600435,95,58,3033
ccc,Conference of New England (CCC),2025-26,wvball,Endicott College,"Draper, Annie",0,,17,20,3,0.153,72.0,14.0,25.0,1.0,0.0,4.0,0.0,0.0,1.0,2.0,0.0,0.0,0.0,0.0,4.0,2.0,2.0,2.0,0.0,26.0,0.0,1.25,0.05,0.2,0.1,0.0,1.3,-0.22294792257180307,96,57,3113
ccc,Conference of New England (CCC),2025-26,wvball,Curry College,Morgan Muscato,0,,10,4,1,-0.143,7.0,2.0,1.0,0.0,0.0,0.0,0.0,2.0,3.0,9.0,0.0,0.0,11.0,2.0,1.0,0.0,0.0,0.0,0.0,3.0,0.0,0.25,0.0,0.25,0.0,0.5,0.75,-0.25806844024512743,97,57,3140
ccc,Conference of New England (CCC),2025-26,wvball,Wentworth Institute of Technology,"Zweifler, Amanda",0,,19,91,0,0.1,10.0,0.0,1.0,41.0,2.0,181.0,0.0,45.0,37.0,383.0,0.0,0.0,434.0,30.0,374.0,0.0,0.0,0.0,0.0,46.0,1.0,0.01,0.45,4.11,0.0,0.49,0.51,-0.27022132425721535,98,57,3287
ccc,Conference of New England (CCC),2025-26,wvball,University of New England,Syd Fye,0,,14,1,0,0.0,0.0,0.0,0.0,0.0,0.0,0.0,0.0,0.0,0.0,1.0,0.0,0.0,0.0,0.0,0.0,0.0,0.0,0.0,0.0,0.0,0.0,0.0,0.0,0.0,0.0,0.0,0.0,-0.27177517362450637,99,57,3171
ccc,Conference of New England (CCC),2025-26,wvball,Endicott College,Bridget Thompson,0,,24,1,0,-1.0,1.0,1.0,0.0,0.0,0.0,0.0,0.0,0.0,0.0,0.0,0.0,0.0,0.0,0.0,0.0,0.0,1.0,0.0,0.0,0.0,0.0,0.0,0.0,0.0,0.0,0.0,0.0,-0.27227671952537785,100,57,3256
ccc,Conference of New England (CCC),2025-26,wvball,Suffolk University,"Nadeau, Audrey",0,,13,1,0,0.0,0.0,0.0,0.0,0.0,0.0,0.0,0.0,0.0,1.0,0.0,0.0,0.0,0.0,0.0,0.0,0.0,0.0,0.0,0.0,0.0,0.0,0.0,0.0,0.0,0.0,0.0,0.0,-0.2724310752943068,101,56,3263
ccc,Conference of New England (CCC),2025-26,wvball,University of New England,Natalie Battinelli,0,,2,2,1,-0.111,9.0,1.0,0.0,0.0,0.0,0.0,0.0,0.0,0.0,0.0,0.0,0.0,0.0,0.0,1.0,1.0,1.0,1.0,0.0,0.5,0.0,0.0,0.0,0.5,0.5,0.0,0.25,-0.28504753362650365,102,56,3288
ccc,Conference of New England (CCC),2025-26,wvball,University of Hartford,"Legassey, Kalle",0,,3,70,1,0.047,64.0,9.0,12.0,18.0,0.0,174.0,0.0,26.0,21.0,274.0,0.0,0.0,397.0,29.0,294.0,1.0,1.0,1.0,0.0,38.5,0.0,0.17,0.26,4.2,0.01,0.37,0.55,-0.3275418410631787,103,56,3362
ccc,Conference of New England (CCC),2025-26,wvball,Western New England University,"Krulis, Abby",0,,6,5,0,0.087,23.0,3.0,5.0,0.0,1.0,6.0,0.0,0.0,0.0,1.0,0.0,0.0,2.0,0.0,5.0,0.0,0.0,0.0,0.0,5.0,0.0,1.0,0.0,1.0,0.0,0.0,1.0,-0.3423968312681735,104,56,3369
ccc,Conference of New England (CCC),2025-26,wvball,Gordon College,"Pierce, Amanda",0,,15,107,0,-0.083,24.0,3.0,1.0,94.0,6.0,340.0,0.0,49.0,38.0,422.0,0.0,0.0,445.0,37.0,395.0,0.0,0.0,0.0,0.0,50.0,1.0,0.01,0.88,3.69,0.0,0.46,0.47,-0.3446365346595365,105,56,3375
ccc,Conference of New England (CCC),2025-26,wvball,Nichols College,Angelina Steiger,0,,18,11,0,0.1,40.0,10.0,14.0,1.0,1.0,6.0,0.0,0.0,0.0,0.0,0.0,0.0,1.0,1.0,4.0,0.0,0.0,0.0,0.0,14.0,0.0,1.27,0.09,0.36,0.0,0.0,1.27,-0.34564920493756707,106,55,3396
ccc,Conference of New England (CCC),2025-26,wvball,Suffolk University,"Kuijt, Noelle",0,,9,2,0,-0.167,6.0,2.0,1.0,0.0,0.0,0.0,0.0,0.0,0.0,0.0,0.0,0.0,1.0,0.0,0.0,0.0,1.0,0.0,0.0,1.0,0.0,0.5,0.0,0.0,0.0,0.0,0.5,-0.363822417778199,107,55,3394
ccc,Conference of New England (CCC),2025-26,wvball,Wentworth Institute of Technology,"Lutz, Kinsey",0,,10,52,2,0.138,188.0,18.0,44.0,2.0,0.0,24.0,0.0,9.0,6.0,60.0,0.0,0.0,64.0,6.0,39.0,4.0,1.0,3.0,1.0,55.5,0.0,0.85,0.04,0.75,0.08,0.17,1.07,-0.3763755759197942,108,55,3422
ccc,Conference of New England (CCC),2025-26,wvball,Wentworth Institute of Technology,"Stadtherr, Ella",0,,6,6,0,-0.167,30.0,10.0,5.0,0.0,0.0,0.0,0.0,0.0,0.0,0.0,0.0,0.0,11.0,1.0,5.0,1.0,0.0,1.0,0.0,5.5,0.0,0.83,0.0,0.83,0.17,0.0,0.92,-0.39680206004037893,109,55,3449
ccc,Conference of New England (CCC),2025-26,wvball,Western New England University,"Bonin, Morgan",0,,4,84,6,0.008,380.0,75.0,78.0,3.0,3.0,44.0,0.0,19.0,35.0,150.0,0.0,0.0,14.0,0.0,47.0,13.0,3.0,12.0,1.0,104.0,0.0,0.93,0.04,0.56,0.15,0.23,1.24,-0.39934335433869883,110,55,3459
ccc,Conference of New England (CCC),2025-26,wvball,Wentworth Institute of Technology,"Lobrigo, Vanessa",0,,4,3,0,0.667,3.0,0.0,2.0,0.0,0.0,0.0,0.0,0.0,0.0,0.0,0.0,0.0,0.0,0.0,1.0,0.0,0.0,0.0,0.0,2.0,0.0,0.67,0.0,0.33,0.0,0.0,0.67,-0.4272042849149818,111,54,3484
ccc,Conference of New England (CCC),2025-26,wvball,Endicott College,Abby Downs,0,,8,106,0,0.0,11.0,2.0,2.0,67.0,3.0,265.0,0.0,44.0,35.0,440.0,0.0,0.0,583.0,46.0,428.0,0.0,0.0,0.0,0.0,46.0,0.0,0.02,0.63,4.04,0.0,0.42,0.43,-0.44447166107390884,112,54,3522
ccc,Conference of New England (CCC),2025-26,wvball,Roger Williams University,"Smith, Jillian",0,,9,4,1,0.167,12.0,1.0,3.0,1.0,0.0,1.0,0.0,0.0,0.0,1.0,0.0,0.0,1.0,0.0,1.0,0.0,0.0,0.0,0.0,3.0,0.0,0.75,0.25,0.25,0.0,0.0,0.75,-0.48617699559723465,113,54,3561
ccc,Conference of New England (CCC),2025-26,wvball,Roger Williams University,"Kasper, Adele",0,,1,4,0,0.0,3.0,0.0,0.0,0.0,0.0,1.0,0.0,1.0,0.0,3.0,0.0,0.0,0.0,0.0,1.0,1.0,0.0,1.0,0.0,1.5,0.0,0.0,0.0,0.25,0.25,0.25,0.38,-0.507625854595496,114,54,3590
ccc,Conference of New England (CCC),2025-26,wvball,Suffolk University,"Mo, Kathy",0,,6,93,0,0.022,46.0,5.0,6.0,56.0,0.0,187.0,0.0,38.0,43.0,210.0,0.0,0.0,321.0,57.0,359.0,0.0,0.0,0.0,0.0,44.0,0.0,0.06,0.6,3.86,0.0,0.41,0.47,-0.5134628559273595,115,54,3635
ccc,Conference of New England (CCC),2025-26,wvball,Western New England University,"Manes, Brianna",0,,12,15,3,0.0,23.0,6.0,6.0,0.0,0.0,1.0,0.0,0.0,0.0,1.0,0.0,0.0,0.0,0.0,3.0,9.0,1.0,9.0,0.0,10.5,0.0,0.4,0.0,0.2,0.6,0.0,0.7,-0.5561379334513898,116,53,3723
ccc,Conference of New England (CCC),2025-26,wvball,University of Hartford,"O'Brien, Grace",0,,19,46,13,0.19,105.0,14.0,34.0,3.0,0.0,12.0,0.0,0.0,0.0,2.0,0.0,0.0,0.0,0.0,10.0,15.0,4.0,12.0,3.0,43.0,0.0,0.74,0.07,0.22,0.33,0.0,0.93,-0.5639834016902749,117,53,3730
ccc,Conference of New England (CCC),2025-26,wvball,University of Hartford,"Dieterlen, Lucy",0,,1,11,0,0.0,2.0,0.0,0.0,3.0,1.0,36.0,0.0,3.0,6.0,51.0,0.0,0.0,71.0,4.0,58.0,0.0,0.0,0.0,0.0,3.0,0.0,0.0,0.27,5.27,0.0,0.27,0.27,-0.5891696244416637,118,53,3764
ccc,Conference of New England (CCC),2025-26,wvball,Western New England University,"Thomas, Abby",0,,13,53,3,0.104,48.0,3.0,8.0,157.0,15.0,560.0,0.0,7.0,4.0,153.0,0.0,0.0,3.0,0.0,82.0,2.0,1.0,2.0,0.0,16.0,1.0,0.15,2.96,1.55,0.04,0.13,0.3,-0.5948824334659133,119,53,3729
ccc,Conference of New England (CCC),2025-26,wvball,Endicott College,Ava Barnhart,0,,33,33,4,0.04,101.0,26.0,30.0,6.0,0.0,17.0,0.0,1.0,3.0,13.0,0.0,0.0,43.0,4.0,19.0,4.0,4.0,4.0,0.0,33.0,0.0,0.91,0.18,0.58,0.12,0.03,1.0,-0.6387306481126482,120,53,3825
ccc,Conference of New England (CCC),2025-26,wvball,Wentworth Institute of Technology,"Soares, Brenda",0,,14,3,3,0.0,0.0,0.0,0.0,1.0,1.0,3.0,0.0,0.0,0.0,2.0,0.0,0.0,2.0,1.0,3.0,0.0,0.0,0.0,0.0,0.0,0.0,0.0,0.33,1.0,0.0,0.0,0.0,-0.7118119257065904,121,52,3897
ccc,Conference of New England (CCC),2025-26,wvball,Nichols College,"Partridge, Brooke",0,,17,45,2,-0.067,15.0,2.0,1.0,90.0,4.0,294.0,0.0,16.0,15.0,125.0,0.0,0.0,25.0,4.0,42.0,0.0,0.0,0.0,0.0,17.0,0.0,0.02,2.0,0.93,0.0,0.36,0.38,-0.7370729753182732,122,52,3919
ccc,Conference of New England (CCC),2025-26,wvball,Roger Williams University,"Johnson, Samantha",0,,20,22,0,0.0,23.0,3.0,3.0,48.0,8.0,205.0,0.0,5.0,9.0,70.0,0.0,0.0,2.0,1.0,30.0,0.0,0.0,0.0,0.0,8.0,1.0,0.14,2.18,1.36,0.0,0.23,0.36,-0.7461099195523554,123,52,3943
ccc,Conference of New England (CCC),2025-26,wvball,Nichols College,Jhudny Pierre,0,,7,58,11,0.062,259.0,43.0,59.0,1.0,0.0,21.0,0.0,0.0,0.0,4.0,0.0,0.0,26.0,7.0,22.0,6.0,5.0,6.0,0.0,62.0,1.0,1.02,0.02,0.38,0.1,0.0,1.07,-0.7487046429835549,124,52,3982
ccc,Conference of New England (CCC),2025-26,wvball,Suffolk University,"Heaney, Mackenzie",0,,10,74,4,-0.049,81.0,20.0,16.0,66.0,2.0,197.0,0.0,24.0,30.0,185.0,0.0,0.0,107.0,22.0,170.0,0.0,1.0,0.0,0.0,40.0,0.0,0.22,0.89,2.3,0.0,0.32,0.54,-0.758221957924893,125,52,3983
ccc,Conference of New England (CCC),2025-26,wvball,Nichols College,Regan Hendricks,0,,8,3,0,0.0,3.0,0.0,0.0,0.0,0.0,0.0,0.0,0.0,1.0,6.0,0.0,0.0,0.0,0.0,1.0,0.0,0.0,0.0,0.0,0.0,0.0,0.0,0.0,0.33,0.0,0.0,0.0,-0.7944575572037258,126,51,4019
ccc,Conference of New England (CCC),2025-26,wvball,Wentworth Institute of Technology,"Koliopoulos, Kate",0,,15,94,18,0.115,26.0,2.0,5.0,36.0,3.0,174.0,0.0,47.0,53.0,369.0,0.0,0.0,258.0,27.0,187.0,0.0,0.0,0.0,0.0,52.0,0.0,0.05,0.38,1.99,0.0,0.5,0.55,-0.8035233820035073,127,51,4033
ccc,Conference of New England (CCC),2025-26,wvball,Western New England University,"Chagnon, Lauren",0,,14,70,2,-0.118,17.0,4.0,2.0,23.0,3.0,162.0,0.0,34.0,43.0,257.0,0.0,0.0,210.0,30.0,147.0,0.0,0.0,0.0,0.0,36.0,0.0,0.03,0.33,2.1,0.0,0.49,0.51,-0.8176315272503459,128,51,4055
ccc,Conference of New England (CCC),2025-26,wvball,Suffolk University,"Campbell, Aislinn",0,,8,21,6,0.045,66.0,10.0,13.0,1.0,0.0,6.0,0.0,0.0,0.0,0.0,0.0,0.0,0.0,0.0,8.0,6.0,1.0,5.0,1.0,16.5,0.0,0.62,0.05,0.38,0.29,0.0,0.79,-0.8266044417723392,129,51,4070
ccc,Conference of New England (CCC),2025-26,wvball,Western New England University,"Garland, Katie",0,,8,83,19,-0.034,175.0,44.0,38.0,3.0,2.0,47.0,0.0,19.0,30.0,189.0,0.0,0.0,84.0,11.0,108.0,15.0,5.0,15.0,0.0,64.5,2.0,0.46,0.04,1.3,0.18,0.23,0.78,-0.8283752348719098,130,51,4068
ccc,Conference of New England (CCC),2025-26,wvball,Wentworth Institute of Technology,"Szczepaniak, Jagoda",0,,5,14,2,0.031,64.0,11.0,13.0,0.0,0.0,6.0,0.0,0.0,0.0,1.0,0.0,0.0,27.0,3.0,15.0,0.0,0.0,0.0,0.0,13.0,0.0,0.93,0.0,1.07,0.0,0.0,0.93,-0.8359847813586494,131,50,4078
ccc,Conference of New England (CCC),2025-26,wvball,University of New England,Lylah Shumway,0,,17,69,3,0.0,11.0,2.0,2.0,7.0,2.0,37.0,0.0,29.0,21.0,253.0,0.0,0.0,263.0,37.0,136.0,1.0,0.0,1.0,0.0,31.5,0.0,0.03,0.1,1.97,0.01,0.42,0.46,-0.9576697788335574,132,50,4185
ccc,Conference of New England (CCC),2025-26,wvball,Gordon College,"Castano, Vivian",0,,33,19,0,0.333,3.0,0.0,1.0,63.0,1.0,158.0,0.0,2.0,6.0,35.0,0.0,0.0,0.0,0.0,17.0,0.0,0.0,0.0,0.0,3.0,0.0,0.05,3.32,0.89,0.0,0.11,0.16,-0.9603329625012453,133,50,4162
ccc,Conference of New England (CCC),2025-26,wvball,Wentworth Institute of Technology,"DeCastro, Kayla",0,,3,36,2,0.078,64.0,10.0,15.0,1.0,1.0,12.0,0.0,9.0,7.0,83.0,0.0,0.0,37.0,0.0,23.0,2.0,0.0,2.0,0.0,25.0,0.0,0.42,0.03,0.64,0.06,0.25,0.69,-0.9650629718731267,134,50,4193
ccc,Conference of New England (CCC),2025-26,wvball,Roger Williams University,"Hernandez, Marianna",0,,6,97,0,0.059,51.0,4.0,7.0,65.0,4.0,323.0,0.0,20.0,24.0,320.0,0.0,0.0,490.0,36.0,377.0,0.0,0.0,0.0,0.0,27.0,0.0,0.07,0.67,3.89,0.0,0.21,0.28,-0.9705849172758153,135,50,4213
ccc,Conference of New England (CCC),2025-26,wvball,Curry College,Lauryn Gedeon,0,,11,83,28,0.019,161.0,35.0,38.0,5.0,1.0,32.0,0.0,1.0,1.0,11.0,0.0,0.0,6.0,2.0,21.0,32.0,4.0,23.0,9.0,59.5,6.0,0.46,0.06,0.25,0.39,0.01,0.72,-0.9789277578373364,136,50,4218
ccc,Conference of New England (CCC),2025-26,wvball,University of New England,Kenzie Cleary,0,,18,24,1,0.072,69.0,11.0,16.0,1.0,0.0,12.0,0.0,0.0,1.0,1.0,0.0,0.0,0.0,0.0,7.0,5.0,1.0,5.0,0.0,18.5,0.0,0.67,0.04,0.29,0.21,0.0,0.77,-0.9893608836036792,137,49,4240
ccc,Conference of New England (CCC),2025-26,wvball,Curry College,Arianna Moore,0,,12,4,0,-1.0,1.0,1.0,0.0,0.0,0.0,3.0,0.0,0.0,0.0,0.0,0.0,0.0,9.0,1.0,3.0,0.0,0.0,0.0,0.0,0.0,0.0,0.0,0.0,0.75,0.0,0.0,0.0,-1.019907882103952,138,49,4261
ccc,Conference of New England (CCC),2025-26,wvball,Suffolk University,"Byron, Amanda",0,,20,4,0,-0.286,7.0,2.0,0.0,0.0,0.0,0.0,0.0,0.0,2.0,3.0,0.0,0.0,7.0,4.0,3.0,0.0,0.0,0.0,0.0,0.0,0.0,0.0,0.0,0.75,0.0,0.0,0.0,-1.0271612790658422,139,49,4269
ccc,Conference of New England (CCC),2025-26,wvball,Suffolk University,"More, Delaney",0,,15,30,1,-0.313,16.0,6.0,1.0,96.0,8.0,278.0,0.0,2.0,7.0,51.0,0.0,0.0,0.0,0.0,37.0,1.0,1.0,1.0,0.0,3.5,1.0,0.03,3.2,1.23,0.03,0.07,0.12,-1.0480120171993714,140,49,4275
ccc,Conference of New England (CCC),2025-26,wvball,Nichols College,Elizabeth Mullen,0,,15,89,0,-0.173,52.0,14.0,5.0,50.0,6.0,291.0,0.0,25.0,45.0,237.0,0.0,0.0,517.0,62.0,320.0,0.0,0.0,0.0,0.0,30.0,2.0,0.06,0.56,3.6,0.0,0.28,0.34,-1.0590317157881628,141,49,4331
ccc,Conference of New England (CCC),2025-26,wvball,University of Hartford,"Earl, Camille",0,,9,57,1,0.0,122.0,22.0,22.0,3.0,1.0,30.0,0.0,4.0,5.0,53.0,0.0,0.0,81.0,5.0,62.0,14.0,1.0,13.0,1.0,33.5,1.0,0.39,0.05,1.09,0.25,0.07,0.59,-1.0648524795280647,142,48,4333
ccc,Conference of New England (CCC),2025-26,wvball,Curry College,St cyr Emma,0,,4,41,4,0.0,37.0,7.0,7.0,72.0,6.0,299.0,0.0,6.0,5.0,34.0,0.0,0.0,3.0,0.0,29.0,2.0,1.0,2.0,0.0,14.0,2.0,0.17,1.76,0.71,0.05,0.15,0.34,-1.1123713214441793,143,48,4360
ccc,Conference of New England (CCC),2025-26,wvball,Nichols College,Caminea Layman,0,,2,16,1,0.03,33.0,7.0,8.0,2.0,0.0,8.0,0.0,0.0,0.0,5.0,0.0,0.0,0.0,0.0,2.0,4.0,2.0,2.0,2.0,11.0,0.0,0.5,0.13,0.13,0.25,0.0,0.69,-1.1159229654519518,144,48,4395
ccc,Conference of New England (CCC),2025-26,wvball,University of Hartford,"Theobald, Emily",0,,4,41,5,0.122,74.0,7.0,16.0,2.0,0.0,19.0,0.0,1.0,1.0,45.0,0.0,0.0,2.0,0.0,12.0,12.0,1.0,8.0,4.0,25.0,0.0,0.39,0.05,0.29,0.29,0.02,0.61,-1.1645821966777261,145,48,4454
ccc,Conference of New England (CCC),2025-26,wvball,Gordon College,"Kennedy, Alicia",0,,21,9,0,-0.077,13.0,5.0,4.0,0.0,0.0,1.0,0.0,0.0,0.0,3.0,0.0,0.0,1.0,0.0,2.0,2.0,0.0,1.0,1.0,5.5,0.0,0.44,0.0,0.22,0.22,0.0,0.61,-1.1834485684559157,146,48,4473
ccc,Conference of New England (CCC),2025-26,wvball,Western New England University,"Pycz, Sage",0,,3,22,2,0.019,52.0,9.0,10.0,0.0,0.0,8.0,0.0,3.0,7.0,24.0,0.0,0.0,36.0,10.0,21.0,1.0,0.0,1.0,0.0,13.5,0.0,0.45,0.0,0.95,0.05,0.14,0.61,-1.2131486278392967,147,48,4503
ccc,Conference of New England (CCC),2025-26,wvball,University of Hartford,"Hatje, Emilie",0,,13,46,3,-0.143,7.0,1.0,0.0,2.0,0.0,39.0,0.0,15.0,9.0,161.0,0.0,0.0,150.0,14.0,94.0,0.0,0.0,0.0,0.0,15.0,0.0,0.0,0.04,2.04,0.0,0.33,0.33,-1.2477909441399604,148,47,4536
ccc,Conference of New England (CCC),2025-26,wvball,University of Hartford,"Piok, Nyanakuak",0,,8,30,0,0.125,8.0,1.0,2.0,0.0,0.0,7.0,0.0,0.0,0.0,0.0,0.0,0.0,0.0,0.0,6.0,16.0,1.0,14.0,2.0,11.0,0.0,0.07,0.0,0.2,0.53,0.0,0.37,-1.2628407782906128,149,47,4570
ccc,Conference of New England (CCC),2025-26,wvball,University of Hartford,"Churn, Gigi",0,,23,6,0,0.0,0.0,0.0,0.0,0.0,0.0,0.0,0.0,1.0,1.0,12.0,0.0,0.0,0.0,0.0,1.0,0.0,0.0,0.0,0.0,1.0,0.0,0.0,0.0,0.17,0.0,0.17,0.17,-1.2866401449504354,150,47,4579
ccc,Conference of New England (CCC),2025-26,wvball,Nichols College,Gabrielle McKayle,0,,13,89,35,-0.032,158.0,46.0,41.0,3.0,7.0,40.0,0.0,3.0,8.0,43.0,0.0,0.0,2.0,0.0,23.0,23.0,9.0,15.0,8.0,59.5,1.0,0.46,0.03,0.26,0.26,0.03,0.67,-1.336641190479872,151,47,4650
ccc,Conference of New England (CCC),2025-26,wvball,Western New England University,"Durocher, Cassie",0,,20,8,0,0.0,0.0,0.0,0.0,1.0,0.0,2.0,0.0,2.0,2.0,25.0,0.0,0.0,3.0,0.0,2.0,0.0,0.0,0.0,0.0,2.0,0.0,0.0,0.13,0.25,0.0,0.25,0.25,-1.4664004955570173,152,47,4746
ccc,Conference of New England (CCC),2025-26,wvball,Endicott College,Reagan Mitchell,0,,10,105,13,0.2,5.0,1.0,2.0,24.0,0.0,91.0,0.0,32.0,31.0,411.0,0.0,0.0,15.0,0.0,162.0,1.0,0.0,1.0,0.0,34.5,0.0,0.02,0.23,1.54,0.01,0.3,0.33,-1.4722125488963718,153,47,4760
ccc,Conference of New England (CCC),2025-26,wvball,Suffolk University,"Welch, Emma",0,,24,7,0,-0.125,8.0,2.0,1.0,0.0,0.0,0.0,0.0,0.0,3.0,5.0,0.0,0.0,0.0,0.0,1.0,1.0,0.0,1.0,0.0,1.5,0.0,0.14,0.0,0.14,0.14,0.0,0.21,-1.4908065749209756,154,46,4781
ccc,Conference of New England (CCC),2025-26,wvball,Roger Williams University,"Scilbelli, Zoe",0,,11,33,0,0.0,5.0,1.0,1.0,1.0,1.0,7.0,0.0,11.0,11.0,120.0,0.0,0.0,21.0,0.0,20.0,0.0,0.0,0.0,0.0,12.0,0.0,0.03,0.03,0.61,0.0,0.33,0.36,-1.5397034123302673,155,46,4829
ccc,Conference of New England (CCC),2025-26,wvball,Roger Williams University,"Devino, Samantha",0,,5,68,4,0.125,8.0,0.0,1.0,4.0,2.0,38.0,0.0,18.0,25.0,175.0,0.0,0.0,168.0,9.0,121.0,0.0,0.0,0.0,0.0,19.0,0.0,0.01,0.06,1.78,0.0,0.26,0.28,-1.5956696293503319,156,46,4901
ccc,Conference of New England (CCC),2025-26,wvball,Curry College,Carley May,0,,3,75,2,-0.156,77.0,24.0,12.0,3.0,2.0,29.0,0.0,17.0,22.0,111.0,0.0,0.0,189.0,29.0,90.0,1.0,0.0,1.0,0.0,29.5,1.0,0.16,0.04,1.2,0.01,0.23,0.39,-1.6505884578239627,157,46,4955
ccc,Conference of New England (CCC),2025-26,wvball,Wentworth Institute of Technology,"Gregson, Ainsley",0,,8,87,11,0.091,11.0,0.0,1.0,29.0,3.0,111.0,0.0,25.0,40.0,260.0,0.0,0.0,213.0,15.0,99.0,0.0,0.0,0.0,0.0,26.0,0.0,0.01,0.33,1.14,0.0,0.29,0.3,-1.662234066021099,158,46,4966
ccc,Conference of New England (CCC),2025-26,wvball,Curry College,Faith Edgehille,0,,21,75,1,-0.095,42.0,6.0,2.0,23.0,11.0,134.0,0.0,9.0,4.0,102.0,0.0,0.0,408.0,47.0,138.0,0.0,0.0,0.0,0.0,11.0,2.0,0.03,0.31,1.84,0.0,0.12,0.15,-1.8060210615528682,159,45,5098
ccc,Conference of New England (CCC),2025-26,wvball,Western New England University,"Melvin, Laney",0,,19,84,0,0.0,4.0,0.0,0.0,11.0,0.0,37.0,0.0,22.0,16.0,269.0,0.0,0.0,33.0,8.0,39.0,0.0,0.0,0.0,0.0,22.0,0.0,0.0,0.13,0.46,0.0,0.26,0.26,-1.8445818061988528,160,45,5118
ccc,Conference of New England (CCC),2025-26,wvball,Gordon College,"Serna, Mia",0,,4,43,1,0.0,1.0,0.0,0.0,9.0,0.0,27.0,0.0,7.0,5.0,89.0,0.0,0.0,64.0,4.0,58.0,0.0,0.0,0.0,0.0,7.0,0.0,0.0,0.21,1.35,0.0,0.16,0.16,-1.8574707969142783,161,45,5133
ccc,Conference of New England (CCC),2025-26,wvball,Western New England University,"Barbosa, Ariana",0,,10,30,10,0.036,28.0,6.0,7.0,1.0,1.0,10.0,0.0,0.0,0.0,1.0,0.0,0.0,2.0,0.0,5.0,5.0,3.0,4.0,1.0,10.0,0.0,0.23,0.03,0.17,0.17,0.0,0.33,-1.8639618556234647,162,45,5146
ccc,Conference of New England (CCC),2025-26,wvball,Western New England University,"Taylor, Evelyn",0,,21,82,1,-0.057,35.0,8.0,6.0,33.0,4.0,183.0,0.0,3.0,8.0,51.0,0.0,0.0,424.0,49.0,192.0,0.0,0.0,0.0,0.0,9.0,0.0,0.07,0.4,2.34,0.0,0.04,0.11,-1.8775136495522915,163,45,5164
ccc,Conference of New England (CCC),2025-26,wvball,University of Hartford,"Caucci, Gabriela",0,,7,53,0,-0.133,15.0,3.0,1.0,0.0,0.0,7.0,0.0,14.0,16.0,110.0,0.0,0.0,18.0,1.0,18.0,0.0,0.0,0.0,0.0,15.0,0.0,0.02,0.0,0.34,0.0,0.26,0.28,-1.896020533676011,164,45,5171
ccc,Conference of New England (CCC),2025-26,wvball,Curry College,Savannah Milso,0,,9,16,1,-0.108,37.0,10.0,6.0,0.0,2.0,4.0,0.0,0.0,0.0,10.0,0.0,0.0,14.0,6.0,9.0,0.0,0.0,0.0,0.0,6.0,0.0,0.38,0.0,0.56,0.0,0.0,0.38,-1.9481452374544335,165,44,5228
ccc,Conference of New England (CCC),2025-26,wvball,Suffolk University,"Serrano, Vicky",0,,7,64,0,-0.2,20.0,7.0,3.0,9.0,1.0,31.0,0.0,4.0,6.0,64.0,0.0,0.0,134.0,28.0,119.0,1.0,0.0,1.0,0.0,7.5,0.0,0.05,0.14,1.86,0.02,0.06,0.12,-1.9856651083648056,166,44,5252
ccc,Conference of New England (CCC),2025-26,wvball,Curry College,Sonja Matheson,0,,15,78,5,-0.133,15.0,2.0,0.0,22.0,4.0,104.0,0.0,5.0,20.0,91.0,0.0,0.0,125.0,25.0,158.0,0.0,0.0,0.0,0.0,5.0,0.0,0.0,0.28,2.03,0.0,0.06,0.06,-2.1028305581217803,167,44,5349
ccc,Conference of New England (CCC),2025-26,wvball,Endicott College,Susanna Mikkelsen,0,,22,93,4,-0.5,2.0,1.0,0.0,30.0,2.0,85.0,0.0,14.0,21.0,256.0,0.0,0.0,0.0,0.0,51.0,0.0,0.0,0.0,0.0,14.0,2.0,0.0,0.32,0.55,0.0,0.15,0.15,-2.145639596495358,168,44,5380
ccc,Conference of New England (CCC),2025-26,wvball,Endicott College,Emma Gulaskey,0,,11,16,0,0.0,0.0,0.0,0.0,3.0,1.0,12.0,0.0,0.0,4.0,36.0,0.0,0.0,17.0,3.0,36.0,0.0,0.0,0.0,0.0,0.0,0.0,0.0,0.19,2.25,0.0,0.0,0.0,-2.1591390316192247,169,44,5406
ccc,Conference of New England (CCC),2025-26,wvball,Wentworth Institute of Technology,"Gehrig, Sarah",0,,20,9,2,-0.5,2.0,1.0,0.0,2.0,0.0,7.0,0.0,0.0,2.0,13.0,0.0,0.0,29.0,1.0,10.0,0.0,0.0,0.0,0.0,0.0,0.0,0.0,0.22,1.11,0.0,0.0,0.0,-2.1632348507741987,170,44,5404
ccc,Conference of New England (CCC),2025-26,wvball,University of Hartford,"Martir-Perez, Andrea",0,,21,21,0,-0.2,5.0,1.0,0.0,3.0,0.0,17.0,0.0,2.0,6.0,25.0,0.0,0.0,48.0,6.0,16.0,0.0,0.0,0.0,0.0,2.0,0.0,0.0,0.14,0.76,0.0,0.1,0.1,-2.22023397824093,171,43,5437
ccc,Conference of New England (CCC),2025-26,wvball,Suffolk University,"Burns, Chloe",0,,4,23,0,1.0,1.0,0.0,1.0,0.0,0.0,2.0,0.0,3.0,10.0,14.0,0.0,0.0,16.0,7.0,5.0,0.0,0.0,0.0,0.0,4.0,0.0,0.04,0.0,0.22,0.0,0.13,0.17,-2.2464275799215914,172,43,5451
ccc,Conference of New England (CCC),2025-26,wvball,Gordon College,"Burnett, Alexandra",0,,17,87,4,-0.357,14.0,6.0,1.0,8.0,1.0,49.0,0.0,3.0,13.0,38.0,0.0,0.0,37.0,5.0,143.0,0.0,0.0,0.0,0.0,4.0,0.0,0.01,0.09,1.64,0.0,0.03,0.05,-2.300480930328354,173,43,5492
ccc,Conference of New England (CCC),2025-26,wvball,Suffolk University,"ZegarraMendoza, Indi",0,,25,15,0,-1.0,1.0,1.0,0.0,3.0,0.0,0.0,0.0,0.0,0.0,1.0,0.0,0.0,1.0,5.0,23.0,0.0,0.0,0.0,0.0,0.0,0.0,0.0,0.2,1.53,0.0,0.0,0.0,-2.300529893101843,174,43,5491
ccc,Conference of New England (CCC),2025-26,wvball,Suffolk University,"Zegarra Mendoza, Indira",0,,25,21,0,-0.333,3.0,1.0,0.0,6.0,0.0,10.0,0.0,0.0,1.0,13.0,0.0,0.0,47.0,5.0,21.0,0.0,0.0,0.0,0.0,0.0,0.0,0.0,0.29,1.0,0.0,0.0,0.0,-2.3981453792415643,175,43,5540
ccc,Conference of New England (CCC),2025-26,wvball,Suffolk University,"Hamilton, Lillie",0,,1,12,0,0.0,1.0,0.0,0.0,1.0,0.0,6.0,0.0,0.0,1.0,2.0,0.0,0.0,46.0,11.0,12.0,0.0,0.0,0.0,0.0,0.0,0.0,0.0,0.08,1.0,0.0,0.0,0.0,-2.4659184639254508,176,43,5562
ccc,Conference of New England (CCC),2025-26,wvball,Curry College,Sydney DeCarvalho,0,,6,16,0,0.0,0.0,0.0,0.0,1.0,0.0,2.0,0.0,0.0,2.0,24.0,0.0,0.0,20.0,4.0,12.0,0.0,0.0,0.0,0.0,0.0,0.0,0.0,0.06,0.75,0.0,0.0,0.0,-2.5370755528778597,177,43,5581
ccc,Conference of New England (CCC),2025-26,wvball,Curry College,Nadia Dutton,0,,8,16,0,0.0,2.0,0.0,0.0,0.0,1.0,7.0,0.0,0.0,0.0,0.0,0.0,0.0,45.0,3.0,11.0,0.0,0.0,0.0,0.0,0.0,0.0,0.0,0.0,0.69,0.0,0.0,0.0,-2.558594045450676,178,42,5586
ccc,Conference of New England (CCC),2025-26,wvball,Nichols College,Faith Sydoriak,0,,12,30,0,-1.0,2.0,2.0,0.0,0.0,0.0,0.0,0.0,0.0,0.0,0.0,0.0,0.0,25.0,6.0,6.0,0.0,0.0,0.0,0.0,0.0,0.0,0.0,0.0,0.2,0.0,0.0,0.0,-2.6816499902641207,179,42,5605
ccc,Conference of New England (CCC),2025-26,wvball,Endicott College,"Batek, Francesca",0,,4,0,0,,,,,,,,,,,,,,,,,,,,,,,0.0,0.0,0.0,0.0,0.0,0.0,,180,42,5696
ccc,Conference of New England (CCC),2025-26,wvball,Wentworth Institute of Technology,"Cefalu, Gianna",0,,23,0,0,,,,,,,,,,,,,,,,,,,,,,,0.0,0.0,0.0,0.0,0.0,0.0,,181,42,5697
ccc,Conference of New England (CCC),2025-26,wvball,Wentworth Institute of Technology,"Lowder, Becca",0,,11,0,0,,,,,,,,,,,,,,,,,,,,,,,0.0,0.0,0.0,0.0,0.0,0.0,,182,42,5698
ccc,Conference of New England (CCC),2025-26,wvball,Wentworth Institute of Technology,"Duron, Montserrat",0,,25,0,0,,,,,,,,,,,,,,,,,,,,,,,0.0,0.0,0.0,0.0,0.0,0.0,,183,42,5699
ccc,Conference of New England (CCC),2025-26,wvball,Wentworth Institute of Technology,"Homsy, Angelina",0,,22,0,0,,,,,,,,,,,,,,,,,,,,,,,0.0,0.0,0.0,0.0,0.0,0.0,,184,41,5700
ccc,Conference of New England (CCC),2025-26,wvball,Roger Williams University,"Lisboa, Victoria",0,,7,0,0,,,,,,,,,,,,,,,,,,,,,,,0.0,0.0,0.0,0.0,0.0,0.0,,185,41,5701
ccc,Conference of New England (CCC),2025-26,wvball,University of New England,Julia Graham,0,,3,0,0,,,,,,,,,,,,,,,,,,,,,,,0.0,0.0,0.0,0.0,0.0,0.0,,186,41,5702
ccc,Conference of New England (CCC),2025-26,wvball,University of New England,Delainey Durkerley,0,,5,0,0,,,,,,,,,,,,,,,,,,,,,,,0.0,0.0,0.0,0.0,0.0,0.0,,187,41,5703
ccc,Conference of New England (CCC),2025-26,wvball,University of New England,Laura Zahornasky,0,,15,0,0,,,,,,,,,,,,,,,,,,,,,,,0.0,0.0,0.0,0.0,0.0,0.0,,188,41,5704
ccc,Conference of New England (CCC),2025-26,wvball,University of New England,"Dunkerley, Delainey",0,,5,0,0,,,,,,,,,,,,,,,,,,,,,,,0.0,0.0,0.0,0.0,0.0,0.0,,189,41,5705
ccc,Conference of New England (CCC),2025-26,wvball,Western New England University,",",0,,0,0,0,,,,,,,,,,,,,,,,,,,,,,,0.0,0.0,0.0,0.0,0.0,0.0,,190,40,5706
ccc,Conference of New England (CCC),2025-26,wvball,Suffolk University,"Kuijt, NoÃ«lle",0,,9,0,0,,,,,,,,,,,,,,,,,,,,,,,0.0,0.0,0.0,0.0,0.0,0.0,,191,40,5707
ccc,Conference of New England (CCC),2025-26,wvball,University of Hartford,"Karcich, Kaia",0,,6,0,0,,,,,,,,,,,,,,,,,,,,,,,0.0,0.0,0.0,0.0,0.0,0.0,,192,40,5708
ccc,Conference of New England (CCC),2025-26,wvball,Curry College,Brooklyn Buchanan,0,,27,0,0,,,,,,,,,,,,,,,,,,,,,,,0.0,0.0,0.0,0.0,0.0,0.0,,193,40,5709
